"Date";"Days from today";"Cases (reported)";"New daily cases (reported)";"Cases (corrected for underreporting)";"New daily cases (corrected for underreporting)";"Incubation period";"Infectious and unreported";"Undergoing treatment";"Beds for CDC target of 25% cases in ETC";"Beds for CDC target of 45% cases in reduced transmission";"Reporting (treatment) quotient"
"2015-05-08";"168";"136267 (85448, 187087)";"2181 (1192, 3171)";"692273 (427106, 957440)";"10869 (5985, 15752)";"124709 (68750, 180669)";"86735 (47410, 126061)";"17332 (9468, 25196)";"26017 (15991, 36043)";"46830 (28784, 64877)";"40%"
"2015-05-07";"167";"134086 (84256, 183916)";"2151 (1174, 3128)";"681404 (421120, 941688)";"10728 (5896, 15560)";"123097 (67717, 178476)";"85559 (46720, 124399)";"17087 (9334, 24840)";"25662 (15760, 35563)";"46191 (28368, 64014)";"40%"
"2015-05-06";"166";"131935 (83082, 180788)";"2122 (1157, 3087)";"670677 (415225, 926129)";"10587 (5808, 15367)";"121494 (66704, 176285)";"84392 (46043, 122742)";"16845 (9203, 24487)";"25309 (15533, 35085)";"45557 (27960, 63153)";"40%"
"2015-05-05";"165";"129813 (81924, 177701)";"2093 (1141, 3045)";"660089 (409417, 910762)";"10448 (5721, 15175)";"119902 (65710, 174094)";"83235 (45378, 121092)";"16605 (9074, 24135)";"24960 (15310, 34609)";"44928 (27558, 62297)";"40%"
"2015-05-04";"164";"127720 (80784, 174657)";"2064 (1124, 3003)";"649641 (403696, 895586)";"10310 (5636, 14984)";"118321 (64735, 171906)";"82087 (44725, 119448)";"16367 (8947, 23786)";"24613 (15091, 34136)";"44304 (27163, 61445)";"40%"
"2015-05-03";"163";"125656 (79660, 171653)";"2035 (1108, 2962)";"639331 (398059, 880603)";"10173 (5553, 14792)";"116750 (63779, 169721)";"80948 (44085, 117811)";"16131 (8822, 23440)";"24270 (14875, 33665)";"43686 (26774, 60597)";"40%"
"2015-05-02";"162";"123621 (78551, 168691)";"2007 (1092, 2921)";"629158 (392505, 865811)";"10036 (5472, 14601)";"115190 (62840, 167541)";"79819 (43456, 116183)";"15898 (8700, 23095)";"23929 (14662, 33196)";"43073 (26392, 59754)";"40%"
"2015-05-01";"161";"121615 (77459, 165770)";"1978 (1077, 2880)";"619122 (387033, 851210)";" 9901 (5392, 14410)";"113642 (61919, 165365)";"78700 (42839, 114562)";"15667 (8580, 22754)";"23592 (14453, 32731)";"42465 (26015, 58915)";"40%"
"2015-04-30";"160";"119636 (76382, 162890)";"1950 (1062, 2839)";"609221 (381641, 836800)";" 9767 (5313, 14220)";"112105 (61016, 163195)";"77591 (42233, 112950)";"15438 (8462, 22415)";"23257 (14247, 32268)";"41863 (25645, 58082)";"40%"
"2015-04-29";"159";"117686 (75320, 160051)";"1923 (1047, 2799)";"599454 (376328, 822580)";" 9634 (5236, 14031)";"110581 (60129, 161032)";"76493 (41637, 111348)";"15212 (8345, 22078)";"22926 (14045, 31807)";"41267 (25281, 57253)";"40%"
"2015-04-28";"158";"115763 (74274, 157252)";"1895 (1032, 2759)";"589820 (371091, 808549)";" 9501 (5161, 13842)";"109068 (59259, 158876)";"75404 (41053, 109755)";"14988 (8231, 21745)";"22598 (13846, 31350)";"40676 (24922, 56431)";"40%"
"2015-04-27";"157";"113868 (73241, 154494)";"1868 (1018, 2719)";"580319 (365931, 794707)";" 9370 (5086, 13654)";"107567 (58406, 156728)";"74326 (40479, 108172)";"14766 (8119, 21414)";"22273 (13650, 30896)";"40091 (24569, 55613)";"40%"
"2015-04-26";"156";"111999 (72224, 151775)";"1841 (1004, 2679)";"570948 (360844, 781053)";" 9240 (5014, 13467)";"106079 (57568, 154590)";"73258 (39915, 106600)";"14547 (8008, 21086)";"21951 (13457, 30446)";"39512 (24222, 54802)";"40%"
"2015-04-25";"155";"110158 (71220, 149096)";"1815 ( 990, 2640)";"561708 (355830, 767586)";" 9111 (4942, 13281)";"104603 (56745, 152461)";"72200 (39361, 105039)";"14330 (7900, 20761)";"21633 (13267, 29998)";"38939 (23880, 53997)";"40%"
"2015-04-24";"154";"108343 (70230, 146456)";"1788 ( 976, 2601)";"552597 (350888, 754306)";" 8984 (4872, 13095)";"103140 (55938, 150342)";"71153 (38816, 103489)";"14116 (7793, 20439)";"21317 (13080, 29554)";"38371 (23544, 53198)";"40%"
"2015-04-23";"153";"106555 (69254, 143856)";"1762 ( 963, 2562)";"543613 (346015, 741210)";" 8857 (4803, 12911)";"101690 (55146, 148235)";"70116 (38281, 101951)";"13904 (7688, 20120)";"21005 (12896, 29114)";"37809 (23213, 52405)";"40%"
"2015-04-22";"152";"104793 (68292, 141294)";"1736 ( 949, 2523)";"534756 (341212, 728300)";" 8732 (4735, 12728)";"100253 (54368, 146139)";"69090 (37756, 100424)";"13694 (7585, 19804)";"20696 (12715, 28677)";"37253 (22887, 51619)";"40%"
"2015-04-21";"151";"103057 (67342, 138771)";"1711 ( 936, 2485)";"526024 (336476, 715572)";" 8607 (4669, 12545)";" 98829 (53604, 144055)";"68075 (37239,  98910)";"13487 (7483, 19491)";"20390 (12537, 28244)";"36703 (22566, 50839)";"40%"
"2015-04-20";"150";"101346 (66406, 136286)";"1685 ( 924, 2447)";"517417 (331807, 703027)";" 8484 (4604, 12364)";" 97419 (52854, 141984)";"67070 (36731,  97409)";"13282 (7383, 19182)";"20088 (12361, 27815)";"36158 (22250, 50067)";"40%"
"2015-04-19";"149";" 99660 (65482, 133839)";"1660 ( 911, 2410)";"508933 (327203, 690663)";" 8362 (4540, 12184)";" 96022 (52117, 139926)";"66076 (36232,  95920)";"13080 (7284, 18875)";"19789 (12188, 27389)";"35620 (21939, 49301)";"40%"
"2015-04-18";"148";" 98000 (64571, 131429)";"1636 ( 899, 2373)";"500571 (322663, 678479)";" 8241 (4477, 12006)";" 94638 (51393, 137882)";"65093 (35741,  94444)";"12880 (7187, 18572)";"19493 (12018, 26968)";"35087 (21633, 48542)";"40%"
"2015-04-17";"147";" 96364 (63672, 129056)";"1611 ( 887, 2336)";"492329 (318185, 666473)";" 8122 (4415, 11828)";" 93268 (50682, 135853)";"64120 (35258,  92982)";"12682 (7092, 18272)";"19200 (11851, 26550)";"34561 (21331, 47790)";"40%"
"2015-04-16";"146";" 94753 (62786, 126721)";"1587 ( 875, 2299)";"484208 (313770, 654645)";" 8003 (4354, 11652)";" 91911 (49984, 133839)";"63158 (34783,  91534)";"12487 (6998, 17975)";"18911 (11686, 26137)";"34040 (21034, 47046)";"40%"
"2015-04-15";"145";" 93166 (61911, 124422)";"1563 ( 863, 2263)";"476204 (309415, 642993)";" 7886 (4295, 11478)";" 90569 (49297, 131840)";"62207 (34315,  90099)";"12294 (6905, 17682)";"18625 (11523, 25727)";"33525 (20742, 46309)";"40%"
"2015-04-14";"144";" 91603 (61048, 122159)";"1539 ( 851, 2227)";"468318 (305121, 631515)";" 7770 (4236, 11305)";" 89240 (48623, 129856)";"61267 (33856,  88678)";"12103 (6814, 17392)";"18343 (11363, 25322)";"33017 (20454, 45579)";"40%"
"2015-04-13";"143";" 90064 (60197, 119931)";"1516 ( 840, 2192)";"460548 (300884, 620211)";" 7656 (4178, 11133)";" 87925 (47960, 127889)";"60338 (33403,  87272)";"11915 (6724, 17106)";"18063 (11206, 24921)";"32514 (20170, 44857)";"40%"
"2015-04-12";"142";" 88548 (59356, 117740)";"1493 ( 829, 2157)";"452892 (296706, 609079)";" 7542 (4122, 10962)";" 86623 (47308, 125939)";"59419 (32958,  85880)";"11729 (6636, 16822)";"17787 (11050, 24524)";"32017 (19891, 44143)";"40%"
"2015-04-11";"141";" 87055 (58528, 115583)";"1470 ( 818, 2122)";"445350 (292584, 598117)";" 7430 (4066, 10793)";" 85336 (46667, 124005)";"58511 (32520,  84502)";"11545 (6548, 16542)";"17514 (10897, 24131)";"31525 (19615, 43436)";"40%"
"2015-04-10";"140";" 85585 (57710, 113461)";"1447 ( 807, 2088)";"437920 (288517, 587323)";" 7319 (4011, 10626)";" 84063 (46037, 122089)";"57614 (32088,  83140)";"11364 (6463, 16266)";"17245 (10747, 23743)";"31040 (19344, 42737)";"40%"
"2015-04-09";"139";" 84138 (56903, 111373)";"1425 ( 796, 2054)";"430602 (284506, 576698)";" 7209 (3957, 10460)";" 82804 (45417, 120190)";"56728 (31664,  81792)";"11185 (6378, 15993)";"16978 (10598, 23358)";"30561 (19076, 42045)";"40%"
"2015-04-08";"138";" 82713 (56106, 109319)";"1403 ( 786, 2020)";"423393 (280549, 566237)";" 7100 (3904, 10296)";" 81559 (44808, 118310)";"55852 (31245,  80458)";"11009 (6294, 15723)";"16715 (10452, 22979)";"30087 (18813, 41362)";"40%"
"2015-04-07";"137";" 81310 (55320, 107299)";"1381 ( 775, 1987)";"416293 (276644, 555942)";" 6993 (3852, 10134)";" 80328 (44208, 116447)";"54987 (30834,  79140)";"10834 (6212, 15457)";"16455 (10307, 22603)";"29620 (18553, 40686)";"40%"
"2015-04-06";"136";" 79928 (54545, 105312)";"1360 ( 765, 1954)";"409300 (272792, 545808)";" 6887 (3801,  9973)";" 79111 (43618, 114603)";"54133 (30428,  77838)";"10662 (6131, 15194)";"16199 (10165, 22232)";"29158 (18297, 40018)";"40%"
"2015-04-05";"135";" 78569 (53779, 103358)";"1339 ( 755, 1922)";"402413 (268991, 535836)";" 6782 (3750,  9813)";" 77908 (43038, 112778)";"53289 (30028,  76550)";"10493 (6051, 14934)";"15945 (10025, 21866)";"28702 (18045, 39358)";"40%"
"2015-04-04";"134";" 77230 (53024, 101436)";"1318 ( 745, 1890)";"395632 (265241, 526023)";" 6678 (3700,  9656)";" 76719 (42466, 110971)";"52456 (29634,  75277)";"10325 (5972, 14678)";"15695 ( 9887, 21504)";"28251 (17797, 38706)";"40%"
"2015-04-03";"133";" 75912 (52279,  99546)";"1297 ( 736, 1858)";"388954 (261540, 516367)";" 6576 (3651,  9500)";" 75544 (41904, 109184)";"51633 (29246,  74020)";"10160 (5894, 14426)";"15448 ( 9751, 21146)";"27807 (17552, 38062)";"40%"
"2015-04-02";"132";" 74615 (51543,  97688)";"1276 ( 726, 1827)";"382378 (257888, 506868)";" 6474 (3603,  9346)";" 74383 (41350, 107416)";"50821 (28864,  72779)";" 9997 (5817, 14177)";"15205 ( 9617, 20792)";"27368 (17310, 37426)";"40%"
"2015-04-01";"131";" 73339 (50817,  95861)";"1256 ( 717, 1796)";"375904 (254285, 497522)";" 6374 (3556,  9193)";" 73236 (40805, 105667)";"50020 (28487,  71552)";" 9836 (5742, 13931)";"14964 ( 9484, 20444)";"26935 (17072, 36798)";"40%"
"2015-03-31";"130";" 72083 (50100,  94065)";"1236 ( 707, 1766)";"369529 (250729, 488330)";" 6276 (3509,  9042)";" 72103 (40268, 103938)";"49228 (28115,  70341)";" 9678 (5667, 13688)";"14726 ( 9354, 20099)";"26508 (16837, 36178)";"40%"
"2015-03-30";"129";" 70846 (49393,  92299)";"1217 ( 698, 1736)";"363253 (247219, 479288)";" 6178 (3463,  8893)";" 70984 (39739, 102229)";"48447 (27749,  69146)";" 9521 (5593, 13449)";"14492 ( 9225, 19759)";"26086 (16605, 35566)";"40%"
"2015-03-29";"128";" 69629 (48695,  90564)";"1197 ( 689, 1706)";"357075 (243756, 470395)";" 6082 (3418,  8746)";" 69878 (39218, 100539)";"47677 (27388,  67966)";" 9367 (5521, 13213)";"14261 ( 9098, 19424)";"25670 (16377, 34962)";"40%"
"2015-03-28";"127";" 68432 (48006,  88858)";"1178 ( 680, 1677)";"350994 (240338, 461649)";" 5987 (3373,  8600)";" 68787 (38704,  98869)";"46916 (27031,  66802)";" 9215 (5449, 12981)";"14033 ( 8973, 19092)";"25259 (16152, 34366)";"40%"
"2015-03-27";"126";" 67254 (47326,  87181)";"1159 ( 671, 1648)";"345007 (236965, 453049)";" 5893 (3329,  8456)";" 67709 (38199,  97220)";"46166 (26680,  65652)";" 9065 (5378, 12752)";"13808 ( 8850, 18766)";"24854 (15930, 33778)";"40%"
"2015-03-26";"125";" 66094 (46655,  85533)";"1141 ( 662, 1619)";"339115 (233636, 444593)";" 5800 (3285,  8314)";" 66645 (37700,  95590)";"45426 (26333,  64519)";" 8917 (5308, 12526)";"13586 ( 8728, 18443)";"24454 (15710, 33198)";"40%"
"2015-03-25";"124";" 64953 (45993,  83914)";"1122 ( 654, 1591)";"333315 (230350, 436279)";" 5708 (3243,  8174)";" 65595 (37209,  93981)";"44696 (25991,  63400)";" 8771 (5239, 12303)";"13367 ( 8608, 18126)";"24060 (15494, 32626)";"40%"
"2015-03-24";"123";" 63831 (45339,  82323)";"1104 ( 645, 1563)";"327606 (227107, 428105)";" 5618 (3200,  8036)";" 64558 (36724,  92392)";"43976 (25654,  62297)";" 8628 (5171, 12084)";"13151 ( 8490, 17812)";"23671 (15281, 32062)";"40%"
"2015-03-23";"122";" 62727 (44693,  80760)";"1086 ( 637, 1536)";"321988 (223906, 420070)";" 5529 (3159,  7899)";" 63535 (36247,  90823)";"43265 (25321,  61209)";" 8486 (5104, 11868)";"12938 ( 8373, 17503)";"23288 (15071, 31505)";"40%"
"2015-03-22";"121";" 61640 (44056,  79224)";"1069 ( 629, 1509)";"316459 (220747, 412172)";" 5441 (3118,  7764)";" 62525 (35776,  89274)";"42565 (24993,  60137)";" 8346 (5037, 11656)";"12728 ( 8258, 17198)";"22910 (14864, 30956)";"40%"
"2015-03-21";"120";" 60571 (43428,  77715)";"1052 ( 620, 1483)";"311019 (217629, 404408)";" 5354 (3077,  7631)";" 61528 (35312,  87745)";"41874 (24669,  59080)";" 8209 (4972, 11446)";"12521 ( 8144, 16898)";"22537 (14659, 30416)";"40%"
"2015-03-20";"119";" 59520 (42807,  76232)";"1034 ( 612, 1456)";"305665 (214551, 396778)";" 5268 (3037,  7499)";" 60545 (34854,  86237)";"41193 (24349,  58037)";" 8073 (4907, 11240)";"12317 ( 8032, 16601)";"22170 (14457, 29882)";"40%"
"2015-03-19";"118";" 58485 (42195,  74776)";"1018 ( 604, 1431)";"300396 (211513, 389279)";" 5184 (2998,  7370)";" 59575 (34402,  84748)";"40521 (24033,  57010)";" 7940 (4843, 11036)";"12115 ( 7921, 16309)";"21807 (14258, 29357)";"40%"
"2015-03-18";"117";" 57468 (41590,  73346)";"1001 ( 597, 1405)";"295212 (208515, 381910)";" 5100 (2959,  7242)";" 58618 (33957,  83280)";"39859 (23721,  55998)";" 7808 (4780, 10836)";"11917 ( 7812, 16022)";"21450 (14061, 28839)";"40%"
"2015-03-17";"116";" 56467 (40993,  71941)";" 984 ( 589, 1380)";"290112 (205555, 374669)";" 5018 (2921,  7115)";" 57674 (33517,  81832)";"39207 (23413,  55000)";" 7678 (4717, 10639)";"11721 ( 7704, 15738)";"21098 (13867, 28329)";"40%"
"2015-03-16";"115";" 55483 (40404,  70561)";" 968 ( 581, 1355)";"285094 (202634, 367554)";" 4937 (2883,  6991)";" 56743 (33083,  80404)";"38563 (23109,  54018)";" 7551 (4656, 10446)";"11529 ( 7598, 15459)";"20751 (13676, 27827)";"40%"
"2015-03-15";"114";" 54514 (39823,  69205)";" 952 ( 574, 1331)";"280157 (199750, 360563)";" 4857 (2846,  6868)";" 55825 (32655,  78995)";"37929 (22809,  53049)";" 7425 (4595, 10255)";"11339 ( 7493, 15184)";"20409 (13487, 27332)";"40%"
"2015-03-14";"113";" 53562 (39249,  67875)";" 937 ( 566, 1307)";"275299 (196904, 353695)";" 4778 (2809,  6747)";" 54920 (32233,  77607)";"37305 (22513,  52096)";" 7301 (4535, 10067)";"11151 ( 7389, 14913)";"20072 (13301, 26844)";"40%"
"2015-03-13";"112";" 52625 (38683,  66568)";" 921 ( 559, 1283)";"270521 (194095, 346948)";" 4701 (2773,  6628)";" 54027 (31816,  76238)";"36689 (22220,  51157)";" 7179 (4475,  9882)";"10967 ( 7287, 14647)";"19740 (13117, 26364)";"40%"
"2015-03-12";"111";" 51704 (38124,  65284)";" 906 ( 552, 1260)";"265821 (191322, 340320)";" 4624 (2737,  6511)";" 53147 (31404,  74889)";"36082 (21931,  50232)";" 7058 (4416,  9700)";"10785 ( 7186, 14384)";"19413 (12935, 25891)";"40%"
"2015-03-11";"110";" 50798 (37572,  64024)";" 891 ( 544, 1237)";"261197 (188584, 333809)";" 4548 (2701,  6395)";" 52279 (30998,  73560)";"35484 (21646,  49322)";" 6940 (4358,  9521)";"10606 ( 7087, 14125)";"19091 (12756, 25425)";"40%"
"2015-03-10";"109";" 49907 (37028,  62787)";" 876 ( 537, 1215)";"256649 (185883, 327415)";" 4474 (2666,  6281)";" 51423 (30596,  72250)";"34895 (21364,  48426)";" 6823 (4301,  9345)";"10429 ( 6989, 13870)";"18773 (12579, 24967)";"40%"
"2015-03-09";"108";" 49031 (36490,  61572)";" 862 ( 530, 1193)";"252175 (183216, 321134)";" 4400 (2632,  6169)";" 50580 (30200,  70960)";"34314 (21085,  47543)";" 6708 (4244,  9172)";"10256 ( 6892, 13620)";"18460 (12405, 24516)";"40%"
"2015-03-08";"107";" 48170 (35960,  60380)";" 847 ( 523, 1171)";"247775 (180584, 314966)";" 4328 (2598,  6058)";" 49749 (29809,  69688)";"33743 (20810,  46675)";" 6595 (4189,  9002)";"10084 ( 6796, 13373)";"18152 (12233, 24071)";"40%"
"2015-03-07";"106";" 47323 (35436,  59209)";" 833 ( 517, 1149)";"243447 (177985, 308908)";" 4257 (2564,  5949)";" 48929 (29423,  68436)";"33179 (20539,  45820)";" 6484 (4133,  8834)";" 9916 ( 6701, 13130)";"17848 (12063, 23634)";"40%"
"2015-03-06";"105";" 46490 (34920,  58059)";" 819 ( 510, 1128)";"239190 (175421, 302959)";" 4186 (2531,  5842)";" 48122 (29041,  67203)";"32625 (20270,  44979)";" 6374 (4079,  8670)";" 9750 ( 6608, 12891)";"17549 (11895, 23204)";"40%"
"2015-03-05";"104";" 45671 (34410,  56931)";" 805 ( 503, 1107)";"235004 (172890, 297118)";" 4117 (2498,  5736)";" 47326 (28665,  65988)";"32078 (20005,  44151)";" 6266 (4025,  8508)";" 9586 ( 6516, 12656)";"17255 (11729, 22781)";"40%"
"2015-03-04";"103";" 44865 (33907,  55824)";" 792 ( 497, 1087)";"230887 (170391, 291383)";" 4049 (2466,  5632)";" 46543 (28293,  64792)";"31540 (19743,  43337)";" 6160 (3971,  8349)";" 9425 ( 6425, 12425)";"16965 (11566, 22364)";"40%"
"2015-03-03";"102";" 44073 (33410,  54737)";" 778 ( 490, 1067)";"226838 (167925, 285751)";" 3981 (2434,  5529)";" 45770 (27925,  63615)";"31010 (19484,  42536)";" 6055 (3919,  8192)";" 9266 ( 6336, 12197)";"16679 (11404, 21954)";"40%"
"2015-03-02";"101";" 43295 (32920,  53670)";" 765 ( 484, 1047)";"222857 (165491, 280222)";" 3915 (2402,  5428)";" 45009 (27562,  62456)";"30488 (19228,  41748)";" 5952 (3866,  8038)";" 9110 ( 6247, 11973)";"16398 (11245, 21551)";"40%"
"2015-03-01";"100";" 42530 (32436,  52623)";" 752 ( 477, 1028)";"218942 (163089, 274794)";" 3850 (2371,  5329)";" 44259 (27203,  61316)";"29974 (18975,  40973)";" 5851 (3815,  7887)";" 8956 ( 6160, 11753)";"16121 (11088, 21155)";"40%"
"2015-02-28";"99";" 41777 (31959,  51595)";" 740 ( 471, 1009)";"215092 (160718, 269465)";" 3786 (2340,  5232)";" 43521 (26849,  60193)";"29468 (18725,  40211)";" 5751 (3764,  7738)";" 8805 ( 6074, 11536)";"15849 (10932, 20765)";"40%"
"2015-02-27";"98";" 41037 (31488,  50587)";" 727 ( 465,  990)";"211306 (158378, 264234)";" 3722 (2309,  5135)";" 42793 (26499,  59088)";"28970 (18478,  39461)";" 5653 (3714,  7592)";" 8656 ( 5988, 11323)";"15580 (10779, 20381)";"40%"
"2015-02-26";"97";" 40310 (31023,  49597)";" 715 ( 459,  971)";"207584 (156068, 259099)";" 3660 (2279,  5041)";" 42077 (26153,  58001)";"28479 (18234,  38724)";" 5556 (3664,  7448)";" 8509 ( 5904, 11113)";"15316 (10628, 20004)";"40%"
"2015-02-25";"96";" 39595 (30564,  48626)";" 703 ( 453,  953)";"203924 (153789, 254059)";" 3598 (2249,  4948)";" 41371 (25811,  56932)";"27996 (17993,  37999)";" 5461 (3615,  7307)";" 8364 ( 5821, 10907)";"15056 (10478, 19633)";"40%"
"2015-02-24";"95";" 38893 (30112,  47673)";" 691 ( 447,  935)";"200325 (151539, 249111)";" 3538 (2220,  4856)";" 40676 (25473,  55879)";"27521 (17755,  37287)";" 5368 (3567,  7168)";" 8222 ( 5739, 10705)";"14800 (10331, 19269)";"40%"
"2015-02-23";"94";" 38202 (29665,  46738)";" 679 ( 441,  918)";"196787 (149319, 244255)";" 3478 (2191,  4766)";" 39992 (25139,  54844)";"27053 (17519,  36586)";" 5275 (3519,  7032)";" 8082 ( 5659, 10506)";"14548 (10185, 18910)";"40%"
"2015-02-22";"93";" 37523 (29225,  45821)";" 667 ( 435,  900)";"193309 (147128, 239490)";" 3420 (2162,  4678)";" 39318 (24810,  53826)";"26592 (17287,  35898)";" 5185 (3471,  6898)";" 7944 ( 5579, 10310)";"14300 (10042, 18558)";"40%"
"2015-02-21";"92";" 36855 (28790,  44921)";" 656 ( 429,  883)";"189889 (144966, 234812)";" 3362 (2134,  4590)";" 38654 (24484,  52825)";"26139 (17057,  35221)";" 5096 (3424,  6767)";" 7809 ( 5500, 10117)";"14055 ( 9900, 18211)";"40%"
"2015-02-20";"91";" 36199 (28361,  44037)";" 645 ( 423,  867)";"186527 (142832, 230222)";" 3305 (2105,  4505)";" 38001 (24162,  51840)";"25693 (16829,  34556)";" 5008 (3378,  6638)";" 7675 ( 5422,  9928)";"13815 ( 9760, 17870)";"40%"
"2015-02-19";"90";" 35554 (27937,  43171)";" 634 ( 418,  850)";"183222 (140726, 225718)";" 3249 (2078,  4421)";" 37358 (23843,  50872)";"25253 (16605,  33902)";" 4922 (3332,  6511)";" 7544 ( 5345,  9742)";"13579 ( 9622, 17536)";"40%"
"2015-02-18";"89";" 34920 (27520,  42321)";" 623 ( 412,  834)";"179973 (138648, 221298)";" 3194 (2050,  4338)";" 36724 (23529,  49920)";"24821 (16383,  33259)";" 4837 (3287,  6386)";" 7414 ( 5270,  9559)";"13346 ( 9485, 17207)";"40%"
"2015-02-17";"88";" 34297 (27108,  41487)";" 612 ( 406,  818)";"176779 (136598, 216960)";" 3140 (2023,  4256)";" 36101 (23218,  48984)";"24396 (16163,  32628)";" 4753 (3243,  6263)";" 7287 ( 5195,  9380)";"13117 ( 9351, 16883)";"40%"
"2015-02-16";"87";" 33685 (26701,  40669)";" 602 ( 401,  803)";"173639 (134574, 212704)";" 3086 (1996,  4176)";" 35487 (22911,  48063)";"23977 (15947,  32008)";" 4671 (3199,  6143)";" 7162 ( 5121,  9203)";"12892 ( 9218, 16566)";"40%"
"2015-02-15";"86";" 33083 (26300,  39866)";" 591 ( 396,  787)";"170553 (132577, 208528)";" 3034 (1970,  4098)";" 34883 (22607,  47159)";"23565 (15732,  31398)";" 4590 (3155,  6025)";" 7039 ( 5048,  9030)";"12670 ( 9086, 16253)";"40%"
"2015-02-14";"85";" 32492 (25904,  39079)";" 581 ( 390,  772)";"167519 (130607, 204431)";" 2982 (1944,  4020)";" 34288 (22307,  46270)";"23160 (15520,  30800)";" 4510 (3112,  5909)";" 6918 ( 4976,  8859)";"12452 ( 8957, 15947)";"40%"
"2015-02-13";"84";" 31910 (25514,  38307)";" 571 ( 385,  758)";"164537 (128663, 200411)";" 2931 (1918,  3944)";" 33703 (22010,  45396)";"22761 (15311,  30212)";" 4432 (3069,  5795)";" 6798 ( 4905,  8692)";"12237 ( 8829, 15645)";"40%"
"2015-02-12";"83";" 31339 (25129,  37549)";" 561 ( 380,  743)";"161606 (126745, 196467)";" 2881 (1892,  3870)";" 33127 (21717,  44537)";"22369 (15104,  29634)";" 4355 (3027,  5683)";" 6681 ( 4835,  8527)";"12026 ( 8703, 15349)";"40%"
"2015-02-11";"82";" 30778 (24749,  36806)";" 552 ( 375,  729)";"158725 (124852, 192598)";" 2832 (1867,  3796)";" 32560 (21427,  43693)";"21983 (14900,  29066)";" 4280 (2986,  5574)";" 6566 ( 4766,  8366)";"11818 ( 8578, 15058)";"40%"
"2015-02-10";"81";" 30226 (24374,  36078)";" 542 ( 370,  715)";"155893 (122985, 188802)";" 2783 (1842,  3724)";" 32002 (21141,  42863)";"21603 (14698,  28509)";" 4205 (2945,  5466)";" 6452 ( 4697,  8207)";"11614 ( 8455, 14773)";"40%"
"2015-02-09";"80";" 29684 (24005,  35363)";" 533 ( 365,  701)";"153110 (121143, 185078)";" 2735 (1817,  3653)";" 31453 (20858,  42049)";"21230 (14498,  27962)";" 4132 (2904,  5360)";" 6340 ( 4630,  8051)";"11413 ( 8334, 14492)";"40%"
"2015-02-08";"79";" 29151 (23640,  34662)";" 524 ( 360,  688)";"150375 (119325, 181425)";" 2688 (1793,  3584)";" 30913 (20578,  41248)";"20862 (14301,  27424)";" 4060 (2864,  5256)";" 6231 ( 4563,  7898)";"11215 ( 8214, 14216)";"40%"
"2015-02-07";"78";" 28627 (23280,  33974)";" 515 ( 355,  674)";"147687 (117532, 177842)";" 2642 (1769,  3515)";" 30382 (20302,  40461)";"20501 (14106,  26896)";" 3989 (2824,  5154)";" 6123 ( 4498,  7748)";"11021 ( 8096, 13946)";"40%"
"2015-02-06";"77";" 28113 (22926,  33300)";" 506 ( 350,  661)";"145045 (115762, 174327)";" 2597 (1745,  3448)";" 29859 (20029,  39689)";"20146 (13914,  26378)";" 3920 (2785,  5054)";" 6016 ( 4433,  7600)";"10829 ( 7979, 13680)";"40%"
"2015-02-05";"76";" 27607 (22576,  32639)";" 497 ( 345,  649)";"142448 (114017, 170879)";" 2552 (1721,  3382)";" 29344 (19759,  38930)";"19796 (13723,  25869)";" 3851 (2746,  4956)";" 5912 ( 4369,  7455)";"10641 ( 7864, 13419)";"40%"
"2015-02-04";"75";" 27110 (22231,  31990)";" 488 ( 340,  636)";"139896 (112295, 167497)";" 2508 (1698,  3317)";" 28838 (19492,  38184)";"19452 (13535,  25369)";" 3784 (2708,  4859)";" 5809 ( 4305,  7312)";"10456 ( 7750, 13162)";"40%"
"2015-02-03";"74";" 26622 (21890,  31354)";" 480 ( 336,  624)";"137389 (110597, 164180)";" 2464 (1675,  3254)";" 28340 (19228,  37452)";"19114 (13349,  24878)";" 3718 (2671,  4765)";" 5708 ( 4243,  7173)";"10274 ( 7638, 12911)";"40%"
"2015-02-02";"73";" 26142 (21554,  30731)";" 471 ( 331,  612)";"134924 (108921, 160927)";" 2422 (1652,  3191)";" 27850 (18968,  36733)";"18781 (13166,  24396)";" 3653 (2633,  4672)";" 5608 ( 4182,  7035)";"10095 ( 7527, 12663)";"40%"
"2015-02-01";"72";" 25671 (21223,  30119)";" 463 ( 326,  600)";"132502 (107268, 157736)";" 2380 (1630,  3130)";" 27368 (18710,  36026)";"18454 (12984,  23923)";" 3589 (2596,  4581)";" 5511 ( 4121,  6900)";" 9919 ( 7418, 12421)";"40%"
"2015-01-31";"71";" 25208 (20897,  29519)";" 455 ( 322,  588)";"130122 (105638, 154607)";" 2339 (1608,  3069)";" 26894 (18455,  35333)";"18132 (12805,  23459)";" 3526 (2560,  4491)";" 5414 ( 4061,  6768)";" 9746 ( 7310, 12182)";"40%"
"2015-01-30";"70";" 24753 (20575,  28931)";" 447 ( 317,  577)";"127784 (104030, 151538)";" 2298 (1586,  3010)";" 26428 (18204,  34652)";"17816 (12628,  23004)";" 3464 (2524,  4403)";" 5320 ( 4002,  6638)";" 9576 ( 7203, 11948)";"40%"
"2015-01-29";"69";" 24306 (20257,  28355)";" 439 ( 313,  565)";"125486 (102443, 148528)";" 2258 (1564,  2952)";" 25969 (17955,  33983)";"17504 (12453,  22556)";" 3403 (2489,  4317)";" 5227 ( 3943,  6510)";" 9408 ( 7098, 11719)";"40%"
"2015-01-28";"68";" 23867 (19944,  27789)";" 432 ( 309,  554)";"123228 (100879, 145576)";" 2219 (1543,  2895)";" 25518 (17710,  33326)";"17199 (12280,  22117)";" 3343 (2454,  4233)";" 5135 ( 3886,  6385)";" 9244 ( 6994, 11493)";"40%"
"2015-01-27";"67";" 23435 (19635,  27235)";" 424 ( 304,  544)";"121009 ( 99336, 142682)";" 2180 (1522,  2839)";" 25074 (17467,  32682)";"16898 (12109,  21686)";" 3284 (2419,  4150)";" 5046 ( 3829,  6262)";" 9082 ( 6892, 11272)";"40%"
"2015-01-26";"66";" 23011 (19331,  26691)";" 417 ( 300,  533)";"118828 ( 97814, 139843)";" 2142 (1501,  2784)";" 24638 (17227,  32049)";"16602 (11940,  21264)";" 3227 (2385,  4068)";" 4957 ( 3773,  6141)";" 8923 ( 6791, 11054)";"40%"
"2015-01-25";"65";" 22594 (19031,  26158)";" 409 ( 296,  523)";"116686 ( 96313, 137059)";" 2105 (1480,  2730)";" 24209 (16990,  31428)";"16311 (11773,  20849)";" 3170 (2351,  3988)";" 4870 ( 3717,  6023)";" 8766 ( 6691, 10841)";"40%"
"2015-01-24";"64";" 22185 (18734,  25636)";" 402 ( 292,  512)";"114581 ( 94832, 134330)";" 2068 (1460,  2677)";" 23787 (16756,  30818)";"16025 (11609,  20441)";" 3114 (2318,  3910)";" 4785 ( 3663,  5907)";" 8613 ( 6593, 10632)";"40%"
"2015-01-23";"63";" 21783 (18443,  25123)";" 395 ( 288,  502)";"112513 ( 93372, 131653)";" 2032 (1439,  2625)";" 23372 (16524,  30219)";"15744 (11446,  20042)";" 3059 (2285,  3833)";" 4701 ( 3609,  5792)";" 8461 ( 6496, 10426)";"40%"
"2015-01-22";"62";" 21388 (18155,  24621)";" 388 ( 284,  493)";"110481 ( 91933, 129028)";" 1997 (1420,  2574)";" 22964 (16296,  29631)";"15467 (11285,  19650)";" 3005 (2252,  3758)";" 4618 ( 3556,  5680)";" 8313 ( 6400, 10225)";"40%"
"2015-01-21";"61";" 21000 (17871,  24128)";" 381 ( 280,  483)";"108484 ( 90513, 126455)";" 1962 (1400,  2524)";" 22562 (16070,  29055)";"15196 (11127,  19265)";" 2952 (2220,  3684)";" 4537 ( 3503,  5571)";" 8166 ( 6306, 10027)";"40%"
"2015-01-20";"60";" 20618 (17591,  23645)";" 375 ( 276,  473)";"106522 ( 89113, 123932)";" 1927 (1380,  2475)";" 22168 (15847,  28489)";"14929 (10970,  18887)";" 2900 (2188,  3611)";" 4457 ( 3452,  5463)";" 8023 ( 6213,  9833)";"40%"
"2015-01-19";"59";" 20244 (17315,  23172)";" 368 ( 272,  464)";"104595 ( 87732, 121457)";" 1894 (1361,  2426)";" 21780 (15626,  27933)";"14666 (10815,  18517)";" 2849 (2157,  3540)";" 4379 ( 3400,  5357)";" 7882 ( 6121,  9642)";"40%"
"2015-01-18";"58";" 19876 (17043,  22708)";" 362 ( 268,  455)";"102701 ( 86370, 119031)";" 1861 (1342,  2379)";" 21398 (15408,  27388)";"14408 (10662,  18153)";" 2798 (2126,  3470)";" 4301 ( 3350,  5253)";" 7743 ( 6030,  9455)";"40%"
"2015-01-17";"57";" 19514 (16775,  22253)";" 355 ( 264,  446)";"100840 ( 85028, 116653)";" 1828 (1323,  2332)";" 21023 (15193,  26853)";"14154 (10511,  17797)";" 2749 (2096,  3402)";" 4226 ( 3300,  5151)";" 7606 ( 5941,  9272)";"40%"
"2015-01-16";"56";" 19159 (16511,  21807)";" 349 ( 260,  437)";" 99013 ( 83704, 114321)";" 1796 (1305,  2287)";" 20654 (14980,  26328)";"13904 (10362,  17447)";" 2700 (2065,  3335)";" 4151 ( 3251,  5051)";" 7472 ( 5852,  9092)";"40%"
"2015-01-15";"55";" 18810 (16250,  21370)";" 343 ( 257,  429)";" 97217 ( 82399, 112034)";" 1764 (1287,  2242)";" 20291 (14770,  25813)";"13659 (10214,  17104)";" 2652 (2036,  3269)";" 4078 ( 3203,  4953)";" 7340 ( 5765,  8915)";"40%"
"2015-01-14";"54";" 18467 (15994,  20941)";" 337 ( 253,  420)";" 95452 ( 81112, 109793)";" 1733 (1268,  2198)";" 19935 (14563,  25307)";"13418 (10069,  16767)";" 2605 (2006,  3204)";" 4006 ( 3155,  4856)";" 7210 ( 5679,  8742)";"40%"
"2015-01-13";"53";" 18131 (15740,  20521)";" 331 ( 249,  412)";" 93719 ( 79843, 107595)";" 1703 (1251,  2155)";" 19584 (14358,  24811)";"13181 ( 9925,  16437)";" 2559 (1977,  3141)";" 3935 ( 3108,  4762)";" 7083 ( 5595,  8571)";"40%"
"2015-01-12";"52";" 17800 (15491,  20109)";" 325 ( 246,  404)";" 92016 ( 78592, 105440)";" 1673 (1233,  2113)";" 19240 (14156,  24324)";"12948 ( 9783,  16113)";" 2514 (1949,  3079)";" 3865 ( 3062,  4669)";" 6958 ( 5511,  8405)";"40%"
"2015-01-11";"51";" 17475 (15245,  19705)";" 319 ( 242,  396)";" 90344 ( 77359, 103328)";" 1643 (1215,  2071)";" 18901 (13956,  23847)";"12719 ( 9643,  15795)";" 2469 (1920,  3018)";" 3797 ( 3016,  4578)";" 6835 ( 5429,  8241)";"40%"
"2015-01-10";"50";" 17156 (15002,  19309)";" 314 ( 239,  388)";" 88700 ( 76143, 101257)";" 1614 (1198,  2031)";" 18568 (13758,  23378)";"12494 ( 9505,  15484)";" 2425 (1892,  2958)";" 3730 ( 2971,  4489)";" 6714 ( 5347,  8080)";"40%"
"2015-01-09";"49";" 16842 (14763,  18921)";" 308 ( 235,  380)";" 87086 ( 74945,  99227)";" 1586 (1181,  1991)";" 18241 (13563,  22919)";"12273 ( 9368,  15178)";" 2382 (1865,  2900)";" 3664 ( 2926,  4401)";" 6595 ( 5267,  7923)";"40%"
"2015-01-08";"48";" 16534 (14528,  18541)";" 303 ( 232,  373)";" 85500 ( 73763,  97237)";" 1558 (1164,  1951)";" 17919 (13371,  22468)";"12056 ( 9233,  14878)";" 2340 (1838,  2842)";" 3599 ( 2882,  4316)";" 6478 ( 5188,  7768)";"40%"
"2015-01-07";"47";" 16232 (14296,  18168)";" 297 ( 229,  366)";" 83942 ( 72598,  95286)";" 1530 (1148,  1913)";" 17603 (13180,  22026)";"11842 ( 9100,  14584)";" 2298 (1811,  2786)";" 3535 ( 2839,  4231)";" 6363 ( 5110,  7616)";"40%"
"2015-01-06";"46";" 15935 (14067,  17802)";" 292 ( 225,  358)";" 82411 ( 71450,  93373)";" 1503 (1132,  1875)";" 17292 (12992,  21592)";"11632 ( 8969,  14296)";" 2257 (1784,  2730)";" 3472 ( 2796,  4149)";" 6250 ( 5033,  7468)";"40%"
"2015-01-05";"45";" 15643 (13841,  17444)";" 287 ( 222,  351)";" 80908 ( 70318,  91498)";" 1477 (1115,  1838)";" 16987 (12807,  21166)";"11426 ( 8839,  14013)";" 2217 (1758,  2676)";" 3411 ( 2754,  4068)";" 6139 ( 4957,  7322)";"40%"
"2015-01-04";"44";" 15356 (13619,  17093)";" 282 ( 219,  344)";" 79431 ( 69202,  89660)";" 1451 (1099,  1802)";" 16686 (12624,  20749)";"11223 ( 8711,  13736)";" 2178 (1732,  2623)";" 3350 ( 2712,  3988)";" 6030 ( 4882,  7179)";"40%"
"2015-01-03";"43";" 15074 (13400,  16749)";" 277 ( 216,  337)";" 77980 ( 68102,  87859)";" 1425 (1084,  1766)";" 16391 (12443,  20340)";"11024 ( 8584,  13463)";" 2139 (1707,  2571)";" 3291 ( 2671,  3910)";" 5923 ( 4808,  7038)";"40%"
"2015-01-02";"42";" 14798 (13184,  16411)";" 272 ( 213,  331)";" 76555 ( 67018,  86092)";" 1400 (1068,  1732)";" 16101 (12264,  19938)";"10828 ( 8460,  13197)";" 2101 (1682,  2520)";" 3232 ( 2631,  3834)";" 5818 ( 4736,  6900)";"40%"
"2015-01-01";"41";" 14526 (12971,  16081)";" 267 ( 210,  324)";" 75156 ( 65950,  84361)";" 1375 (1053,  1697)";" 15816 (12088,  19544)";"10636 ( 8336,  12935)";" 2063 (1657,  2470)";" 3175 ( 2591,  3759)";" 5715 ( 4664,  6765)";"40%"
"2014-12-31";"40";" 14259 (12762,  15757)";" 262 ( 206,  318)";" 73780 ( 64897,  82664)";" 1351 (1038,  1664)";" 15536 (11914,  19158)";"10447 ( 8215,  12679)";" 2027 (1632,  2421)";" 3118 ( 2552,  3685)";" 5613 ( 4593,  6633)";"40%"
"2014-12-30";"39";" 13997 (12555,  15439)";" 257 ( 203,  311)";" 72430 ( 63859,  81001)";" 1327 (1023,  1631)";" 15260 (11742,  18779)";"10261 ( 8095,  12427)";" 1990 (1608,  2373)";" 3063 ( 2513,  3613)";" 5513 ( 4523,  6503)";"40%"
"2014-12-29";"38";" 13740 (12352,  15127)";" 253 ( 200,  305)";" 71103 ( 62836,  79370)";" 1303 (1008,  1599)";" 14990 (11572,  18407)";"10078 ( 7976,  12180)";" 1955 (1585,  2325)";" 3008 ( 2475,  3542)";" 5415 ( 4454,  6376)";"40%"
"2014-12-28";"37";" 13487 (12151,  14822)";" 248 ( 198,  299)";" 69800 ( 61828,  77772)";" 1280 ( 993,  1567)";" 14724 (11405,  18043)";" 9899 ( 7859,  11939)";" 1920 (1561,  2279)";" 2955 ( 2437,  3473)";" 5319 ( 4387,  6251)";"40%"
"2014-12-27";"36";" 13238 (11954,  14523)";" 244 ( 195,  293)";" 68520 ( 60834,  76205)";" 1257 ( 979,  1536)";" 14462 (11239,  17686)";" 9723 ( 7744,  11701)";" 1886 (1538,  2234)";" 2902 ( 2400,  3404)";" 5224 ( 4320,  6128)";"40%"
"2014-12-26";"35";" 12994 (11759,  14230)";" 240 ( 192,  287)";" 67262 ( 59855,  74670)";" 1235 ( 965,  1506)";" 14206 (11076,  17335)";" 9549 ( 7630,  11469)";" 1852 (1515,  2189)";" 2850 ( 2363,  3338)";" 5131 ( 4254,  6008)";"40%"
"2014-12-25";"34";" 12755 (11567,  13943)";" 235 ( 189,  282)";" 66027 ( 58890,  73165)";" 1213 ( 950,  1476)";" 13953 (10915,  16991)";" 9379 ( 7518,  11241)";" 1819 (1492,  2146)";" 2800 ( 2327,  3272)";" 5039 ( 4189,  5890)";"40%"
"2014-12-24";"33";" 12519 (11378,  13661)";" 231 ( 186,  276)";" 64814 ( 57939,  71690)";" 1191 ( 937,  1446)";" 13705 (10756,  16654)";" 9212 ( 7407,  11017)";" 1787 (1470,  2103)";" 2750 ( 2291,  3208)";" 4949 ( 4125,  5774)";"40%"
"2014-12-23";"32";" 12288 (11192,  13385)";" 227 ( 183,  271)";" 63623 ( 57002,  70244)";" 1170 ( 923,  1418)";" 13461 (10599,  16324)";" 9048 ( 7297,  10798)";" 1755 (1448,  2061)";" 2701 ( 2256,  3145)";" 4861 ( 4061,  5661)";"40%"
"2014-12-22";"31";" 12061 (11008,  13114)";" 223 ( 181,  265)";" 62453 ( 56079,  68827)";" 1149 ( 909,  1390)";" 13222 (10444,  16000)";" 8886 ( 7189,  10583)";" 1723 (1426,  2020)";" 2652 ( 2222,  3083)";" 4774 ( 3999,  5550)";"40%"
"2014-12-21";"30";" 11838 (10827,  12849)";" 219 ( 178,  260)";" 61303 ( 55169,  67437)";" 1129 ( 896,  1362)";" 12987 (10291,  15682)";" 8728 ( 7083,  10373)";" 1692 (1405,  1980)";" 2605 ( 2188,  3023)";" 4689 ( 3938,  5441)";"40%"
"2014-12-20";"29";" 11619 (10649,  12589)";" 215 ( 175,  255)";" 60174 ( 54272,  66076)";" 1109 ( 883,  1335)";" 12755 (10140,  15371)";" 8572 ( 6978,  10166)";" 1662 (1384,  1940)";" 2559 ( 2154,  2963)";" 4605 ( 3877,  5334)";"40%"
"2014-12-19";"28";" 11404 (10474,  12335)";" 211 ( 173,  250)";" 59065 ( 53389,  64742)";" 1089 ( 870,  1308)";" 12528 ( 9991,  15065)";" 8419 ( 6874,   9964)";" 1632 (1363,  1902)";" 2513 ( 2121,  2905)";" 4523 ( 3817,  5229)";"40%"
"2014-12-18";"27";" 11193 (10301,  12085)";" 207 ( 170,  245)";" 57976 ( 52518,  63434)";" 1070 ( 857,  1282)";" 12305 ( 9844,  14766)";" 8268 ( 6772,   9765)";" 1603 (1343,  1864)";" 2468 ( 2088,  2848)";" 4442 ( 3758,  5126)";"40%"
"2014-12-17";"26";" 10986 (10131,  11840)";" 204 ( 168,  240)";" 56906 ( 51661,  62152)";" 1051 ( 844,  1257)";" 12086 ( 9699,  14472)";" 8121 ( 6671,   9571)";" 1574 (1322,  1826)";" 2424 ( 2056,  2792)";" 4363 ( 3700,  5025)";"40%"
"2014-12-16";"25";" 10782 ( 9963,  11601)";" 200 ( 165,  235)";" 55856 ( 50816,  60896)";" 1032 ( 832,  1232)";" 11870 ( 9556,  14184)";" 7975 ( 6571,   9380)";" 1546 (1302,  1790)";" 2380 ( 2024,  2737)";" 4285 ( 3643,  4926)";"40%"
"2014-12-15";"24";" 10582 ( 9798,  11366)";" 197 ( 163,  230)";" 54824 ( 49983,  59664)";" 1013 ( 820,  1207)";" 11658 ( 9414,  13902)";" 7833 ( 6473,   9193)";" 1518 (1283,  1754)";" 2338 ( 1993,  2683)";" 4208 ( 3587,  4829)";"40%"
"2014-12-14";"23";" 10385 ( 9635,  11135)";" 193 ( 160,  226)";" 53810 ( 49163,  58458)";"  995 ( 808,  1183)";" 11450 ( 9275,  13625)";" 7693 ( 6376,   9010)";" 1491 (1263,  1719)";" 2296 ( 1962,  2630)";" 4133 ( 3531,  4734)";"40%"
"2014-12-13";"22";" 10192 ( 9475,  10910)";" 190 ( 158,  221)";" 52815 ( 48355,  57275)";"  978 ( 796,  1160)";" 11246 ( 9137,  13354)";" 7555 ( 6280,   8830)";" 1465 (1244,  1685)";" 2255 ( 1931,  2578)";" 4059 ( 3477,  4641)";"40%"
"2014-12-12";"21";" 10003 ( 9317,  10689)";" 186 ( 155,  217)";" 51837 ( 47559,  56116)";"  960 ( 784,  1137)";" 11045 ( 9002,  13088)";" 7420 ( 6186,   8654)";" 1438 (1225,  1651)";" 2215 ( 1901,  2528)";" 3986 ( 3423,  4550)";"40%"
"2014-12-11";"20";"  9816 ( 9161,  10472)";" 183 ( 153,  213)";" 50877 ( 46775,  54980)";"  943 ( 772,  1114)";" 10848 ( 8868,  12827)";" 7287 ( 6093,   8481)";" 1412 (1207,  1618)";" 2175 ( 1872,  2478)";" 3915 ( 3369,  4460)";"40%"
"2014-12-10";"19";"  9634 ( 9008,  10259)";" 180 ( 151,  208)";" 49934 ( 46002,  53866)";"  926 ( 761,  1092)";" 10654 ( 8736,  12572)";" 7156 ( 6001,   8312)";" 1387 (1188,  1586)";" 2136 ( 1843,  2429)";" 3845 ( 3317,  4372)";"40%"
"2014-12-09";"18";"  9454 ( 8857,  10051)";" 176 ( 149,  204)";" 49008 ( 45241,  52775)";"  910 ( 749,  1070)";" 10463 ( 8605,  12321)";" 7028 ( 5911,   8146)";" 1362 (1170,  1554)";" 2098 ( 1814,  2381)";" 3776 ( 3265,  4286)";"40%"
"2014-12-08";"17";"  9278 ( 8708,   9847)";" 173 ( 146,  200)";" 48098 ( 44491,  51706)";"  893 ( 738,  1049)";" 10276 ( 8477,  12075)";" 6902 ( 5821,   7983)";" 1338 (1152,  1523)";" 2060 ( 1786,  2334)";" 3708 ( 3215,  4202)";"40%"
"2014-12-07";"16";"  9105 ( 8562,   9647)";" 170 ( 144,  196)";" 47205 ( 43752,  50658)";"  877 ( 727,  1028)";" 10092 ( 8350,  11835)";" 6779 ( 5733,   7824)";" 1314 (1135,  1493)";" 2023 ( 1758,  2288)";" 3642 ( 3164,  4119)";"40%"
"2014-12-06";"15";"  8934 ( 8417,   9451)";" 167 ( 142,  192)";" 46328 ( 43025,  49631)";"  862 ( 716,  1007)";"  9912 ( 8225,  11598)";" 6657 ( 5647,   7668)";" 1290 (1118,  1463)";" 1987 ( 1731,  2243)";" 3576 ( 3115,  4038)";"40%"
"2014-12-05";"14";"  8767 ( 8275,   9259)";" 164 ( 140,  188)";" 45466 ( 42308,  48624)";"  846 ( 705,   987)";"  9734 ( 8102,  11367)";" 6538 ( 5561,   7514)";" 1267 (1100,  1434)";" 1951 ( 1703,  2199)";" 3512 ( 3066,  3958)";"40%"
"2014-12-04";"13";"  8603 ( 8135,   9071)";" 161 ( 138,  185)";" 44620 ( 41602,  47638)";"  831 ( 695,   967)";"  9560 ( 7980,  11140)";" 6420 ( 5477,   7364)";" 1244 (1084,  1405)";" 1916 ( 1677,  2156)";" 3449 ( 3018,  3880)";"40%"
"2014-12-03";"12";"  8442 ( 7998,   8887)";" 158 ( 136,  181)";" 43789 ( 40906,  46671)";"  816 ( 684,   948)";"  9389 ( 7860,  10918)";" 6305 ( 5393,   7217)";" 1222 (1067,  1377)";" 1882 ( 1651,  2113)";" 3387 ( 2971,  3803)";"40%"
"2014-12-02";"11";"  8284 ( 7862,   8706)";" 155 ( 133,  177)";" 42973 ( 40221,  45724)";"  802 ( 674,   929)";"  9221 ( 7741,  10700)";" 6192 ( 5311,   7073)";" 1200 (1051,  1349)";" 1848 ( 1625,  2071)";" 3326 ( 2924,  3728)";"40%"
"2014-12-01";"10";"  8129 ( 7728,   8529)";" 153 ( 131,  174)";" 42171 ( 39547,  44795)";"  787 ( 664,   911)";"  9055 ( 7625,  10486)";" 6081 ( 5230,   6932)";" 1178 (1034,  1322)";" 1815 ( 1599,  2031)";" 3267 ( 2878,  3655)";"40%"
"2014-11-30";"9";"  7976 ( 7597,   8356)";" 150 ( 129,  170)";" 41384 ( 38882,  43886)";"  773 ( 654,   892)";"  8893 ( 7509,  10277)";" 5972 ( 5151,   6793)";" 1157 (1018,  1296)";" 1782 ( 1574,  1990)";" 3208 ( 2833,  3583)";"40%"
"2014-11-29";"8";"  7826 ( 7467,   8186)";" 147 ( 127,  167)";" 40611 ( 38227,  42994)";"  759 ( 644,   875)";"  8734 ( 7396,  10071)";" 5865 ( 5072,   6657)";" 1136 (1003,  1270)";" 1750 ( 1549,  1951)";" 3150 ( 2789,  3512)";"40%"
"2014-11-28";"7";"  7679 ( 7339,   8019)";" 144 ( 125,  164)";" 39852 ( 37583,  42120)";"  746 ( 634,   857)";"  8577 ( 7284,   9870)";" 5759 ( 4994,   6524)";" 1116 ( 987,  1245)";" 1719 ( 1525,  1913)";" 3094 ( 2745,  3443)";"40%"
"2014-11-27";"6";"  7535 ( 7213,   7856)";" 142 ( 124,  160)";" 39106 ( 36948,  41264)";"  732 ( 624,   840)";"  8423 ( 7173,   9673)";" 5656 ( 4918,   6394)";" 1096 ( 972,  1220)";" 1688 ( 1501,  1875)";" 3038 ( 2701,  3375)";"40%"
"2014-11-26";"5";"  7393 ( 7090,   7696)";" 139 ( 122,  157)";" 38374 ( 36322,  40425)";"  719 ( 615,   823)";"  8272 ( 7064,   9480)";" 5554 ( 4842,   6266)";" 1076 ( 957,  1195)";" 1658 ( 1477,  1838)";" 2984 ( 2659,  3308)";"40%"
"2014-11-25";"4";"  7253 ( 6968,   7539)";" 137 ( 120,  154)";" 37655 ( 35706,  39603)";"  706 ( 606,   807)";"  8124 ( 6957,   9290)";" 5454 ( 4768,   6141)";" 1057 ( 942,  1171)";" 1628 ( 1454,  1802)";" 2930 ( 2617,  3243)";"40%"
"2014-11-24";"3";"  7117 ( 6848,   7386)";" 134 ( 118,  151)";" 36948 ( 35100,  38797)";"  694 ( 596,   791)";"  7978 ( 6851,   9105)";" 5356 ( 4695,   6018)";" 1038 ( 928,  1148)";" 1598 ( 1431,  1766)";" 2877 ( 2576,  3179)";"40%"
"2014-11-23";"2";"  6982 ( 6729,   7235)";" 132 ( 116,  148)";" 36255 ( 34502,  38008)";"  681 ( 587,   775)";"  7835 ( 6747,   8923)";" 5260 ( 4622,   5897)";" 1019 ( 913,  1125)";" 1570 ( 1408,  1731)";" 2826 ( 2535,  3116)";"40%"
"2014-11-22";"1";"  6850 ( 6613,   7088)";" 130 ( 114,  145)";" 35574 ( 33914,  37234)";"  669 ( 578,   759)";"  7694 ( 6644,   8744)";" 5165 ( 4551,   5779)";" 1001 ( 899,  1102)";" 1542 ( 1386,  1697)";" 2775 ( 2495,  3055)";"40%"
"2014-11-21";"0";"  6721 ( 6498,   6943)";" 127 ( 113,  142)";" 34905 ( 33334,  36476)";"  657 ( 569,   744)";"  7556 ( 6542,   8569)";" 5072 ( 4481,   5664)";"  983 ( 885,  1080)";" 1514 ( 1364,  1664)";" 2725 ( 2455,  2995)";"40%"
"2014-11-20";"-1";"  6593 ( 6385,   6802)";" 125 ( 111,  139)";" 34248 ( 32764,  35733)";"  645 ( 561,   729)";"  7420 ( 6442,   8398)";" 4981 ( 4412,   5551)";"  965 ( 871,  1059)";" 1487 ( 1342,  1631)";" 2676 ( 2416,  2935)";"40%"
"2014-11-19";"-2";"  6468 ( 6274,   6663)";" 123 ( 109,  136)";" 33603 ( 32201,  35005)";"  633 ( 552,   715)";"  7287 ( 6343,   8230)";" 4892 ( 4344,   5439)";"  948 ( 858,  1038)";" 1460 ( 1321,  1599)";" 2628 ( 2378,  2877)";"40%"
"2014-11-18";"-3";"  6346 ( 6164,   6528)";" 121 ( 107,  134)";" 32970 ( 31648,  34292)";"  622 ( 544,   700)";"  7156 ( 6246,   8065)";" 4804 ( 4276,   5331)";"  931 ( 844,  1017)";" 1434 ( 1300,  1567)";" 2580 ( 2340,  2821)";"40%"
"2014-11-17";"-4";"  6225 ( 6056,   6395)";" 118 ( 106,  131)";" 32348 ( 31103,  33593)";"  611 ( 535,   686)";"  7027 ( 6150,   7904)";" 4717 ( 4210,   5224)";"  914 ( 831,   997)";" 1408 ( 1279,  1536)";" 2534 ( 2303,  2765)";"40%"
"2014-11-16";"-5";"  6107 ( 5949,   6264)";" 116 ( 104,  128)";" 31737 ( 30566,  32908)";"  600 ( 527,   673)";"  6901 ( 6055,   7746)";" 4632 ( 4145,   5120)";"  897 ( 818,   977)";" 1382 ( 1259,  1506)";" 2488 ( 2266,  2710)";"40%"
"2014-11-15";"-6";"  5991 ( 5845,   6137)";" 114 ( 103,  126)";" 31137 ( 30037,  32237)";"  589 ( 519,   659)";"  6777 ( 5962,   7591)";" 4549 ( 4080,   5017)";"  881 ( 805,   957)";" 1357 ( 1239,  1476)";" 2443 ( 2230,  2657)";"40%"
"2014-11-14";"-7";"  5877 ( 5741,   6012)";" 112 ( 101,  123)";" 30548 ( 29516,  31580)";"  579 ( 511,   646)";"  6655 ( 5870,   7439)";" 4467 ( 4017,   4917)";"  865 ( 793,   938)";" 1333 ( 1219,  1447)";" 2399 ( 2194,  2605)";"40%"
"2014-11-13";"-8";"  5764 ( 5639,   5889)";" 110 (  99,  121)";" 29969 ( 29003,  30936)";"  568 ( 503,   633)";"  6535 ( 5780,   7290)";" 4386 ( 3954,   4818)";"  850 ( 780,   919)";" 1309 ( 1200,  1418)";" 2356 ( 2159,  2553)";"40%"
"2014-11-12";"-9";"  5654 ( 5539,   5770)";" 108 (  98,  118)";" 29401 ( 28498,  30305)";"  558 ( 495,   620)";"  6417 ( 5690,   7144)";" 4307 ( 3893,   4722)";"  834 ( 768,   901)";" 1285 ( 1180,  1390)";" 2314 ( 2125,  2503)";"40%"
"2014-11-11";"-10";"  5546 ( 5440,   5652)";" 106 (  96,  116)";" 28844 ( 28000,  29687)";"  548 ( 488,   608)";"  6302 ( 5602,   7002)";" 4230 ( 3832,   4627)";"  819 ( 756,   883)";" 1262 ( 1162,  1363)";" 2272 ( 2091,  2453)";"40%"
"2014-11-10";"-11";"  5440 ( 5343,   5538)";" 104 (  95,  114)";" 28296 ( 27510,  29082)";"  538 ( 480,   596)";"  6188 ( 5516,   6861)";" 4154 ( 3772,   4535)";"  805 ( 744,   865)";" 1240 ( 1143,  1336)";" 2231 ( 2057,  2405)";"40%"
"2014-11-09";"-12";"  5336 ( 5247,   5425)";" 102 (  93,  111)";" 27758 ( 27027,  28489)";"  528 ( 473,   584)";"  6077 ( 5430,   6724)";" 4079 ( 3713,   4444)";"  790 ( 732,   848)";" 1217 ( 1125,  1310)";" 2191 ( 2024,  2357)";"40%"
"2014-11-08";"-13";"  5234 ( 5152,   5316)";" 100 (  92,  109)";" 27230 ( 26551,  27908)";"  519 ( 465,   572)";"  5968 ( 5346,   6590)";" 4005 ( 3655,   4355)";"  776 ( 721,   831)";" 1195 ( 1107,  1284)";" 2151 ( 1992,  2311)";"40%"
"2014-11-07";"-14";"  5133 ( 5058,   5208)";"  99 (  90,  107)";" 26711 ( 26082,  27339)";"  509 ( 458,   561)";"  5860 ( 5263,   6458)";" 3933 ( 3598,   4268)";"  762 ( 709,   814)";" 1174 ( 1089,  1259)";" 2113 ( 1960,  2265)";"40%"
"2014-11-06";"-15";"  5034 ( 4965,   5104)";"  97 (  89,  105)";" 26201 ( 25620,  26782)";"  500 ( 451,   550)";"  5755 ( 5181,   6329)";" 3862 ( 3541,   4183)";"  748 ( 698,   798)";" 1153 ( 1071,  1234)";" 2075 ( 1929,  2221)";"40%"
"2014-11-05";"-16";"  4938 ( 4874,   5001)";"  95 (  88,  103)";" 25701 ( 25165,  26237)";"  491 ( 444,   539)";"  5651 ( 5100,   6202)";" 3793 ( 3486,   4099)";"  735 ( 687,   782)";" 1132 ( 1054,  1209)";" 2037 ( 1898,  2177)";"40%"
"2014-11-04";"-17";"  4842 ( 4783,   4901)";"  93 (  86,  101)";" 25210 ( 24716,  25703)";"  482 ( 437,   528)";"  5549 ( 5021,   6078)";" 3724 ( 3431,   4017)";"  721 ( 676,   766)";" 1111 ( 1037,  1185)";" 2000 ( 1867,  2134)";"40%"
"2014-11-03";"-18";"  4749 ( 4694,   4804)";"  92 (  85,   99)";" 24728 ( 24274,  25181)";"  474 ( 430,   517)";"  5449 ( 4942,   5956)";" 3657 ( 3377,   3937)";"  708 ( 665,   751)";" 1091 ( 1021,  1162)";" 1964 ( 1837,  2092)";"40%"
"2014-11-02";"-19";"  4657 ( 4605,   4709)";"  90 (  83,   97)";" 24254 ( 23838,  24670)";"  465 ( 423,   507)";"  5351 ( 4865,   5837)";" 3591 ( 3324,   3858)";"  695 ( 655,   736)";" 1072 ( 1004,  1139)";" 1929 ( 1807,  2051)";"40%"
"2014-11-01";"-20";"  4567 ( 4517,   4617)";"  88 (  82,   95)";" 23789 ( 23407,  24170)";"  457 ( 417,   497)";"  5255 ( 4789,   5720)";" 3526 ( 3271,   3781)";"  683 ( 644,   721)";" 1052 (  988,  1117)";" 1894 ( 1778,  2010)";"40%"
"2014-10-31";"-21";"  4479 ( 4430,   4527)";"  87 (  81,   93)";" 23332 ( 22982,  23682)";"  449 ( 410,   487)";"  5160 ( 4714,   5606)";" 3463 ( 3220,   3705)";"  671 ( 634,   707)";" 1033 (  972,  1095)";" 1860 ( 1749,  1970)";"40%"
"2014-10-30";"-22";"  4392 ( 4344,   4440)";"  85 (  80,   91)";" 22883 ( 22562,  23204)";"  440 ( 404,   477)";"  5067 ( 4640,   5494)";" 3400 ( 3169,   3631)";"  658 ( 624,   693)";" 1015 (  956,  1073)";" 1826 ( 1721,  1932)";"40%"
"2014-10-29";"-23";"  4307 ( 4259,   4354)";"  84 (  78,   89)";" 22443 ( 22148,  22738)";"  433 ( 397,   468)";"  4976 ( 4567,   5384)";" 3339 ( 3119,   3559)";"  647 ( 614,   679)";"  996 (  941,  1052)";" 1793 ( 1693,  1894)";"40%"
"2014-10-28";"-24";"  4223 ( 4174,   4271)";"  82 (  77,   87)";" 22010 ( 21737,  22283)";"  425 ( 391,   458)";"  4886 ( 4495,   5276)";" 3279 ( 3069,   3488)";"  635 ( 604,   666)";"  978 (  926,  1031)";" 1761 ( 1666,  1856)";"40%"
"2014-10-27";"-25";"  4141 ( 4091,   4190)";"  81 (  76,   86)";" 21586 ( 21332,  21840)";"  417 ( 385,   449)";"  4798 ( 4425,   5171)";" 3219 ( 3021,   3418)";"  623 ( 595,   652)";"  961 (  911,  1011)";" 1729 ( 1639,  1820)";"40%"
"2014-10-26";"-26";"  4060 ( 4009,   4111)";"  79 (  75,   84)";" 21169 ( 20930,  21408)";"  410 ( 379,   440)";"  4711 ( 4355,   5067)";" 3161 ( 2973,   3350)";"  612 ( 585,   639)";"  943 (  896,   991)";" 1698 ( 1612,  1784)";"40%"
"2014-10-25";"-27";"  3980 ( 3928,   4033)";"  78 (  73,   82)";" 20759 ( 20531,  20987)";"  402 ( 373,   431)";"  4626 ( 4286,   4966)";" 3104 ( 2926,   3283)";"  601 ( 576,   627)";"  926 (  881,   971)";" 1667 ( 1586,  1749)";"40%"
"2014-10-24";"-28";"  3903 ( 3848,   3957)";"  76 (  72,   81)";" 20357 ( 20137,  20578)";"  395 ( 367,   423)";"  4543 ( 4219,   4867)";" 3048 ( 2879,   3217)";"  590 ( 566,   614)";"  910 (  867,   952)";" 1637 ( 1560,  1714)";"40%"
"2014-10-23";"-29";"  3826 ( 3769,   3883)";"  75 (  71,   79)";" 19962 ( 19746,  20179)";"  388 ( 361,   414)";"  4461 ( 4152,   4769)";" 2993 ( 2833,   3153)";"  580 ( 557,   602)";"  893 (  853,   934)";" 1608 ( 1535,  1680)";"40%"
"2014-10-22";"-30";"  3751 ( 3692,   3810)";"  74 (  70,   77)";" 19574 ( 19358,  19791)";"  381 ( 356,   406)";"  4380 ( 4087,   4674)";" 2939 ( 2788,   3090)";"  569 ( 548,   590)";"  877 (  839,   915)";" 1579 ( 1510,  1647)";"40%"
"2014-10-21";"-31";"  3677 ( 3616,   3738)";"  72 (  69,   76)";" 19194 ( 18975,  19412)";"  374 ( 350,   398)";"  4301 ( 4022,   4581)";" 2886 ( 2744,   3029)";"  559 ( 540,   578)";"  861 (  825,   897)";" 1550 ( 1486,  1615)";"40%"
"2014-10-20";"-32";"  3605 ( 3542,   3668)";"  71 (  68,   74)";" 18820 ( 18597,  19043)";"  367 ( 344,   390)";"  4224 ( 3958,   4489)";" 2834 ( 2700,   2968)";"  549 ( 531,   567)";"  846 (  812,   880)";" 1522 ( 1461,  1583)";"40%"
"2014-10-19";"-33";"  3534 ( 3468,   3599)";"  70 (  67,   73)";" 18453 ( 18223,  18682)";"  361 ( 339,   382)";"  4147 ( 3895,   4400)";" 2783 ( 2657,   2909)";"  539 ( 522,   556)";"  830 (  799,   862)";" 1495 ( 1437,  1552)";"40%"
"2014-10-18";"-34";"  3464 ( 3397,   3531)";"  69 (  66,   71)";" 18092 ( 17855,  18329)";"  354 ( 334,   374)";"  4073 ( 3834,   4312)";" 2733 ( 2614,   2851)";"  529 ( 514,   545)";"  815 (  786,   845)";" 1468 ( 1414,  1522)";"40%"
"2014-10-17";"-35";"  3395 ( 3326,   3465)";"  67 (  65,   70)";" 17738 ( 17492,  17984)";"  348 ( 328,   367)";"  3999 ( 3773,   4226)";" 2683 ( 2572,   2794)";"  520 ( 505,   534)";"  801 (  773,   829)";" 1441 ( 1391,  1492)";"40%"
"2014-10-16";"-36";"  3328 ( 3257,   3399)";"  66 (  64,   69)";" 17390 ( 17135,  17646)";"  341 ( 323,   360)";"  3927 ( 3713,   4141)";" 2635 ( 2531,   2739)";"  510 ( 497,   523)";"  786 (  760,   812)";" 1415 ( 1368,  1462)";"40%"
"2014-10-15";"-37";"  3262 ( 3189,   3335)";"  65 (  63,   67)";" 17049 ( 16784,  17314)";"  335 ( 318,   352)";"  3856 ( 3653,   4059)";" 2587 ( 2490,   2684)";"  501 ( 489,   513)";"  772 (  748,   797)";" 1390 ( 1346,  1434)";"40%"
"2014-10-14";"-38";"  3197 ( 3123,   3271)";"  64 (  62,   66)";" 16714 ( 16439,  16989)";"  329 ( 313,   345)";"  3786 ( 3595,   3978)";" 2540 ( 2450,   2631)";"  492 ( 481,   503)";"  758 (  735,   781)";" 1365 ( 1323,  1406)";"40%"
"2014-10-13";"-39";"  3133 ( 3057,   3209)";"  63 (  61,   65)";" 16385 ( 16100,  16670)";"  323 ( 308,   339)";"  3718 ( 3538,   3898)";" 2495 ( 2410,   2579)";"  483 ( 473,   493)";"  744 (  723,   766)";" 1340 ( 1302,  1378)";"40%"
"2014-10-12";"-40";"  3071 ( 2993,   3148)";"  61 (  60,   63)";" 16062 ( 15767,  16356)";"  317 ( 303,   332)";"  3651 ( 3481,   3821)";" 2449 ( 2371,   2528)";"  474 ( 465,   483)";"  731 (  711,   751)";" 1316 ( 1280,  1351)";"40%"
"2014-10-11";"-41";"  3009 ( 2931,   3088)";"  60 (  59,   62)";" 15744 ( 15440,  16048)";"  312 ( 298,   325)";"  3585 ( 3425,   3745)";" 2405 ( 2333,   2478)";"  466 ( 457,   474)";"  718 (  700,   736)";" 1292 ( 1259,  1325)";"40%"
"2014-10-10";"-42";"  2949 ( 2869,   3029)";"  59 (  58,   61)";" 15433 ( 15120,  15746)";"  306 ( 293,   319)";"  3520 ( 3370,   3670)";" 2362 ( 2295,   2429)";"  457 ( 450,   465)";"  705 (  688,   722)";" 1269 ( 1238,  1299)";"40%"
"2014-10-09";"-43";"  2890 ( 2809,   2970)";"  58 (  57,   60)";" 15127 ( 14805,  15448)";"  300 ( 289,   312)";"  3457 ( 3316,   3597)";" 2319 ( 2257,   2381)";"  449 ( 442,   456)";"  692 (  677,   708)";" 1246 ( 1218,  1274)";"40%"
"2014-10-08";"-44";"  2831 ( 2750,   2913)";"  57 (  56,   59)";" 14826 ( 14496,  15156)";"  295 ( 284,   306)";"  3394 ( 3263,   3525)";" 2277 ( 2221,   2334)";"  441 ( 434,   447)";"  680 (  665,   694)";" 1223 ( 1197,  1249)";"40%"
"2014-10-07";"-45";"  2774 ( 2692,   2857)";"  56 (  55,   57)";" 14531 ( 14194,  14869)";"  290 ( 279,   300)";"  3333 ( 3210,   3455)";" 2236 ( 2184,   2288)";"  433 ( 427,   439)";"  667 (  654,   680)";" 1201 ( 1178,  1225)";"40%"
"2014-10-06";"-46";"  2718 ( 2635,   2802)";"  55 (  54,   56)";" 14241 ( 13897,  14586)";"  284 ( 275,   294)";"  3273 ( 3159,   3387)";" 2196 ( 2148,   2243)";"  425 ( 419,   431)";"  655 (  643,   667)";" 1179 ( 1158,  1201)";"40%"
"2014-10-05";"-47";"  2663 ( 2579,   2747)";"  54 (  53,   55)";" 13957 ( 13606,  14308)";"  279 ( 270,   288)";"  3214 ( 3108,   3319)";" 2156 ( 2113,   2199)";"  417 ( 412,   423)";"  643 (  632,   654)";" 1158 ( 1138,  1178)";"40%"
"2014-10-04";"-48";"  2609 ( 2525,   2694)";"  53 (  52,   54)";" 13678 ( 13320,  14035)";"  274 ( 266,   283)";"  3155 ( 3057,   3254)";" 2117 ( 2077,   2157)";"  410 ( 404,   416)";"  632 (  622,   642)";" 1137 ( 1119,  1155)";"40%"
"2014-10-03";"-49";"  2556 ( 2471,   2641)";"  52 (  51,   53)";" 13403 ( 13040,  13766)";"  269 ( 262,   277)";"  3098 ( 3008,   3189)";" 2079 ( 2043,   2115)";"  402 ( 397,   408)";"  620 (  611,   629)";" 1117 ( 1100,  1133)";"40%"
"2014-10-02";"-50";"  2504 ( 2419,   2589)";"  51 (  50,   52)";" 13134 ( 12766,  13502)";"  264 ( 257,   272)";"  3042 ( 2959,   3126)";" 2041 ( 2008,   2074)";"  395 ( 389,   401)";"  609 (  601,   618)";" 1096 ( 1081,  1112)";"40%"
"2014-10-01";"-51";"  2453 ( 2367,   2538)";"  50 (  50,   51)";" 12870 ( 12497,  13242)";"  260 ( 253,   266)";"  2987 ( 2910,   3065)";" 2004 ( 1974,   2035)";"  388 ( 382,   394)";"  598 (  590,   606)";" 1077 ( 1062,  1091)";"40%"
"2014-09-30";"-52";"  2402 ( 2317,   2488)";"  49 (  49,   50)";" 12610 ( 12233,  12987)";"  255 ( 249,   261)";"  2934 ( 2863,   3004)";" 1968 ( 1939,   1997)";"  381 ( 375,   387)";"  587 (  580,   595)";" 1057 ( 1044,  1070)";"40%"
"2014-09-29";"-53";"  2353 ( 2267,   2439)";"  48 (  48,   49)";" 12355 ( 11975,  12735)";"  250 ( 245,   256)";"  2880 ( 2816,   2945)";" 1932 ( 1905,   1959)";"  374 ( 367,   381)";"  577 (  570,   584)";" 1038 ( 1025,  1050)";"40%"
"2014-09-28";"-54";"  2304 ( 2219,   2390)";"  48 (  47,   48)";" 12104 ( 11721,  12488)";"  246 ( 241,   251)";"  2828 ( 2769,   2888)";" 1898 ( 1872,   1923)";"  367 ( 360,   374)";"  566 (  560,   573)";" 1019 ( 1007,  1031)";"40%"
"2014-09-27";"-55";"  2257 ( 2171,   2342)";"  47 (  46,   47)";" 11859 ( 11473,  12245)";"  241 ( 237,   246)";"  2777 ( 2723,   2831)";" 1863 ( 1838,   1889)";"  361 ( 353,   368)";"  556 (  549,   563)";" 1001 (  989,  1013)";"40%"
"2014-09-26";"-56";"  2210 ( 2125,   2295)";"  46 (  45,   47)";" 11617 ( 11229,  12005)";"  237 ( 233,   241)";"  2727 ( 2678,   2777)";" 1830 ( 1804,   1855)";"  354 ( 346,   362)";"  546 (  539,   553)";"  983 (  971,   995)";"40%"
"2014-09-25";"-57";"  2164 ( 2079,   2249)";"  45 (  44,   46)";" 11380 ( 10990,  11770)";"  233 ( 229,   237)";"  2678 ( 2633,   2723)";" 1796 ( 1770,   1822)";"  348 ( 340,   356)";"  536 (  529,   543)";"  965 (  953,   977)";"40%"
"2014-09-24";"-58";"  2119 ( 2035,   2204)";"  44 (  44,   45)";" 11147 ( 10756,  11538)";"  229 ( 225,   232)";"  2629 ( 2588,   2671)";" 1764 ( 1737,   1791)";"  342 ( 333,   350)";"  526 (  519,   533)";"  947 (  935,   960)";"40%"
"2014-09-23";"-59";"  2075 ( 1991,   2159)";"  43 (  43,   44)";" 10919 ( 10527,  11311)";"  224 ( 221,   228)";"  2582 ( 2543,   2620)";" 1732 ( 1704,   1760)";"  335 ( 326,   344)";"  517 (  510,   524)";"  930 (  917,   944)";"40%"
"2014-09-22";"-60";"  2031 ( 1948,   2115)";"  43 (  42,   43)";" 10694 ( 10302,  11087)";"  220 ( 217,   223)";"  2535 ( 2499,   2571)";" 1701 ( 1671,   1730)";"  329 ( 320,   339)";"  508 (  500,   515)";"  914 (  900,   927)";"40%"
"2014-09-21";"-61";"  1989 ( 1906,   2072)";"  42 (  41,   43)";" 10474 ( 10082,  10866)";"  216 ( 213,   219)";"  2489 ( 2455,   2524)";" 1670 ( 1639,   1701)";"  323 ( 314,   333)";"  498 (  490,   506)";"  897 (  882,   911)";"40%"
"2014-09-20";"-62";"  1947 ( 1865,   2029)";"  41 (  40,   42)";" 10258 (  9866,  10650)";"  212 ( 210,   215)";"  2444 ( 2411,   2478)";" 1640 ( 1607,   1672)";"  317 ( 307,   327)";"  489 (  481,   498)";"  881 (  866,   896)";"40%"
"2014-09-19";"-63";"  1906 ( 1824,   1987)";"  40 (  40,   41)";" 10045 (  9654,  10436)";"  209 ( 206,   212)";"  2400 ( 2367,   2433)";" 1610 ( 1576,   1644)";"  312 ( 301,   322)";"  480 (  472,   489)";"  865 (  849,   881)";"40%"
"2014-09-18";"-64";"  1865 ( 1784,   1946)";"  40 (  39,   41)";"  9837 (  9446,  10227)";"  205 ( 202,   208)";"  2357 ( 2323,   2390)";" 1581 ( 1545,   1617)";"  306 ( 295,   317)";"  472 (  462,   481)";"  849 (  832,   866)";"40%"
"2014-09-17";"-65";"  1826 ( 1746,   1906)";"  39 (  38,   40)";"  9632 (  9243,  10020)";"  201 ( 198,   204)";"  2314 ( 2280,   2348)";" 1552 ( 1515,   1590)";"  301 ( 290,   311)";"  463 (  453,   473)";"  834 (  816,   851)";"40%"
"2014-09-16";"-66";"  1787 ( 1708,   1866)";"  38 (  37,   39)";"  9431 (  9044,   9817)";"  198 ( 194,   201)";"  2272 ( 2237,   2308)";" 1524 ( 1485,   1564)";"  295 ( 284,   306)";"  455 (  445,   465)";"  819 (  800,   837)";"40%"
"2014-09-15";"-67";"  1748 ( 1670,   1827)";"  38 (  36,   39)";"  9233 (  8848,   9618)";"  194 ( 191,   197)";"  2231 ( 2194,   2268)";" 1497 ( 1456,   1538)";"  290 ( 278,   301)";"  447 (  436,   457)";"  804 (  785,   823)";"40%"
"2014-09-14";"-68";"  1711 ( 1634,   1788)";"  37 (  36,   38)";"  9039 (  8657,   9421)";"  190 ( 187,   194)";"  2191 ( 2152,   2230)";" 1470 ( 1427,   1512)";"  285 ( 273,   296)";"  439 (  428,   450)";"  789 (  770,   809)";"40%"
"2014-09-13";"-69";"  1674 ( 1598,   1750)";"  36 (  35,   37)";"  8849 (  8469,   9228)";"  187 ( 183,   191)";"  2151 ( 2110,   2192)";" 1443 ( 1399,   1487)";"  279 ( 267,   291)";"  431 (  419,   442)";"  775 (  755,   796)";"40%"
"2014-09-12";"-70";"  1638 ( 1563,   1713)";"  36 (  34,   37)";"  8662 (  8285,   9038)";"  184 ( 180,   187)";"  2112 ( 2069,   2155)";" 1417 ( 1371,   1463)";"  274 ( 262,   287)";"  423 (  411,   435)";"  761 (  740,   782)";"40%"
"2014-09-11";"-71";"  1602 ( 1528,   1676)";"  35 (  34,   36)";"  8478 (  8105,   8851)";"  180 ( 176,   184)";"  2074 ( 2029,   2119)";" 1391 ( 1344,   1439)";"  269 ( 257,   282)";"  415 (  403,   427)";"  747 (  725,   769)";"40%"
"2014-09-10";"-72";"  1567 ( 1494,   1640)";"  34 (  33,   36)";"  8298 (  7928,   8668)";"  177 ( 173,   181)";"  2037 ( 1989,   2084)";" 1366 ( 1318,   1415)";"  264 ( 252,   277)";"  408 (  395,   420)";"  734 (  711,   756)";"40%"
"2014-09-09";"-73";"  1533 ( 1461,   1605)";"  34 (  32,   35)";"  8121 (  7755,   8487)";"  174 ( 169,   178)";"  2000 ( 1950,   2050)";" 1342 ( 1292,   1392)";"  260 ( 247,   273)";"  400 (  387,   413)";"  721 (  697,   744)";"40%"
"2014-09-08";"-74";"  1499 ( 1429,   1570)";"  33 (  32,   34)";"  7947 (  7585,   8309)";"  171 ( 166,   175)";"  1964 ( 1912,   2016)";" 1317 ( 1266,   1369)";"  255 ( 242,   268)";"  393 (  380,   406)";"  707 (  684,   731)";"40%"
"2014-09-07";"-75";"  1466 ( 1397,   1536)";"  32 (  31,   34)";"  7776 (  7418,   8134)";"  168 ( 163,   172)";"  1928 ( 1874,   1982)";" 1293 ( 1241,   1346)";"  250 ( 237,   264)";"  386 (  372,   400)";"  695 (  670,   719)";"40%"
"2014-09-06";"-76";"  1434 ( 1366,   1502)";"  32 (  30,   33)";"  7609 (  7255,   7962)";"  165 ( 160,   170)";"  1893 ( 1837,   1949)";" 1270 ( 1216,   1324)";"  246 ( 232,   259)";"  379 (  365,   393)";"  682 (  657,   707)";"40%"
"2014-09-05";"-77";"  1402 ( 1335,   1469)";"  31 (  30,   33)";"  7444 (  7095,   7793)";"  162 ( 156,   167)";"  1859 ( 1801,   1917)";" 1247 ( 1192,   1302)";"  241 ( 228,   255)";"  372 (  358,   386)";"  670 (  644,   695)";"40%"
"2014-09-04";"-78";"  1371 ( 1305,   1436)";"  31 (  29,   32)";"  7282 (  6939,   7626)";"  159 ( 153,   164)";"  1825 ( 1765,   1886)";" 1225 ( 1168,   1281)";"  237 ( 223,   251)";"  365 (  351,   380)";"  658 (  632,   684)";"40%"
"2014-09-03";"-79";"  1340 ( 1276,   1404)";"  30 (  29,   32)";"  7124 (  6785,   7462)";"  156 ( 150,   161)";"  1792 ( 1730,   1855)";" 1202 ( 1145,   1260)";"  233 ( 219,   247)";"  359 (  344,   373)";"  646 (  619,   672)";"40%"
"2014-09-02";"-80";"  1310 ( 1247,   1372)";"  30 (  28,   31)";"  6968 (  6635,   7301)";"  153 ( 147,   159)";"  1760 ( 1696,   1824)";" 1181 ( 1123,   1239)";"  228 ( 214,   242)";"  352 (  337,   367)";"  634 (  607,   661)";"40%"
"2014-09-01";"-81";"  1280 ( 1219,   1341)";"  29 (  28,   31)";"  6815 (  6487,   7143)";"  150 ( 144,   156)";"  1728 ( 1662,   1794)";" 1159 ( 1100,   1218)";"  224 ( 210,   238)";"  346 (  331,   361)";"  623 (  595,   650)";"40%"
"2014-08-31";"-82";"  1251 ( 1192,   1311)";"  29 (  27,   30)";"  6665 (  6342,   6987)";"  148 ( 142,   153)";"  1697 ( 1629,   1764)";" 1138 ( 1078,   1198)";"  220 ( 206,   234)";"  340 (  324,   355)";"  611 (  584,   639)";"40%"
"2014-08-30";"-83";"  1223 ( 1165,   1281)";"  28 (  26,   30)";"  6517 (  6201,   6834)";"  145 ( 139,   151)";"  1666 ( 1597,   1735)";" 1118 ( 1057,   1178)";"  216 ( 202,   230)";"  333 (  318,   349)";"  600 (  572,   628)";"40%"
"2014-08-29";"-84";"  1195 ( 1138,   1251)";"  28 (  26,   29)";"  6372 (  6062,   6683)";"  142 ( 136,   148)";"  1636 ( 1565,   1707)";" 1098 ( 1036,   1159)";"  212 ( 198,   227)";"  327 (  312,   343)";"  589 (  561,   618)";"40%"
"2014-08-28";"-85";"  1167 ( 1112,   1222)";"  27 (  25,   29)";"  6230 (  5925,   6535)";"  140 ( 133,   146)";"  1607 ( 1534,   1679)";" 1078 ( 1015,   1140)";"  208 ( 194,   223)";"  321 (  306,   337)";"  579 (  550,   607)";"40%"
"2014-08-27";"-86";"  1140 ( 1086,   1194)";"  27 (  25,   28)";"  6090 (  5792,   6389)";"  137 ( 131,   144)";"  1577 ( 1504,   1651)";" 1058 (  995,   1121)";"  204 ( 190,   219)";"  316 (  300,   332)";"  568 (  539,   597)";"40%"
"2014-08-26";"-87";"  1114 ( 1061,   1166)";"  26 (  24,   28)";"  5953 (  5661,   6246)";"  135 ( 128,   141)";"  1549 ( 1474,   1624)";" 1039 (  976,   1103)";"  201 ( 186,   215)";"  310 (  294,   326)";"  558 (  529,   587)";"40%"
"2014-08-25";"-88";"  1087 ( 1037,   1138)";"  26 (  24,   27)";"  5819 (  5533,   6105)";"  132 ( 125,   139)";"  1521 ( 1445,   1597)";" 1020 (  956,   1084)";"  197 ( 182,   212)";"  304 (  288,   321)";"  548 (  518,   577)";"40%"
"2014-08-24";"-89";"  1062 ( 1013,   1111)";"  25 (  23,   27)";"  5687 (  5407,   5966)";"  130 ( 123,   137)";"  1493 ( 1416,   1571)";" 1002 (  937,   1066)";"  193 ( 179,   208)";"  299 (  282,   315)";"  538 (  508,   568)";"40%"
"2014-08-23";"-90";"  1037 (  989,   1084)";"  25 (  23,   26)";"  5557 (  5284,   5829)";"  127 ( 121,   134)";"  1466 ( 1388,   1545)";"  984 (  919,   1049)";"  190 ( 175,   204)";"  293 (  277,   310)";"  528 (  498,   558)";"40%"
"2014-08-22";"-91";"  1012 (  966,   1058)";"  24 (  23,   26)";"  5429 (  5163,   5695)";"  125 ( 118,   132)";"  1440 ( 1361,   1519)";"  966 (  900,   1031)";"  186 ( 172,   201)";"  288 (  271,   305)";"  518 (  488,   549)";"40%"
"2014-08-21";"-92";"   988 (  944,   1032)";"  24 (  22,   25)";"  5304 (  5045,   5563)";"  123 ( 116,   130)";"  1414 ( 1334,   1494)";"  948 (  882,   1014)";"  183 ( 168,   197)";"  283 (  266,   300)";"  509 (  479,   539)";"40%"
"2014-08-20";"-93";"   964 (  921,   1007)";"  23 (  22,   25)";"  5181 (  4929,   5434)";"  121 ( 114,   128)";"  1388 ( 1307,   1470)";"  931 (  865,    997)";"  179 ( 165,   194)";"  278 (  261,   295)";"  500 (  469,   530)";"40%"
"2014-08-19";"-94";"   941 (  900,    982)";"  23 (  21,   25)";"  5061 (  4815,   5306)";"  118 ( 111,   126)";"  1363 ( 1281,   1445)";"  914 (  848,    981)";"  176 ( 161,   191)";"  273 (  256,   290)";"  491 (  460,   521)";"40%"
"2014-08-18";"-95";"   918 (  878,    957)";"  23 (  21,   24)";"  4942 (  4704,   5180)";"  116 ( 109,   124)";"  1339 ( 1256,   1422)";"  898 (  831,    965)";"  173 ( 158,   187)";"  268 (  250,   285)";"  482 (  451,   513)";"40%"
"2014-08-17";"-96";"   895 (  857,    933)";"  22 (  20,   24)";"  4826 (  4594,   5057)";"  114 ( 107,   122)";"  1314 ( 1231,   1398)";"  881 (  814,    949)";"  169 ( 155,   184)";"  263 (  246,   280)";"  473 (  442,   504)";"40%"
"2014-08-16";"-97";"   873 (  837,    909)";"  22 (  20,   23)";"  4711 (  4487,   4936)";"  112 ( 105,   120)";"  1291 ( 1206,   1375)";"  866 (  798,    933)";"  166 ( 152,   181)";"  258 (  241,   275)";"  464 (  433,   495)";"40%"
"2014-08-15";"-98";"   851 (  817,    886)";"  21 (  20,   23)";"  4599 (  4382,   4816)";"  110 ( 103,   118)";"  1267 ( 1182,   1352)";"  850 (  782,    917)";"  163 ( 149,   177)";"  253 (  236,   270)";"  456 (  425,   487)";"40%"
"2014-08-14";"-99";"   830 (  797,    863)";"  21 (  19,   23)";"  4489 (  4279,   4699)";"  108 ( 101,   116)";"  1245 ( 1159,   1330)";"  834 (  767,    902)";"  160 ( 146,   174)";"  249 (  231,   266)";"  447 (  416,   478)";"40%"
"2014-08-13";"-100";"   809 (  778,    841)";"  21 (  19,   22)";"  4381 (  4178,   4584)";"  106 (  99,   114)";"  1222 ( 1136,   1308)";"  819 (  752,    887)";"  157 ( 143,   171)";"  244 (  227,   261)";"  439 (  408,   470)";"40%"
"2014-08-12";"-101";"   789 (  759,    818)";"  20 (  18,   22)";"  4275 (  4079,   4470)";"  104 (  97,   112)";"  1200 ( 1114,   1287)";"  804 (  737,    872)";"  154 ( 140,   168)";"  239 (  222,   257)";"  431 (  400,   462)";"40%"
"2014-08-11";"-102";"   768 (  740,    797)";"  20 (  18,   22)";"  4170 (  3982,   4358)";"  102 (  95,   110)";"  1179 ( 1091,   1266)";"  790 (  722,    857)";"  151 ( 137,   164)";"  235 (  218,   252)";"  423 (  392,   454)";"40%"
"2014-08-10";"-103";"   749 (  722,    775)";"  19 (  18,   21)";"  4068 (  3887,   4249)";"  101 (  93,   108)";"  1157 ( 1070,   1245)";"  775 (  708,    843)";"  147 ( 134,   161)";"  231 (  213,   248)";"  415 (  384,   446)";"40%"
"2014-08-09";"-104";"   729 (  704,    754)";"  19 (  17,   21)";"  3967 (  3794,   4141)";"   99 (  91,   107)";"  1137 ( 1049,   1225)";"  761 (  693,    829)";"  144 ( 131,   158)";"  226 (  209,   244)";"  407 (  376,   439)";"40%"
"2014-08-08";"-105";"   710 (  686,    734)";"  19 (  17,   20)";"  3868 (  3702,   4035)";"   97 (  89,   105)";"  1116 ( 1028,   1205)";"  747 (  680,    815)";"  141 ( 128,   155)";"  222 (  205,   239)";"  400 (  369,   431)";"40%"
"2014-08-07";"-106";"   691 (  669,    714)";"  18 (  17,   20)";"  3771 (  3613,   3930)";"   95 (  88,   103)";"  1096 ( 1008,   1185)";"  733 (  666,    801)";"  138 ( 125,   151)";"  218 (  201,   235)";"  392 (  361,   423)";"40%"
"2014-08-06";"-107";"   673 (  652,    694)";"  18 (  16,   20)";"  3676 (  3524,   3828)";"   94 (  86,   101)";"  1077 (  988,   1166)";"  720 (  653,    787)";"  135 ( 123,   148)";"  214 (  197,   231)";"  385 (  354,   416)";"40%"
"2014-08-05";"-108";"   655 (  635,    674)";"  18 (  16,   19)";"  3582 (  3438,   3727)";"   92 (  84,   100)";"  1058 (  969,   1147)";"  706 (  639,    773)";"  132 ( 120,   145)";"  210 (  193,   227)";"  377 (  347,   408)";"40%"
"2014-08-04";"-109";"   637 (  619,    655)";"  17 (  16,   19)";"  3490 (  3353,   3627)";"   90 (  82,    98)";"  1039 (  950,   1129)";"  693 (  627,    760)";"  130 ( 117,   142)";"  206 (  189,   223)";"  370 (  340,   401)";"40%"
"2014-08-03";"-110";"   620 (  603,    637)";"  17 (  15,   19)";"  3400 (  3270,   3530)";"   89 (  81,    97)";"  1021 (  931,   1112)";"  680 (  614,    746)";"  127 ( 115,   138)";"  202 (  185,   218)";"  363 (  333,   393)";"40%"
"2014-08-02";"-111";"   603 (  587,    618)";"  17 (  15,   18)";"  3311 (  3189,   3434)";"   87 (  79,    95)";"  1004 (  913,   1094)";"  667 (  601,    732)";"  124 ( 112,   135)";"  198 (  181,   214)";"  356 (  326,   386)";"40%"
"2014-08-01";"-112";"   586 (  571,    601)";"  16 (  15,   18)";"  3224 (  3108,   3339)";"   86 (  78,    94)";"   987 (  896,   1078)";"  654 (  589,    719)";"  121 ( 109,   132)";"  194 (  177,   210)";"  348 (  319,   378)";"40%"
"2014-07-31";"-113";"   570 (  556,    583)";"  16 (  14,   18)";"  3138 (  3030,   3246)";"   84 (  76,    93)";"   970 (  879,   1062)";"  641 (  577,    705)";"  118 ( 107,   128)";"  190 (  173,   206)";"  341 (  312,   371)";"40%"
"2014-07-30";"-114";"   554 (  541,    566)";"  16 (  14,   17)";"  3054 (  2952,   3155)";"   83 (  75,    91)";"   955 (  862,   1047)";"  628 (  564,    691)";"  115 ( 104,   125)";"  186 (  170,   202)";"  334 (  305,   363)";"40%"
"2014-07-29";"-115";"   538 (  526,    550)";"  15 (  14,   17)";"  2971 (  2876,   3065)";"   82 (  74,    90)";"   940 (  846,   1033)";"  615 (  552,    677)";"  112 ( 102,   121)";"  182 (  166,   197)";"  327 (  298,   355)";"40%"
"2014-07-28";"-116";"   522 (  511,    534)";"  15 (  14,   17)";"  2889 (  2801,   2977)";"   81 (  72,    89)";"   925 (  831,   1020)";"  601 (  540,    662)";"  109 (  99,   118)";"  177 (  162,   193)";"  319 (  292,   347)";"40%"
"2014-07-27";"-117";"   507 (  496,    519)";"  15 (  13,   16)";"  2808 (  2727,   2889)";"   79 (  71,    88)";"   912 (  816,   1008)";"  587 (  528,    647)";"  106 (  97,   114)";"  173 (  158,   188)";"  312 (  285,   339)";"40%"
"2014-07-26";"-118";"   493 (  481,    504)";"  14 (  13,   16)";"  2729 (  2654,   2804)";"   78 (  70,    87)";"   900 (  802,    998)";"  573 (  516,    631)";"  103 (  94,   111)";"  169 (  154,   183)";"  304 (  278,   330)";"40%"
"2014-07-25";"-119";"   478 (  467,    490)";"  14 (  13,   15)";"  2650 (  2581,   2719)";"   78 (  69,    86)";"   889 (  789,    989)";"  558 (  503,    614)";"  100 (  92,   107)";"  165 (  151,   178)";"  296 (  271,   321)";"40%"
"2014-07-24";"-120";"   464 (  452,    476)";"  14 (  12,   15)";"  2573 (  2509,   2636)";"   76 (  67,    85)";"   879 (  777,    982)";"  543 (  491,    595)";"   97 (  89,   104)";"  160 (  147,   173)";"  288 (  264,   312)";"40%"
"2014-07-23";"-121";"   451 (  438,    463)";"  13 (  12,   14)";"  2497 (  2438,   2556)";"   74 (  65,    82)";"   854 (  756,    951)";"  527 (  478,    576)";"   94 (  87,   101)";"  155 (  143,   168)";"  279 (  257,   302)";"40%"
"2014-07-22";"-122";"   438 (  425,    451)";"  13 (  12,   14)";"  2423 (  2367,   2479)";"   72 (  64,    80)";"   829 (  737,    921)";"  512 (  465,    558)";"   91 (  85,    97)";"  151 (  139,   162)";"  271 (  250,   292)";"40%"
"2014-07-21";"-123";"   425 (  412,    438)";"  12 (  11,   13)";"  2351 (  2298,   2405)";"   70 (  62,    77)";"   805 (  718,    892)";"  497 (  453,    540)";"   89 (  83,    94)";"  146 (  135,   157)";"  263 (  244,   283)";"40%"
"2014-07-20";"-124";"   413 (  399,    426)";"  12 (  11,   13)";"  2282 (  2229,   2334)";"   68 (  60,    75)";"   781 (  699,    864)";"  482 (  441,    523)";"   86 (  80,    91)";"  142 (  132,   152)";"  256 (  237,   274)";"40%"
"2014-07-19";"-125";"   401 (  386,    415)";"  12 (  11,   13)";"  2214 (  2162,   2266)";"   66 (  59,    72)";"   758 (  681,    836)";"  468 (  430,    506)";"   83 (  78,    88)";"  138 (  128,   148)";"  248 (  231,   266)";"40%"
"2014-07-18";"-126";"   389 (  374,    404)";"  11 (  10,   12)";"  2149 (  2096,   2202)";"   64 (  57,    70)";"   736 (  663,    810)";"  455 (  419,    490)";"   81 (  76,    86)";"  134 (  125,   143)";"  241 (  225,   257)";"40%"
"2014-07-17";"-127";"   378 (  362,    393)";"  11 (  10,   12)";"  2085 (  2031,   2139)";"   62 (  56,    68)";"   715 (  646,    784)";"  441 (  408,    475)";"   79 (  74,    83)";"  130 (  122,   138)";"  234 (  219,   249)";"40%"
"2014-07-16";"-128";"   367 (  350,    383)";"  11 (  10,   11)";"  2023 (  1967,   2079)";"   60 (  54,    66)";"   694 (  629,    759)";"  428 (  397,    460)";"   76 (  72,    80)";"  126 (  118,   134)";"  227 (  213,   241)";"40%"
"2014-07-15";"-129";"   356 (  339,    372)";"  10 (  10,   11)";"  1963 (  1905,   2022)";"   58 (  53,    63)";"   674 (  612,    735)";"  416 (  387,    445)";"   74 (  71,    78)";"  123 (  115,   130)";"  221 (  207,   234)";"40%"
"2014-07-14";"-130";"   345 (  328,    363)";"  10 (   9,   11)";"  1905 (  1844,   1966)";"   57 (  52,    61)";"   654 (  596,    712)";"  404 (  377,    431)";"   72 (  69,    75)";"  119 (  112,   126)";"  214 (  202,   226)";"40%"
"2014-07-13";"-131";"   335 (  318,    353)";"  10 (   9,   10)";"  1848 (  1785,   1912)";"   55 (  50,    59)";"   635 (  581,    689)";"  392 (  367,    417)";"   70 (  67,    73)";"  115 (  109,   122)";"  208 (  197,   219)";"40%"
"2014-07-12";"-132";"   326 (  308,    344)";"   9 (   9,   10)";"  1794 (  1728,   1859)";"   53 (  49,    58)";"   617 (  566,    667)";"  381 (  357,    404)";"   68 (  65,    71)";"  112 (  106,   118)";"  202 (  191,   212)";"40%"
"2014-07-11";"-133";"   316 (  298,    334)";"   9 (   9,   10)";"  1740 (  1672,   1809)";"   52 (  48,    56)";"   599 (  551,    646)";"  370 (  348,    391)";"   66 (  63,    68)";"  109 (  103,   114)";"  196 (  186,   206)";"40%"
"2014-07-10";"-134";"   307 (  288,    326)";"   9 (   8,    9)";"  1688 (  1618,   1759)";"   50 (  46,    54)";"   581 (  537,    625)";"  359 (  339,    378)";"   64 (  62,    66)";"  106 (  101,   111)";"  190 (  181,   199)";"40%"
"2014-07-09";"-135";"   298 (  279,    317)";"   9 (   8,    9)";"  1638 (  1565,   1712)";"   49 (  45,    52)";"   564 (  523,    606)";"  348 (  330,    366)";"   62 (  60,    64)";"  103 (   98,   107)";"  185 (  176,   193)";"40%"
"2014-07-08";"-136";"   289 (  270,    309)";"   8 (   8,    9)";"  1590 (  1514,   1665)";"   47 (  44,    51)";"   548 (  509,    586)";"  338 (  322,    355)";"   60 (  58,    62)";"  100 (   95,   104)";"  179 (  172,   187)";"40%"
"2014-07-07";"-137";"   281 (  261,    300)";"   8 (   8,    9)";"  1542 (  1464,   1620)";"   46 (  43,    49)";"   532 (  496,    568)";"  328 (  313,    343)";"   59 (  57,    60)";"   97 (   93,   101)";"  174 (  167,   181)";"40%"
"2014-07-06";"-138";"   273 (  253,    292)";"   8 (   8,    8)";"  1496 (  1416,   1576)";"   45 (  42,    47)";"   516 (  483,    549)";"  319 (  305,    333)";"   57 (  55,    58)";"   94 (   90,    97)";"  169 (  163,   175)";"40%"
"2014-07-05";"-139";"   265 (  245,    285)";"   8 (   7,    8)";"  1452 (  1369,   1534)";"   43 (  41,    46)";"   501 (  470,    532)";"  309 (  297,    322)";"   55 (  54,    56)";"   91 (   88,    94)";"  164 (  158,   170)";"40%"
"2014-07-04";"-140";"   257 (  237,    277)";"   7 (   7,    8)";"  1408 (  1324,   1492)";"   42 (  40,    44)";"   487 (  458,    515)";"  300 (  289,    312)";"   54 (  52,    55)";"   89 (   86,    91)";"  159 (  154,   164)";"40%"
"2014-07-03";"-141";"   249 (  229,    270)";"   7 (   7,    8)";"  1366 (  1281,   1452)";"   41 (  39,    43)";"   472 (  446,    499)";"  292 (  282,    302)";"   52 (  51,    53)";"   86 (   83,    88)";"  155 (  150,   159)";"40%"
"2014-07-02";"-142";"   242 (  222,    263)";"   7 (   7,    7)";"  1325 (  1238,   1413)";"   40 (  38,    42)";"   459 (  435,    483)";"  283 (  274,    292)";"   50 (  49,    52)";"   83 (   81,    86)";"  150 (  146,   154)";"40%"
"2014-07-01";"-143";"   235 (  215,    256)";"   7 (   7,    7)";"  1286 (  1197,   1374)";"   38 (  37,    40)";"   445 (  423,    467)";"  275 (  267,    283)";"   49 (  48,    50)";"   81 (   79,    83)";"  146 (  142,   150)";"40%"
"2014-06-30";"-144";"   228 (  208,    249)";"   7 (   6,    7)";"  1247 (  1157,   1337)";"   37 (  36,    39)";"   432 (  412,    452)";"  267 (  260,    274)";"   48 (  46,    49)";"   79 (   77,    81)";"  142 (  138,   145)";"40%"
"2014-06-29";"-145";"   222 (  201,    242)";"   6 (   6,    7)";"  1210 (  1119,   1301)";"   36 (  35,    38)";"   420 (  401,    438)";"  259 (  252,    266)";"   46 (  45,    47)";"   76 (   75,    78)";"  137 (  134,   141)";"40%"
"2014-06-28";"-146";"   215 (  194,    236)";"   6 (   6,    6)";"  1174 (  1082,   1266)";"   35 (  34,    37)";"   407 (  391,    424)";"  252 (  245,    258)";"   45 (  44,    46)";"   74 (   73,    76)";"  133 (  131,   136)";"40%"
"2014-06-27";"-147";"   209 (  188,    230)";"   6 (   6,    6)";"  1138 (  1046,   1231)";"   34 (  33,    35)";"   396 (  381,    411)";"  244 (  239,    250)";"   44 (  42,    45)";"   72 (   71,    73)";"  130 (  127,   132)";"40%"
"2014-06-26";"-148";"   203 (  182,    224)";"   6 (   6,    6)";"  1104 (  1011,   1198)";"   33 (  32,    34)";"   384 (  370,    398)";"  237 (  232,    243)";"   42 (  41,    44)";"   70 (   68,    71)";"  126 (  123,   128)";"40%"
"2014-06-25";"-149";"   197 (  176,    218)";"   6 (   6,    6)";"  1071 (   977,   1165)";"   32 (  31,    33)";"   373 (  361,    385)";"  230 (  225,    236)";"   41 (  40,    43)";"   68 (   66,    69)";"  122 (  120,   125)";"40%"
"2014-06-24";"-150";"   191 (  170,    212)";"   6 (   5,    6)";"  1039 (   944,   1133)";"   31 (  30,    32)";"   362 (  351,    373)";"  224 (  218,    229)";"   40 (  38,    41)";"   66 (   65,    67)";"  119 (  116,   121)";"40%"
"2014-06-23";"-151";"   186 (  165,    206)";"   5 (   5,    6)";"  1007 (   912,   1103)";"   30 (  30,    31)";"   352 (  342,    361)";"  217 (  212,    222)";"   39 (  37,    40)";"   64 (   63,    65)";"  115 (  113,   118)";"40%"
"2014-06-22";"-152";"   180 (  160,    201)";"   5 (   5,    5)";"   977 (   882,   1072)";"   30 (  29,    30)";"   341 (  332,    350)";"  211 (  205,    216)";"   38 (  36,    39)";"   62 (   61,    64)";"  112 (  109,   114)";"40%"
"2014-06-21";"-153";"   175 (  154,    195)";"   5 (   5,    5)";"   948 (   852,   1043)";"   29 (  28,    29)";"   331 (  323,    340)";"  205 (  199,    210)";"   36 (  35,    38)";"   60 (   59,    62)";"  109 (  106,   111)";"40%"
"2014-06-20";"-154";"   170 (  149,    190)";"   5 (   5,    5)";"   919 (   823,   1015)";"   28 (  27,    28)";"   322 (  314,    329)";"  199 (  193,    205)";"   35 (  34,    37)";"   59 (   57,    60)";"  105 (  103,   108)";"40%"
"2014-06-19";"-155";"   165 (  145,    185)";"   5 (   5,    5)";"   891 (   795,    987)";"   27 (  26,    28)";"   312 (  305,    319)";"  193 (  187,    199)";"   34 (  32,    36)";"   57 (   55,    58)";"  102 (   99,   105)";"40%"
"2014-06-18";"-156";"   160 (  140,    180)";"   5 (   5,    5)";"   864 (   769,    960)";"   26 (  26,    27)";"   303 (  296,    310)";"  187 (  181,    194)";"   33 (  31,    35)";"   55 (   53,    57)";"   99 (   96,   102)";"40%"
"2014-06-17";"-157";"   155 (  135,    175)";"   5 (   4,    5)";"   838 (   742,    933)";"   25 (  25,    26)";"   294 (  288,    301)";"  182 (  175,    189)";"   32 (  30,    34)";"   54 (   52,    55)";"   96 (   93,   100)";"40%"
"2014-06-16";"-158";"   151 (  131,    171)";"   4 (   4,    5)";"   812 (   717,    908)";"   25 (  24,    25)";"   286 (  279,    293)";"  177 (  169,    184)";"   31 (  29,    34)";"   52 (   50,    54)";"   94 (   90,    97)";"40%"
"2014-06-15";"-159";"   146 (  127,    166)";"   4 (   4,    4)";"   788 (   693,    883)";"   24 (  23,    25)";"   278 (  271,    285)";"  171 (  164,    179)";"   31 (  28,    33)";"   51 (   49,    52)";"   91 (   87,    94)";"40%"
"2014-06-14";"-160";"   142 (  123,    162)";"   4 (   4,    4)";"   764 (   669,    858)";"   23 (  23,    24)";"   269 (  262,    277)";"  166 (  159,    174)";"   30 (  27,    32)";"   49 (   47,    51)";"   88 (   85,    92)";"40%"
"2014-06-13";"-161";"   138 (  119,    157)";"   4 (   4,    4)";"   740 (   647,    834)";"   23 (  22,    23)";"   262 (  254,    269)";"  162 (  153,    170)";"   29 (  27,    31)";"   48 (   45,    50)";"   86 (   82,    90)";"40%"
"2014-06-12";"-162";"   134 (  115,    153)";"   4 (   4,    4)";"   718 (   624,    811)";"   22 (  21,    23)";"   254 (  246,    262)";"  157 (  148,    165)";"   28 (  26,    30)";"   46 (   44,    48)";"   83 (   79,    87)";"40%"
"2014-06-11";"-163";"   130 (  111,    149)";"   4 (   4,    4)";"   696 (   603,    789)";"   21 (  21,    22)";"   247 (  238,    255)";"  152 (  144,    161)";"   27 (  25,    29)";"   45 (   43,    47)";"   81 (   77,    85)";"40%"
"2014-06-10";"-164";"   126 (  108,    145)";"   4 (   3,    4)";"   675 (   582,    767)";"   21 (  20,    22)";"   239 (  231,    248)";"  148 (  139,    157)";"   26 (  24,    29)";"   44 (   41,    46)";"   78 (   74,    83)";"40%"
"2014-06-09";"-165";"   122 (  104,    141)";"   4 (   3,    4)";"   654 (   562,    745)";"   20 (  19,    21)";"   233 (  223,    242)";"  144 (  134,    153)";"   26 (  23,    28)";"   42 (   40,    45)";"   76 (   72,    81)";"40%"
"2014-06-08";"-166";"   119 (  101,    137)";"   3 (   3,    4)";"   634 (   543,    724)";"   20 (  19,    20)";"   226 (  216,    236)";"  139 (  130,    149)";"   25 (  22,    27)";"   41 (   39,    44)";"   74 (   69,    78)";"40%"
"2014-06-07";"-167";"   115 (   98,    133)";"   3 (   3,    4)";"   614 (   524,    704)";"   19 (  18,    20)";"   219 (  209,    229)";"  135 (  126,    145)";"   24 (  22,    27)";"   40 (   37,    42)";"   72 (   67,    76)";"40%"
"2014-06-06";"-168";"   112 (   94,    130)";"   3 (   3,    4)";"   595 (   506,    684)";"   18 (  17,    19)";"   213 (  202,    224)";"  131 (  121,    142)";"   23 (  21,    26)";"   39 (   36,    41)";"   70 (   65,    74)";"40%"
"2014-06-05";"-169";"   109 (   91,    126)";"   3 (   3,    3)";"   577 (   489,    665)";"   18 (  17,    19)";"   207 (  196,    218)";"  128 (  117,    138)";"   23 (  20,    25)";"   38 (   35,    40)";"   68 (   63,    72)";"40%"
"2014-06-04";"-170";"   106 (   88,    123)";"   3 (   3,    3)";"   559 (   472,    646)";"   17 (  16,    18)";"   201 (  189,    212)";"  124 (  113,    134)";"   22 (  20,    25)";"   37 (   34,    39)";"   66 (   61,    71)";"40%"
"2014-06-03";"-171";"   102 (   86,    119)";"   3 (   3,    3)";"   542 (   456,    628)";"   17 (  16,    18)";"   195 (  183,    207)";"  120 (  110,    131)";"   21 (  19,    24)";"   35 (   33,    38)";"   64 (   59,    69)";"40%"
"2014-06-02";"-172";"    99 (   83,    116)";"   3 (   3,    3)";"   525 (   440,    610)";"   16 (  15,    17)";"   189 (  177,    201)";"  117 (  106,    128)";"   21 (  18,    23)";"   34 (   32,    37)";"   62 (   57,    67)";"40%"
"2014-06-01";"-173";"    97 (   80,    113)";"   3 (   3,    3)";"   509 (   425,    592)";"   16 (  15,    17)";"   184 (  171,    196)";"  113 (  103,    124)";"   20 (  18,    23)";"   33 (   31,    36)";"   60 (   55,    65)";"40%"
"2014-05-31";"-174";"    94 (   78,    110)";"   3 (   2,    3)";"   493 (   410,    576)";"   15 (  14,    17)";"   178 (  165,    191)";"  110 (   99,    121)";"   20 (  17,    22)";"   32 (   30,    35)";"   58 (   53,    64)";"40%"
"2014-05-30";"-175";"    91 (   75,    107)";"   3 (   2,    3)";"   477 (   395,    559)";"   15 (  14,    16)";"   173 (  160,    186)";"  107 (   96,    118)";"   19 (  17,    22)";"   32 (   29,    34)";"   57 (   52,    62)";"40%"
"2014-05-29";"-176";"    88 (   73,    104)";"   3 (   2,    3)";"   462 (   382,    543)";"   15 (  13,    16)";"   168 (  155,    182)";"  104 (   93,    115)";"   19 (  16,    21)";"   31 (   28,    34)";"   55 (   50,    60)";"40%"
"2014-05-28";"-177";"    86 (   71,    101)";"   3 (   2,    3)";"   448 (   368,    527)";"   14 (  13,    15)";"   163 (  150,    177)";"  101 (   89,    112)";"   18 (  15,    21)";"   30 (   27,    33)";"   53 (   48,    59)";"40%"
"2014-05-27";"-178";"    83 (   68,     98)";"   2 (   2,    3)";"   434 (   355,    512)";"   14 (  12,    15)";"   159 (  145,    172)";"   98 (   86,    109)";"   17 (  15,    20)";"   29 (   26,    32)";"   52 (   47,    57)";"40%"
"2014-05-26";"-179";"    81 (   66,     95)";"   2 (   2,    3)";"   420 (   343,    497)";"   13 (  12,    15)";"   154 (  140,    168)";"   95 (   84,    107)";"   17 (  14,    20)";"   28 (   25,    31)";"   50 (   45,    56)";"40%"
"2014-05-25";"-180";"    78 (   64,     93)";"   2 (   2,    3)";"   407 (   331,    482)";"   13 (  12,    14)";"   149 (  135,    164)";"   92 (   81,    104)";"   16 (  14,    19)";"   27 (   24,    30)";"   49 (   44,    54)";"40%"
"2014-05-24";"-181";"    76 (   62,     90)";"   2 (   2,    3)";"   394 (   319,    468)";"   13 (  11,    14)";"   145 (  131,    160)";"   90 (   78,    101)";"   16 (  13,    19)";"   26 (   23,    29)";"   48 (   42,    53)";"40%"
"2014-05-23";"-182";"    74 (   60,     88)";"   2 (   2,    2)";"   381 (   308,    454)";"   12 (  11,    13)";"   141 (  126,    156)";"   87 (   75,     99)";"   16 (  13,    18)";"   26 (   23,    29)";"   46 (   41,    52)";"40%"
"2014-05-22";"-183";"    72 (   58,     85)";"   2 (   2,    2)";"   369 (   297,    441)";"   12 (  11,    13)";"   137 (  122,    152)";"   85 (   73,     96)";"   15 (  13,    18)";"   25 (   22,    28)";"   45 (   39,    50)";"40%"
"2014-05-21";"-184";"    70 (   56,     83)";"   2 (   2,    2)";"   357 (   286,    428)";"   11 (  10,    13)";"   133 (  118,    148)";"   82 (   70,     94)";"   15 (  12,    17)";"   24 (   21,    27)";"   44 (   38,    49)";"40%"
"2014-05-20";"-185";"    68 (   55,     80)";"   2 (   2,    2)";"   346 (   276,    415)";"   11 (  10,    12)";"   129 (  114,    144)";"   80 (   68,     91)";"   14 (  12,    17)";"   23 (   20,    26)";"   42 (   37,    48)";"40%"
"2014-05-19";"-186";"    66 (   53,     78)";"   2 (   2,    2)";"   335 (   266,    403)";"   11 (   9,    12)";"   125 (  110,    140)";"   77 (   66,     89)";"   14 (  11,    16)";"   23 (   20,    26)";"   41 (   36,    46)";"40%"
"2014-05-18";"-187";"    64 (   51,     76)";"   2 (   2,    2)";"   324 (   257,    390)";"   11 (   9,    12)";"   122 (  106,    137)";"   75 (   63,     87)";"   13 (  11,    16)";"   22 (   19,    25)";"   40 (   34,    45)";"40%"
"2014-05-17";"-188";"    62 (   50,     74)";"   2 (   2,    2)";"   313 (   248,    379)";"   10 (   9,    12)";"   118 (  103,    133)";"   73 (   61,     85)";"   13 (  11,    16)";"   22 (   19,    25)";"   39 (   33,    44)";"40%"
"2014-05-16";"-189";"    60 (   48,     72)";"   2 (   1,    2)";"   303 (   239,    367)";"   10 (   9,    11)";"   115 (   99,    130)";"   71 (   59,     83)";"   13 (  10,    15)";"   21 (   18,    24)";"   38 (   32,    43)";"40%"
"2014-05-15";"-190";"    58 (   47,     70)";"   2 (   1,    2)";"   293 (   230,    356)";"   10 (   8,    11)";"   111 (   96,    127)";"   69 (   57,     81)";"   12 (  10,    15)";"   20 (   17,    23)";"   37 (   31,    42)";"40%"
"2014-05-14";"-191";"    56 (   45,     68)";"   2 (   1,    2)";"   283 (   222,    345)";"    9 (   8,    11)";"   108 (   93,    123)";"   67 (   55,     79)";"   12 (   9,    14)";"   20 (   17,    23)";"   35 (   30,    41)";"40%"
"2014-05-13";"-192";"    55 (   44,     66)";"   2 (   1,    2)";"   274 (   214,    334)";"    9 (   8,    10)";"   105 (   90,    120)";"   65 (   53,     77)";"   12 (   9,    14)";"   19 (   16,    22)";"   34 (   29,    40)";"40%"
"2014-05-12";"-193";"    53 (   43,     64)";"   2 (   1,    2)";"   265 (   206,    324)";"    9 (   7,    10)";"   102 (   87,    117)";"   63 (   51,     75)";"   11 (   9,    14)";"   19 (   16,    22)";"   33 (   28,    39)";"40%"
"2014-05-11";"-194";"    52 (   41,     62)";"   2 (   1,    2)";"   256 (   199,    314)";"    9 (   7,    10)";"    99 (   84,    114)";"   61 (   50,     73)";"   11 (   8,    13)";"   18 (   15,    21)";"   32 (   27,    38)";"40%"
"2014-05-10";"-195";"    50 (   40,     60)";"   1 (   1,    2)";"   248 (   192,    304)";"    8 (   7,    10)";"    96 (   81,    111)";"   59 (   48,     71)";"   11 (   8,    13)";"   18 (   15,    20)";"   32 (   26,    37)";"40%"
"2014-05-09";"-196";"    49 (   39,     58)";"   1 (   1,    2)";"   239 (   185,    294)";"    8 (   7,     9)";"    93 (   78,    109)";"   58 (   46,     69)";"   10 (   8,    13)";"   17 (   14,    20)";"   31 (   25,    36)";"40%"
"2014-05-08";"-197";"    47 (   38,     56)";"   1 (   1,    2)";"   231 (   178,    285)";"    8 (   6,     9)";"    91 (   75,    106)";"   56 (   45,     67)";"   10 (   8,    12)";"   17 (   14,    19)";"   30 (   25,    35)";"40%"
"2014-05-07";"-198";"    46 (   37,     55)";"   1 (   1,    2)";"   223 (   171,    275)";"    8 (   6,     9)";"    88 (   73,    103)";"   54 (   43,     66)";"   10 (   7,    12)";"   16 (   13,    19)";"   29 (   24,    34)";"40%"
"2014-05-06";"-199";"    44 (   36,     53)";"   1 (   1,    2)";"   216 (   165,    266)";"    7 (   6,     9)";"    85 (   70,    101)";"   53 (   42,     64)";"    9 (   7,    12)";"   16 (   13,    18)";"   28 (   23,    33)";"40%"
"2014-05-05";"-200";"    43 (   35,     52)";"   1 (   1,    2)";"   208 (   159,    258)";"    7 (   6,     8)";"    83 (   68,     98)";"   51 (   40,     63)";"    9 (   7,    12)";"   15 (   12,    18)";"   27 (   22,    32)";"40%"
"2014-05-04";"-201";"    42 (   33,     50)";"   1 (   1,    2)";"   201 (   153,    249)";"    7 (   6,     8)";"    81 (   65,     96)";"   50 (   39,     61)";"    9 (   7,    11)";"   15 (   12,    18)";"   26 (   21,    32)";"40%"
"2014-05-03";"-202";"    40 (   33,     48)";"   1 (   1,    1)";"   194 (   148,    241)";"    7 (   5,     8)";"    78 (   63,     93)";"   48 (   37,     59)";"    9 (   6,    11)";"   14 (   11,    17)";"   26 (   21,    31)";"40%"
"2014-05-02";"-203";"    39 (   32,     47)";"   1 (   1,    1)";"   188 (   142,    233)";"    7 (   5,     8)";"    76 (   61,     91)";"   47 (   36,     58)";"    8 (   6,    11)";"   14 (   11,    17)";"   25 (   20,    30)";"40%"
