"Date";"Days from today";"Cases (reported)";"New daily cases (reported)";"Cases (total)";"New daily cases (total)";"Incubation period";"Infectious and unreported";"Undergoing treatment";"CDC 25% ETU target";"CDC 45% reduced transmission target";"Reporting quotient"
"2015-04-28";"168";"60535 (20517, 100553)";"619 ( 23, 1214)";"293563 (92069, 495058)";"2955 ( 53, 5858)";"33830 ( 575, 67084)";"24545 ( 889, 48200)";"5131 (299, 9962)";"7419 (1383, 13455)";"13354 (2489, 24219)";"40%"
"2015-04-27";"167";"59916 (20494,  99339)";"614 ( 24, 1203)";"290608 (92016, 489200)";"2931 ( 59, 5804)";"33555 ( 637, 66473)";"24339 ( 939, 47740)";"5086 (310, 9863)";"7356 (1386, 13327)";"13242 (2494, 23989)";"40%"
"2015-04-26";"166";"59303 (20470,  98136)";"608 ( 26, 1191)";"287677 (91957, 483396)";"2907 ( 64, 5751)";"33281 ( 699, 65863)";"24135 ( 989, 47281)";"5043 (321, 9764)";"7294 (1389, 13200)";"13130 (2500, 23760)";"40%"
"2015-04-25";"165";"58694 (20444,  96945)";"603 ( 27, 1180)";"284769 (91893, 477646)";"2884 ( 70, 5698)";"33008 ( 761, 65255)";"23932 (1039, 46824)";"4999 (332, 9666)";"7233 (1392, 13074)";"13019 (2505, 23532)";"40%"
"2015-04-24";"164";"58091 (20417,  95765)";"598 ( 28, 1168)";"281886 (91823, 471948)";"2860 ( 75, 5644)";"32737 ( 824, 64649)";"23729 (1089, 46370)";"4956 (343, 9568)";"7171 (1395, 12948)";"12908 (2511, 23306)";"40%"
"2015-04-23";"163";"57493 (20389,  94597)";"593 ( 29, 1157)";"279026 (91748, 466304)";"2836 ( 81, 5592)";"32466 ( 888, 64045)";"23528 (1139, 45917)";"4913 (354, 9471)";"7110 (1398, 12822)";"12798 (2517, 23080)";"40%"
"2015-04-22";"162";"56900 (20359,  93440)";"588 ( 31, 1145)";"276190 (91667, 460713)";"2813 ( 86, 5539)";"32197 ( 952, 63443)";"23328 (1189, 45466)";"4870 (365, 9375)";"7049 (1401, 12697)";"12689 (2523, 22855)";"40%"
"2015-04-21";"161";"56312 (20328,  92295)";"583 ( 32, 1134)";"273377 (91581, 455174)";"2789 ( 92, 5486)";"31930 (1016, 62843)";"23129 (1240, 45017)";"4827 (376, 9279)";"6989 (1405, 12573)";"12580 (2529, 22632)";"40%"
"2015-04-20";"160";"55729 (20296,  91161)";"578 ( 33, 1123)";"270588 (91489, 449688)";"2766 ( 98, 5434)";"31663 (1081, 62246)";"22930 (1290, 44571)";"4785 (387, 9183)";"6929 (1408, 12450)";"12472 (2535, 22409)";"40%"
"2015-04-19";"159";"55150 (20263,  90038)";"573 ( 35, 1112)";"267822 (91391, 444254)";"2743 (103, 5382)";"31398 (1146, 61650)";"22734 (1341, 44127)";"4743 (398, 9088)";"6869 (1412, 12327)";"12364 (2541, 22188)";"40%"
"2015-04-18";"158";"54577 (20228,  88927)";"568 ( 36, 1100)";"265080 (91287, 438872)";"2720 (109, 5330)";"31134 (1211, 61057)";"22538 (1391, 43684)";"4701 (409, 8994)";"6810 (1415, 12204)";"12257 (2547, 21968)";"40%"
"2015-04-17";"157";"54009 (20192,  87826)";"563 ( 37, 1089)";"262360 (91178, 433542)";"2697 (115, 5278)";"30872 (1276, 60467)";"22343 (1441, 43245)";"4660 (419, 8900)";"6751 (1419, 12083)";"12151 (2554, 21749)";"40%"
"2015-04-16";"156";"53446 (20155,  86737)";"558 ( 38, 1078)";"259664 (91063, 428264)";"2674 (121, 5227)";"30611 (1342, 59879)";"22149 (1491, 42807)";"4618 (430, 8807)";"6692 (1422, 11962)";"12045 (2560, 21531)";"40%"
"2015-04-15";"155";"52888 (20117,  85659)";"553 ( 40, 1067)";"256990 (90942, 423038)";"2651 (126, 5176)";"30351 (1408, 59294)";"21957 (1541, 42372)";"4577 (441, 8714)";"6634 (1426, 11841)";"11940 (2567, 21314)";"40%"
"2015-04-14";"154";"52334 (20077,  84592)";"549 ( 41, 1056)";"254339 (90816, 417862)";"2628 (132, 5125)";"30092 (1474, 58711)";"21765 (1591, 41940)";"4537 (451, 8622)";"6575 (1430, 11721)";"11836 (2573, 21099)";"40%"
"2015-04-13";"153";"51786 (20036,  83535)";"544 ( 42, 1045)";"251710 (90683, 412738)";"2606 (138, 5074)";"29835 (1539, 58131)";"21575 (1641, 41509)";"4496 (462, 8531)";"6518 (1433, 11602)";"11732 (2580, 20884)";"40%"
"2015-04-12";"152";"51242 (19994,  82490)";"539 ( 43, 1035)";"249104 (90545, 407664)";"2584 (144, 5023)";"29580 (1605, 57554)";"21386 (1690, 41082)";"4456 (472, 8440)";"6460 (1437, 11484)";"11629 (2586, 20671)";"40%"
"2015-04-11";"151";"50703 (19950,  81455)";"534 ( 45, 1024)";"246521 (90401, 402641)";"2561 (149, 4973)";"29326 (1671, 56980)";"21198 (1739, 40656)";"4416 (482, 8350)";"6403 (1440, 11367)";"11526 (2593, 20460)";"40%"
"2015-04-10";"150";"50168 (19906,  80431)";"530 ( 46, 1013)";"243960 (90251, 397668)";"2539 (155, 4923)";"29073 (1737, 56408)";"21011 (1788, 40234)";"4376 (493, 8260)";"6347 (1444, 11250)";"11424 (2599, 20249)";"40%"
"2015-04-09";"149";"49639 (19860,  79418)";"525 ( 47, 1003)";"241420 (90096, 392745)";"2517 (161, 4873)";"28821 (1803, 55840)";"20825 (1837, 39814)";"4337 (503, 8171)";"6291 (1448, 11133)";"11323 (2606, 20040)";"40%"
"2015-04-08";"148";"49114 (19812,  78416)";"520 ( 48,  992)";"238903 (89934, 387872)";"2495 (167, 4824)";"28571 (1868, 55275)";"20641 (1885, 39396)";"4298 (513, 8083)";"6235 (1451, 11018)";"11222 (2612, 19833)";"40%"
"2015-04-07";"147";"48594 (19764,  77423)";"516 ( 50,  982)";"236408 (89767, 383048)";"2474 (172, 4775)";"28323 (1934, 54712)";"20457 (1933, 38982)";"4259 (523, 7995)";"6179 (1455, 10903)";"11122 (2619, 19626)";"40%"
"2015-04-06";"146";"48078 (19714,  76442)";"511 ( 51,  971)";"233934 (89595, 378274)";"2452 (178, 4726)";"28076 (1999, 54153)";"20275 (1981, 38570)";"4220 (532, 7908)";"6124 (1458, 10789)";"11023 (2625, 19421)";"40%"
"2015-04-05";"145";"47567 (19663,  75471)";"506 ( 52,  961)";"231482 (89416, 373548)";"2431 (184, 4677)";"27830 (2064, 53597)";"20094 (2028, 38160)";"4182 (542, 7822)";"6069 (1462, 10676)";"10924 (2631, 19217)";"40%"
"2015-04-04";"144";"47061 (19611,  74510)";"502 ( 53,  951)";"229052 (89232, 368872)";"2409 (190, 4629)";"27586 (2128, 53044)";"19914 (2075, 37753)";"4144 (552, 7736)";"6015 (1465, 10564)";"10826 (2637, 19015)";"40%"
"2015-04-03";"143";"46559 (19558,  73559)";"497 ( 54,  941)";"226643 (89042, 364243)";"2388 (195, 4581)";"27344 (2193, 52495)";"19736 (2122, 37349)";"4106 (561, 7651)";"5960 (1469, 10452)";"10729 (2644, 18814)";"40%"
"2015-04-02";"142";"46061 (19504,  72619)";"493 ( 55,  930)";"224255 (88846, 359663)";"2367 (201, 4533)";"27102 (2257, 51948)";"19558 (2168, 36948)";"4068 (571, 7566)";"5907 (1472, 10341)";"10632 (2650, 18614)";"40%"
"2015-04-01";"141";"45568 (19448,  71688)";"488 ( 57,  920)";"221888 (88645, 355130)";"2346 (206, 4486)";"26863 (2320, 51405)";"19382 (2214, 36550)";"4031 (580, 7482)";"5853 (1475, 10231)";"10536 (2656, 18416)";"40%"
"2015-03-31";"140";"45080 (19392,  70768)";"484 ( 58,  910)";"219542 (88439, 350645)";"2325 (212, 4438)";"26625 (2383, 50866)";"19207 (2259, 36154)";"3994 (589, 7399)";"5800 (1479, 10122)";"10440 (2662, 18219)";"40%"
"2015-03-30";"139";"44596 (19334,  69858)";"480 ( 59,  900)";"217217 (88226, 346207)";"2304 (217, 4392)";"26388 (2446, 50330)";"19033 (2304, 35762)";"3957 (598, 7317)";"5748 (1482, 10013)";"10346 (2667, 18024)";"40%"
"2015-03-29";"138";"44116 (19275,  68958)";"475 ( 60,  891)";"214912 (88009, 341816)";"2284 (223, 4345)";"26153 (2509, 49797)";"18860 (2348, 35372)";"3921 (607, 7235)";"5695 (1485,  9905)";"10251 (2673, 17830)";"40%"
"2015-03-28";"137";"43641 (19215,  68067)";"471 ( 61,  881)";"212628 (87785, 337471)";"2263 (228, 4299)";"25919 (2571, 49268)";"18689 (2392, 34985)";"3885 (616, 7153)";"5643 (1488,  9798)";"10158 (2679, 17637)";"40%"
"2015-03-27";"136";"43170 (19153,  67186)";"467 ( 62,  871)";"210365 (87557, 333173)";"2243 (234, 4253)";"25687 (2632, 48742)";"18518 (2436, 34601)";"3849 (624, 7073)";"5592 (1491,  9692)";"10065 (2684, 17446)";"40%"
"2015-03-26";"135";"42703 (19091,  66315)";"462 ( 63,  862)";"208122 (87323, 328921)";"2223 (239, 4207)";"25457 (2693, 48220)";"18349 (2479, 34219)";"3813 (633, 6993)";"5540 (1494,  9587)";" 9973 (2689, 17257)";"40%"
"2015-03-25";"134";"42241 (19028,  65454)";"458 ( 64,  852)";"205899 (87083, 324714)";"2203 (244, 4162)";"25228 (2753, 47702)";"18181 (2521, 33841)";"3777 (641, 6914)";"5490 (1497,  9482)";" 9881 (2694, 17068)";"40%"
"2015-03-24";"133";"41783 (18963,  64602)";"454 ( 65,  843)";"203696 (86839, 320553)";"2183 (249, 4117)";"25000 (2813, 47187)";"18014 (2563, 33466)";"3742 (649, 6835)";"5439 (1500,  9379)";" 9790 (2699, 16882)";"40%"
"2015-03-23";"132";"41329 (18898,  63759)";"450 ( 66,  833)";"201513 (86589, 316437)";"2163 (255, 4072)";"24774 (2872, 46676)";"17849 (2604, 33093)";"3707 (657, 6757)";"5389 (1502,  9276)";" 9700 (2704, 16696)";"40%"
"2015-03-22";"131";"40879 (18831,  62926)";"446 ( 67,  824)";"199349 (86334, 312365)";"2144 (260, 4028)";"24550 (2931, 46168)";"17684 (2645, 32724)";"3673 (665, 6680)";"5339 (1505,  9174)";" 9611 (2709, 16512)";"40%"
"2015-03-21";"130";"40433 (18763,  62103)";"442 ( 68,  815)";"197206 (86074, 308338)";"2124 (265, 3984)";"24327 (2989, 45664)";"17521 (2685, 32357)";"3638 (673, 6604)";"5290 (1508,  9072)";" 9522 (2714, 16330)";"40%"
"2015-03-20";"129";"39992 (18695,  61288)";"437 ( 69,  805)";"195082 (85809, 304355)";"2105 (270, 3940)";"24105 (3046, 45164)";"17359 (2725, 31994)";"3604 (681, 6528)";"5241 (1510,  8972)";" 9434 (2718, 16149)";"40%"
"2015-03-19";"128";"39554 (18625,  60483)";"433 ( 70,  796)";"192977 (85538, 300415)";"2086 (275, 3897)";"23886 (3103, 44668)";"17198 (2764, 31633)";"3570 (688, 6452)";"5192 (1512,  8872)";" 9346 (2722, 15970)";"40%"
"2015-03-18";"127";"39121 (18555,  59687)";"429 ( 71,  787)";"190891 (85263, 296519)";"2067 (280, 3854)";"23667 (3159, 44175)";"17039 (2802, 31275)";"3537 (696, 6378)";"5144 (1515,  8773)";" 9259 (2726, 15792)";"40%"
"2015-03-17";"126";"38691 (18483,  58900)";"425 ( 72,  778)";"188825 (84983, 292666)";"2048 (284, 3811)";"23450 (3215, 43686)";"16880 (2840, 30921)";"3503 (703, 6304)";"5096 (1517,  8675)";" 9173 (2730, 15615)";"40%"
"2015-03-16";"125";"38266 (18411,  58121)";"421 ( 73,  770)";"186777 (84698, 288856)";"2029 (289, 3768)";"23235 (3269, 43201)";"16723 (2878, 30569)";"3470 (710, 6231)";"5048 (1519,  8578)";" 9087 (2734, 15440)";"40%"
"2015-03-15";"124";"37844 (18337,  57352)";"417 ( 74,  761)";"184748 (84408, 285088)";"2010 (294, 3726)";"23022 (3323, 42720)";"16567 (2914, 30220)";"3438 (717, 6158)";"5001 (1521,  8482)";" 9002 (2738, 15267)";"40%"
"2015-03-14";"123";"37427 (18263,  56591)";"414 ( 75,  752)";"182738 (84114, 281362)";"1992 (299, 3685)";"22809 (3377, 42242)";"16412 (2950, 29874)";"3405 (724, 6086)";"4954 (1523,  8386)";" 8918 (2741, 15095)";"40%"
"2015-03-13";"122";"37013 (18187,  55839)";"410 ( 76,  743)";"180746 (83815, 277678)";"1973 (303, 3643)";"22599 (3429, 41769)";"16259 (2986, 29532)";"3373 (731, 6015)";"4908 (1525,  8291)";" 8834 (2744, 14924)";"40%"
"2015-03-12";"121";"36604 (18111,  55096)";"406 ( 77,  735)";"178773 (83511, 274035)";"1955 (308, 3602)";"22390 (3481, 41299)";"16106 (3021, 29192)";"3341 (737, 5944)";"4862 (1526,  8197)";" 8751 (2747, 14755)";"40%"
"2015-03-11";"120";"36198 (18034,  54361)";"402 ( 78,  726)";"176818 (83203, 270433)";"1937 (312, 3562)";"22182 (3532, 40833)";"15955 (3055, 28855)";"3309 (744, 5874)";"4816 (1528,  8104)";" 8669 (2750, 14588)";"40%"
"2015-03-10";"119";"35796 (17956,  53635)";"398 ( 79,  718)";"174882 (82891, 266872)";"1919 (316, 3521)";"21976 (3582, 40371)";"15805 (3088, 28521)";"3278 (750, 5805)";"4771 (1529,  8012)";" 8587 (2753, 14421)";"40%"
"2015-03-09";"118";"35398 (17878,  52918)";"394 ( 79,  710)";"172963 (82574, 263352)";"1901 (321, 3481)";"21772 (3632, 39912)";"15656 (3121, 28190)";"3246 (756, 5736)";"4726 (1531,  7920)";" 8506 (2755, 14257)";"40%"
"2015-03-08";"117";"35003 (17798,  52208)";"391 ( 80,  701)";"171062 (82252, 259871)";"1883 (325, 3441)";"21569 (3680, 39458)";"15508 (3153, 27863)";"3215 (762, 5668)";"4681 (1532,  7830)";" 8425 (2757, 14094)";"40%"
"2015-03-07";"116";"34612 (17718,  51507)";"387 ( 81,  693)";"169179 (81927, 256430)";"1866 (329, 3402)";"21368 (3728, 39007)";"15361 (3185, 27538)";"3185 (768, 5601)";"4636 (1533,  7740)";" 8346 (2759, 13932)";"40%"
"2015-03-06";"115";"34225 (17637,  50814)";"383 ( 82,  685)";"167313 (81597, 253029)";"1848 (333, 3363)";"21168 (3775, 38561)";"15216 (3216, 27216)";"3154 (774, 5534)";"4592 (1534,  7651)";" 8266 (2761, 13772)";"40%"
"2015-03-05";"114";"33842 (17555,  50129)";"380 ( 83,  677)";"165465 (81263, 249666)";"1831 (337, 3324)";"20970 (3822, 38118)";"15072 (3246, 26897)";"3124 (779, 5468)";"4549 (1535,  7563)";" 8188 (2763, 13613)";"40%"
"2015-03-04";"113";"33462 (17472,  49452)";"376 ( 83,  669)";"163634 (80926, 246343)";"1814 (341, 3286)";"20773 (3867, 37679)";"14928 (3276, 26581)";"3094 (785, 5403)";"4506 (1536,  7475)";" 8110 (2764, 13456)";"40%"
"2015-03-03";"112";"33086 (17389,  48783)";"373 ( 84,  661)";"161821 (80584, 243057)";"1797 (345, 3248)";"20578 (3912, 37244)";"14786 (3305, 26268)";"3064 (790, 5338)";"4463 (1537,  7389)";" 8033 (2766, 13300)";"40%"
"2015-03-02";"111";"32713 (17304,  48122)";"369 ( 85,  653)";"160024 (80238, 239810)";"1780 (349, 3210)";"20384 (3956, 36812)";"14646 (3333, 25958)";"3035 (795, 5274)";"4420 (1537,  7303)";" 7956 (2767, 13145)";"40%"
"2015-03-01";"110";"32344 (17220,  47469)";"365 ( 85,  646)";"158244 (79889, 236600)";"1763 (353, 3173)";"20192 (3999, 36385)";"14506 (3361, 25651)";"3005 (800, 5211)";"4378 (1538,  7218)";" 7880 (2768, 12992)";"40%"
"2015-02-28";"109";"31979 (17134,  46824)";"362 ( 86,  638)";"156482 (79536, 233427)";"1746 (356, 3136)";"20001 (4041, 35961)";"14367 (3388, 25346)";"2976 (805, 5148)";"4336 (1538,  7134)";" 7805 (2768, 12841)";"40%"
"2015-02-27";"108";"31617 (17048,  46186)";"359 ( 87,  630)";"154735 (79179, 230292)";"1730 (360, 3099)";"19812 (4082, 35542)";"14230 (3415, 25045)";"2948 (809, 5086)";"4294 (1538,  7051)";" 7730 (2769, 12691)";"40%"
"2015-02-26";"107";"31258 (16961,  45556)";"355 ( 87,  623)";"153006 (78819, 227193)";"1713 (363, 3063)";"19624 (4123, 35126)";"14094 (3440, 24747)";"2919 (814, 5024)";"4253 (1538,  6968)";" 7656 (2769, 12542)";"40%"
"2015-02-25";"106";"30903 (16873,  44933)";"352 ( 88,  615)";"151292 (78455, 224130)";"1697 (367, 3027)";"19438 (4162, 34714)";"13958 (3466, 24451)";"2891 (818, 4963)";"4212 (1538,  6886)";" 7582 (2769, 12395)";"40%"
"2015-02-24";"105";"30552 (16785,  44318)";"348 ( 89,  608)";"149595 (78087, 221104)";"1681 (370, 2991)";"19253 (4201, 34306)";"13824 (3490, 24159)";"2863 (823, 4903)";"4172 (1538,  6805)";" 7509 (2769, 12250)";"40%"
"2015-02-23";"104";"30203 (16696,  43710)";"345 ( 89,  601)";"147915 (77716, 218113)";"1665 (373, 2956)";"19070 (4239, 33901)";"13692 (3514, 23869)";"2835 (827, 4843)";"4132 (1538,  6725)";" 7437 (2769, 12105)";"40%"
"2015-02-22";"103";"29858 (16607,  43110)";"342 ( 90,  593)";"146250 (77342, 215157)";"1649 (377, 2921)";"18888 (4276, 33501)";"13560 (3537, 23582)";"2808 (831, 4784)";"4092 (1538,  6646)";" 7365 (2768, 11962)";"40%"
"2015-02-21";"102";"29517 (16517,  42516)";"338 ( 90,  586)";"144601 (76965, 212236)";"1633 (380, 2887)";"18708 (4312, 33104)";"13429 (3560, 23298)";"2780 (835, 4726)";"4052 (1537,  6567)";" 7294 (2767, 11821)";"40%"
"2015-02-20";"101";"29178 (16427,  41930)";"335 ( 91,  579)";"142968 (76585, 209350)";"1618 (383, 2852)";"18529 (4348, 32711)";"13299 (3582, 23017)";"2753 (838, 4668)";"4013 (1537,  6489)";" 7224 (2767, 11681)";"40%"
"2015-02-19";"100";"28843 (16335,  41351)";"332 ( 91,  572)";"141350 (76201, 206499)";"1602 (386, 2818)";"18352 (4382, 32322)";"13171 (3603, 22739)";"2726 (842, 4611)";"3974 (1536,  6412)";" 7154 (2765, 11542)";"40%"
"2015-02-18";"99";"28511 (16244,  40779)";"329 ( 92,  565)";"139748 (75815, 203681)";"1587 (389, 2785)";"18176 (4416, 31937)";"13044 (3623, 22464)";"2700 (845, 4554)";"3936 (1536,  6336)";" 7085 (2764, 11405)";"40%"
"2015-02-17";"98";"28183 (16152,  40214)";"325 ( 92,  558)";"138161 (75426, 200897)";"1572 (392, 2751)";"18002 (4449, 31555)";"12917 (3643, 22191)";"2673 (849, 4498)";"3898 (1535,  6261)";" 7016 (2763, 11269)";"40%"
"2015-02-16";"97";"27857 (16059,  39655)";"322 ( 93,  552)";"136590 (75034, 198146)";"1556 (394, 2718)";"17829 (4481, 31177)";"12792 (3663, 21921)";"2647 (852, 4443)";"3860 (1534,  6186)";" 6948 (2761, 11135)";"40%"
"2015-02-15";"96";"27535 (15966,  39104)";"319 ( 93,  545)";"135033 (74639, 195428)";"1541 (397, 2686)";"17657 (4512, 30803)";"12668 (3682, 21654)";"2621 (855, 4388)";"3822 (1533,  6112)";" 6880 (2759, 11001)";"40%"
"2015-02-14";"95";"27216 (15873,  38559)";"316 ( 94,  538)";"133492 (74241, 192743)";"1527 (400, 2653)";"17487 (4542, 30432)";"12545 (3700, 21390)";"2596 (858, 4334)";"3785 (1532,  6039)";" 6813 (2757, 10870)";"40%"
"2015-02-13";"94";"26900 (15779,  38021)";"313 ( 94,  532)";"131965 (73841, 190090)";"1512 (402, 2621)";"17319 (4572, 30066)";"12423 (3717, 21128)";"2570 (861, 4280)";"3748 (1530,  5966)";" 6747 (2755, 10739)";"40%"
"2015-02-12";"93";"26587 (15684,  37489)";"310 ( 95,  525)";"130453 (73438, 187469)";"1497 (405, 2590)";"17152 (4600, 29703)";"12302 (3734, 20870)";"2545 (863, 4227)";"3712 (1529,  5895)";" 6681 (2752, 10610)";"40%"
"2015-02-11";"92";"26277 (15589,  36964)";"307 ( 95,  519)";"128956 (73033, 184880)";"1483 (407, 2558)";"16986 (4628, 29343)";"12182 (3750, 20614)";"2520 (866, 4174)";"3676 (1527,  5824)";" 6616 (2749, 10482)";"40%"
"2015-02-10";"91";"25970 (15494,  36446)";"304 ( 96,  512)";"127473 (72625, 182322)";"1468 (409, 2527)";"16821 (4655, 28988)";"12063 (3766, 20360)";"2495 (868, 4122)";"3640 (1526,  5753)";" 6551 (2747, 10356)";"40%"
"2015-02-09";"90";"25666 (15398,  35934)";"301 ( 96,  506)";"126005 (72215, 179795)";"1454 (412, 2497)";"16658 (4681, 28636)";"11945 (3781, 20109)";"2471 (871, 4071)";"3604 (1524,  5684)";" 6487 (2744, 10231)";"40%"
"2015-02-08";"89";"25365 (15302,  35428)";"298 ( 96,  500)";"124551 (71803, 177299)";"1440 (414, 2466)";"16497 (4707, 28287)";"11829 (3796, 19861)";"2447 (873, 4020)";"3569 (1522,  5615)";" 6424 (2740, 10107)";"40%"
"2015-02-07";"88";"25067 (15206,  34928)";"295 ( 97,  494)";"123111 (71388, 174833)";"1426 (416, 2436)";"16337 (4731, 27942)";"11713 (3810, 19616)";"2422 (875, 3970)";"3534 (1520,  5547)";" 6361 (2737,  9985)";"40%"
"2015-02-06";"87";"24772 (15109,  34435)";"292 ( 97,  487)";"121685 (70972, 172398)";"1412 (418, 2406)";"16178 (4755, 27601)";"11598 (3823, 19373)";"2399 (877, 3920)";"3499 (1518,  5480)";" 6298 (2733,  9864)";"40%"
"2015-02-05";"86";"24480 (15012,  33947)";"289 ( 97,  481)";"120273 (70553, 169992)";"1398 (420, 2377)";"16021 (4778, 27263)";"11484 (3836, 19133)";"2375 (879, 3871)";"3465 (1516,  5413)";" 6237 (2729,  9744)";"40%"
"2015-02-04";"85";"24190 (14915,  33466)";"286 ( 98,  475)";"118874 (70133, 167616)";"1385 (422, 2348)";"15864 (4800, 26929)";"11372 (3848, 18896)";"2351 (880, 3823)";"3431 (1514,  5347)";" 6175 (2726,  9625)";"40%"
"2015-02-03";"84";"23904 (14817,  32991)";"284 ( 98,  470)";"117489 (69710, 165268)";"1371 (424, 2319)";"15710 (4821, 26598)";"11260 (3859, 18661)";"2328 (882, 3774)";"3397 (1512,  5282)";" 6115 (2721,  9508)";"40%"
"2015-02-02";"83";"23620 (14719,  32521)";"281 ( 98,  464)";"116118 (69286, 162950)";"1358 (426, 2290)";"15556 (4842, 26271)";"11149 (3870, 18429)";"2305 (883, 3727)";"3364 (1509,  5218)";" 6055 (2717,  9392)";"40%"
"2015-02-01";"82";"23339 (14621,  32058)";"278 ( 98,  458)";"114760 (68860, 160660)";"1345 (427, 2262)";"15405 (4861, 25948)";"11040 (3881, 18199)";"2282 (885, 3680)";"3331 (1507,  5154)";" 5995 (2713,  9277)";"40%"
"2015-01-31";"81";"23061 (14523,  31600)";"275 ( 99,  452)";"113415 (68432, 158399)";"1332 (429, 2234)";"15254 (4880, 25627)";"10931 (3891, 17971)";"2260 (886, 3634)";"3298 (1504,  5091)";" 5936 (2708,  9164)";"40%"
"2015-01-30";"80";"22786 (14424,  31148)";"273 ( 99,  446)";"112084 (68003, 156165)";"1318 (430, 2206)";"15105 (4899, 25310)";"10823 (3900, 17747)";"2237 (887, 3588)";"3265 (1502,  5029)";" 5877 (2703,  9052)";"40%"
"2015-01-29";"79";"22513 (14325,  30702)";"270 ( 99,  441)";"110765 (67572, 153959)";"1306 (432, 2179)";"14957 (4916, 24997)";"10717 (3909, 17524)";"2215 (888, 3542)";"3233 (1499,  4967)";" 5819 (2698,  8941)";"40%"
"2015-01-28";"78";"22243 (14226,  30261)";"267 ( 99,  435)";"109460 (67139, 151780)";"1293 (433, 2152)";"14810 (4933, 24687)";"10611 (3917, 17305)";"2193 (889, 3497)";"3201 (1496,  4906)";" 5762 (2693,  8831)";"40%"
"2015-01-27";"77";"21976 (14126,  29825)";"265 ( 99,  430)";"108167 (66706, 149629)";"1280 (435, 2125)";"14665 (4949, 24380)";"10506 (3925, 17087)";"2171 (890, 3453)";"3169 (1493,  4846)";" 5705 (2688,  8722)";"40%"
"2015-01-26";"76";"21711 (14027,  29396)";"262 (100,  424)";"106887 (66270, 147504)";"1267 (436, 2099)";"14521 (4964, 24077)";"10402 (3932, 16872)";"2150 (890, 3409)";"3138 (1490,  4786)";" 5648 (2682,  8615)";"40%"
"2015-01-25";"75";"21449 (13927,  28971)";"259 (100,  419)";"105620 (65834, 145406)";"1255 (437, 2073)";"14378 (4978, 23777)";"10299 (3939, 16660)";"2128 (891, 3366)";"3107 (1487,  4727)";" 5593 (2677,  8508)";"40%"
"2015-01-24";"74";"21190 (13827,  28552)";"257 (100,  414)";"104365 (65396, 143333)";"1243 (438, 2047)";"14236 (4992, 23480)";"10197 (3945, 16450)";"2107 (892, 3323)";"3076 (1484,  4669)";" 5537 (2671,  8403)";"40%"
"2015-01-23";"73";"20933 (13727,  28139)";"254 (100,  409)";"103122 (64957, 141287)";"1230 (440, 2021)";"14096 (5005, 23187)";"10096 (3951, 16242)";"2086 (892, 3281)";"3046 (1480,  4611)";" 5482 (2665,  8300)";"40%"
"2015-01-22";"72";"20679 (13627,  27730)";"252 (100,  403)";"101892 (64517, 139266)";"1218 (441, 1996)";"13957 (5017, 22897)";" 9996 (3956, 16037)";"2066 (892, 3239)";"3015 (1477,  4554)";" 5428 (2659,  8197)";"40%"
"2015-01-21";"71";"20427 (13527,  27327)";"249 (100,  398)";"100673 (64076, 137271)";"1206 (442, 1971)";"13819 (5029, 22610)";" 9897 (3960, 15834)";"2045 (892, 3198)";"2986 (1474,  4497)";" 5374 (2653,  8095)";"40%"
"2015-01-20";"70";"20177 (13426,  26928)";"247 (100,  393)";" 99467 (63634, 135300)";"1194 (443, 1946)";"13683 (5040, 22326)";" 9799 (3965, 15633)";"2025 (893, 3157)";"2956 (1470,  4442)";" 5321 (2646,  7995)";"40%"
"2015-01-19";"69";"19931 (13326,  26535)";"244 (101,  388)";" 98273 (63191, 133355)";"1183 (443, 1922)";"13548 (5050, 22046)";" 9702 (3968, 15435)";"2004 (893, 3116)";"2926 (1466,  4387)";" 5268 (2640,  7896)";"40%"
"2015-01-18";"68";"19686 (13225,  26147)";"242 (101,  383)";" 97090 (62747, 131433)";"1171 (444, 1897)";"13414 (5060, 21768)";" 9605 (3972, 15239)";"1984 (892, 3076)";"2897 (1463,  4332)";" 5215 (2633,  7798)";"40%"
"2015-01-17";"67";"19444 (13125,  25764)";"240 (101,  378)";" 95919 (62303, 129536)";"1159 (445, 1874)";"13281 (5068, 21494)";" 9510 (3974, 15045)";"1965 (892, 3037)";"2869 (1459,  4278)";" 5163 (2626,  7701)";"40%"
"2015-01-16";"66";"19205 (13024,  25385)";"237 (101,  374)";" 94760 (61857, 127663)";"1148 (446, 1850)";"13150 (5077, 21223)";" 9415 (3977, 14853)";"1945 (892, 2998)";"2840 (1455,  4225)";" 5112 (2619,  7605)";"40%"
"2015-01-15";"65";"18967 (12923,  25012)";"235 (101,  369)";" 93612 (61411, 125814)";"1136 (446, 1826)";"13019 (5084, 20955)";" 9321 (3978, 14664)";"1925 (892, 2959)";"2812 (1451,  4172)";" 5061 (2612,  7510)";"40%"
"2015-01-14";"64";"18733 (12822,  24643)";"232 (101,  364)";" 92476 (60965, 123988)";"1125 (447, 1803)";"12890 (5091, 20690)";" 9228 (3980, 14477)";"1906 (891, 2921)";"2784 (1447,  4120)";" 5011 (2605,  7416)";"40%"
"2015-01-13";"63";"18500 (12721,  24279)";"230 (101,  360)";" 91351 (60517, 122185)";"1114 (447, 1781)";"12762 (5097, 20428)";" 9136 (3981, 14292)";"1887 (891, 2884)";"2756 (1443,  4069)";" 4961 (2598,  7324)";"40%"
"2015-01-12";"62";"18270 (12621,  23919)";"228 (101,  355)";" 90237 (60070, 120405)";"1103 (448, 1758)";"12636 (5103, 20168)";" 9045 (3981, 14109)";"1868 (890, 2847)";"2728 (1439,  4018)";" 4911 (2590,  7232)";"40%"
"2015-01-11";"61";"18042 (12520,  23565)";"226 (101,  350)";" 89134 (59621, 118647)";"1092 (448, 1736)";"12510 (5108, 19912)";" 8955 (3981, 13928)";"1850 (889, 2810)";"2701 (1435,  3967)";" 4862 (2583,  7141)";"40%"
"2015-01-10";"60";"17817 (12419,  23214)";"223 (101,  346)";" 88042 (59173, 116912)";"1081 (449, 1714)";"12386 (5112, 19659)";" 8866 (3981, 13750)";"1831 (888, 2774)";"2674 (1431,  3918)";" 4813 (2575,  7052)";"40%"
"2015-01-09";"59";"17593 (12318,  22869)";"221 (101,  341)";" 86961 (58724, 115199)";"1070 (449, 1692)";"12263 (5116, 19409)";" 8777 (3980, 13573)";"1813 (888, 2738)";"2647 (1426,  3869)";" 4765 (2567,  6964)";"40%"
"2015-01-08";"58";"17372 (12217,  22527)";"219 (101,  337)";" 85891 (58274, 113507)";"1060 (449, 1670)";"12141 (5119, 19162)";" 8689 (3979, 13399)";"1794 (887, 2702)";"2621 (1422,  3820)";" 4718 (2559,  6876)";"40%"
"2015-01-07";"57";"17153 (12116,  22190)";"217 (101,  333)";" 84831 (57825, 111838)";"1049 (449, 1649)";"12020 (5122, 18917)";" 8602 (3978, 13227)";"1776 (886, 2667)";"2595 (1417,  3772)";" 4670 (2551,  6790)";"40%"
"2015-01-06";"56";"16937 (12015,  21858)";"215 (101,  328)";" 83782 (57375, 110189)";"1039 (450, 1628)";"11900 (5124, 18676)";" 8516 (3976, 13057)";"1759 (884, 2633)";"2569 (1413,  3725)";" 4624 (2543,  6704)";"40%"
"2015-01-05";"55";"16722 (11915,  21529)";"212 (101,  324)";" 82744 (56925, 108562)";"1028 (450, 1607)";"11781 (5125, 18437)";" 8431 (3973, 12888)";"1741 (883, 2599)";"2543 (1408,  3678)";" 4577 (2535,  6620)";"40%"
"2015-01-04";"54";"16510 (11814,  21205)";"210 (100,  320)";" 81715 (56475, 106955)";"1018 (450, 1586)";"11664 (5126, 18201)";" 8347 (3971, 12722)";"1723 (882, 2565)";"2517 (1404,  3631)";" 4531 (2526,  6537)";"40%"
"2015-01-03";"53";"16299 (11714,  20885)";"208 (100,  316)";" 80697 (56025, 105369)";"1008 (450, 1566)";"11547 (5126, 17968)";" 8263 (3968, 12558)";"1706 (881, 2532)";"2492 (1399,  3586)";" 4486 (2518,  6454)";"40%"
"2015-01-02";"52";"16091 (11613,  20569)";"206 (100,  312)";" 79689 (55575, 103804)";" 998 (450, 1546)";"11432 (5126, 17738)";" 8180 (3964, 12396)";"1689 (879, 2499)";"2467 (1394,  3540)";" 4441 (2509,  6373)";"40%"
"2015-01-01";"51";"15885 (11513,  20258)";"204 (100,  308)";" 78692 (55125, 102258)";" 988 (450, 1526)";"11318 (5125, 17510)";" 8098 (3960, 12236)";"1672 (878, 2466)";"2442 (1389,  3496)";" 4396 (2501,  6292)";"40%"
"2014-12-31";"50";"15681 (11412,  19950)";"202 (100,  304)";" 77704 (54675, 100732)";" 978 (449, 1506)";"11204 (5124, 17285)";" 8017 (3956, 12077)";"1655 (876, 2434)";"2418 (1384,  3452)";" 4352 (2492,  6213)";"40%"
"2014-12-30";"49";"15479 (11312,  19646)";"200 (100,  300)";" 76726 (54226,  99226)";" 968 (449, 1487)";"11092 (5122, 17063)";" 7936 (3952, 11921)";"1638 (875, 2402)";"2394 (1379,  3408)";" 4309 (2483,  6134)";"40%"
"2014-12-29";"48";"15279 (11212,  19346)";"198 (100,  296)";" 75758 (53776,  97739)";" 958 (449, 1468)";"10981 (5120, 16843)";" 7857 (3947, 11766)";"1622 (873, 2371)";"2370 (1374,  3365)";" 4265 (2474,  6057)";"40%"
"2014-12-28";"47";"15081 (11112,  19051)";"196 (100,  292)";" 74799 (53327,  96272)";" 949 (449, 1449)";"10871 (5117, 16626)";" 7778 (3942, 11614)";"1606 (871, 2340)";"2346 (1369,  3322)";" 4222 (2465,  5980)";"40%"
"2014-12-27";"46";"14885 (11012,  18758)";"194 (100,  288)";" 73850 (52878,  94823)";" 939 (448, 1430)";"10762 (5113, 16411)";" 7699 (3936, 11463)";"1589 (869, 2309)";"2322 (1364,  3280)";" 4180 (2456,  5904)";"40%"
"2014-12-26";"45";"14692 (10913,  18470)";"192 ( 99,  285)";" 72911 (52429,  93393)";" 930 (448, 1412)";"10655 (5110, 16199)";" 7622 (3930, 11314)";"1573 (868, 2279)";"2299 (1359,  3239)";" 4138 (2447,  5829)";"40%"
"2014-12-25";"44";"14500 (10813,  18186)";"190 ( 99,  281)";" 71981 (51981,  91982)";" 921 (448, 1394)";"10548 (5105, 15990)";" 7545 (3924, 11167)";"1558 (866, 2249)";"2276 (1354,  3197)";" 4096 (2437,  5755)";"40%"
"2014-12-24";"43";"14309 (10714,  17905)";"188 ( 99,  277)";" 71061 (51533,  90589)";" 911 (447, 1376)";"10442 (5100, 15783)";" 7469 (3918, 11021)";"1542 (864, 2220)";"2253 (1349,  3157)";" 4055 (2428,  5682)";"40%"
"2014-12-23";"42";"14121 (10615,  17628)";"186 ( 99,  274)";" 70149 (51085,  89213)";" 902 (447, 1358)";"10337 (5095, 15579)";" 7394 (3911, 10878)";"1526 (862, 2191)";"2230 (1344,  3117)";" 4014 (2418,  5610)";"40%"
"2014-12-22";"41";"13935 (10516,  17354)";"184 ( 99,  270)";" 69247 (50638,  87856)";" 893 (446, 1340)";"10233 (5090, 15377)";" 7320 (3904, 10736)";"1511 (860, 2162)";"2208 (1338,  3077)";" 3974 (2409,  5539)";"40%"
"2014-12-21";"40";"13751 (10417,  17084)";"183 ( 99,  267)";" 68354 (50192,  86516)";" 884 (446, 1323)";"10130 (5083, 15178)";" 7246 (3896, 10596)";"1496 (857, 2134)";"2185 (1333,  3038)";" 3934 (2399,  5468)";"40%"
"2014-12-20";"39";"13568 (10318,  16818)";"181 ( 98,  263)";" 67470 (49746,  85194)";" 875 (445, 1306)";"10029 (5077, 14981)";" 7173 (3889, 10457)";"1481 (855, 2106)";"2163 (1328,  2999)";" 3894 (2390,  5399)";"40%"
"2014-12-19";"38";"13387 (10220,  16555)";"179 ( 98,  260)";" 66595 (49300,  83889)";" 866 (444, 1289)";" 9928 (5070, 14786)";" 7101 (3881, 10321)";"1466 (853, 2078)";"2142 (1322,  2961)";" 3855 (2380,  5330)";"40%"
"2014-12-18";"37";"13209 (10122,  16295)";"177 ( 98,  256)";" 65728 (48856,  82600)";" 858 (444, 1272)";" 9828 (5062, 14594)";" 7029 (3872, 10186)";"1451 (851, 2051)";"2120 (1317,  2923)";" 3816 (2370,  5262)";"40%"
"2014-12-17";"36";"13032 (10024,  16039)";"175 ( 98,  253)";" 64870 (48412,  81329)";" 849 (443, 1255)";" 9729 (5054, 14404)";" 6958 (3864, 10053)";"1436 (848, 2024)";"2099 (1311,  2886)";" 3777 (2360,  5195)";"40%"
"2014-12-16";"35";"12856 ( 9926,  15787)";"174 ( 97,  250)";" 64021 (47968,  80074)";" 841 (442, 1239)";" 9631 (5046, 14216)";" 6888 (3855,  9921)";"1422 (846, 1997)";"2077 (1306,  2849)";" 3739 (2350,  5129)";"40%"
"2014-12-15";"34";"12683 ( 9828,  15537)";"172 ( 97,  246)";" 63181 (47526,  78835)";" 832 (441, 1223)";" 9534 (5037, 14031)";" 6819 (3846,  9791)";"1407 (843, 1971)";"2056 (1300,  2813)";" 3702 (2340,  5063)";"40%"
"2014-12-14";"33";"12511 ( 9731,  15291)";"170 ( 97,  243)";" 62348 (47084,  77613)";" 824 (441, 1207)";" 9438 (5028, 13848)";" 6750 (3837,  9663)";"1393 (841, 1945)";"2036 (1294,  2777)";" 3664 (2330,  4998)";"40%"
"2014-12-13";"32";"12341 ( 9634,  15048)";"168 ( 97,  240)";" 61525 (46643,  76407)";" 815 (440, 1191)";" 9343 (5019, 13667)";" 6682 (3827,  9536)";"1379 (838, 1919)";"2015 (1289,  2741)";" 3627 (2320,  4934)";"40%"
"2014-12-12";"31";"12173 ( 9537,  14808)";"167 ( 97,  237)";" 60709 (46203,  75216)";" 807 (439, 1175)";" 9249 (5009, 13489)";" 6614 (3817,  9411)";"1365 (836, 1894)";"1995 (1283,  2706)";" 3591 (2310,  4871)";"40%"
"2014-12-11";"30";"12006 ( 9441,  14572)";"165 ( 96,  234)";" 59902 (45763,  74041)";" 799 (438, 1160)";" 9156 (4999, 13312)";" 6547 (3807,  9287)";"1351 (833, 1869)";"1975 (1277,  2672)";" 3554 (2299,  4809)";"40%"
"2014-12-10";"29";"11841 ( 9344,  14338)";"163 ( 96,  231)";" 59103 (45325,  72881)";" 791 (437, 1145)";" 9063 (4988, 13138)";" 6481 (3797,  9165)";"1337 (830, 1844)";"1955 (1272,  2637)";" 3518 (2289,  4747)";"40%"
"2014-12-09";"28";"11678 ( 9248,  14108)";"162 ( 96,  227)";" 58312 (44888,  71736)";" 783 (436, 1130)";" 8972 (4978, 12966)";" 6416 (3787,  9044)";"1324 (828, 1820)";"1935 (1266,  2604)";" 3483 (2279,  4687)";"40%"
"2014-12-08";"27";"11516 ( 9152,  13880)";"160 ( 95,  224)";" 57529 (44451,  70607)";" 775 (435, 1115)";" 8881 (4966, 12796)";" 6351 (3776,  8925)";"1310 (825, 1796)";"1915 (1260,  2570)";" 3447 (2268,  4627)";"40%"
"2014-12-07";"26";"11356 ( 9057,  13656)";"158 ( 95,  222)";" 56754 (44016,  69492)";" 767 (434, 1101)";" 8792 (4955, 12629)";" 6286 (3765,  8808)";"1297 (822, 1772)";"1896 (1254,  2537)";" 3413 (2258,  4567)";"40%"
"2014-12-06";"25";"11198 ( 8962,  13434)";"157 ( 95,  219)";" 55987 (43581,  68392)";" 760 (433, 1086)";" 8703 (4943, 12463)";" 6223 (3754,  8692)";"1284 (819, 1749)";"1877 (1249,  2505)";" 3378 (2248,  4509)";"40%"
"2014-12-05";"24";"11041 ( 8867,  13216)";"155 ( 95,  216)";" 55227 (43148,  67306)";" 752 (432, 1072)";" 8615 (4931, 12299)";" 6160 (3743,  8577)";"1271 (816, 1726)";"1858 (1243,  2473)";" 3344 (2237,  4451)";"40%"
"2014-12-04";"23";"10886 ( 8772,  13000)";"154 ( 94,  213)";" 54475 (42716,  66234)";" 744 (431, 1058)";" 8528 (4918, 12138)";" 6098 (3731,  8464)";"1258 (814, 1703)";"1839 (1237,  2441)";" 3310 (2227,  4394)";"40%"
"2014-12-03";"22";"10732 ( 8678,  12787)";"152 ( 94,  210)";" 53731 (42285,  65177)";" 737 (430, 1044)";" 8442 (4905, 11978)";" 6036 (3719,  8352)";"1245 (811, 1680)";"1820 (1231,  2410)";" 3277 (2216,  4337)";"40%"
"2014-12-02";"21";"10580 ( 8583,  12577)";"150 ( 94,  207)";" 52994 (41855,  64134)";" 729 (429, 1030)";" 8356 (4892, 11821)";" 5975 (3707,  8242)";"1233 (808, 1658)";"1802 (1225,  2379)";" 3243 (2205,  4281)";"40%"
"2014-12-01";"20";"10430 ( 8490,  12370)";"149 ( 93,  205)";" 52265 (41426,  63104)";" 722 (427, 1017)";" 8272 (4879, 11665)";" 5914 (3695,  8133)";"1220 (805, 1636)";"1784 (1219,  2348)";" 3210 (2195,  4226)";"40%"
"2014-11-30";"19";"10281 ( 8396,  12166)";"147 ( 93,  202)";" 51543 (40998,  62088)";" 715 (426, 1003)";" 8188 (4865, 11512)";" 5854 (3683,  8025)";"1208 (802, 1614)";"1766 (1213,  2318)";" 3178 (2184,  4172)";"40%"
"2014-11-29";"18";"10133 ( 8303,  11964)";"146 ( 93,  199)";" 50828 (40572,  61085)";" 707 (425,  990)";" 8106 (4851, 11360)";" 5795 (3671,  7919)";"1196 (799, 1593)";"1748 (1207,  2288)";" 3146 (2173,  4118)";"40%"
"2014-11-28";"17";" 9988 ( 8210,  11765)";"144 ( 92,  197)";" 50121 (40146,  60095)";" 700 (424,  977)";" 8023 (4837, 11210)";" 5736 (3658,  7814)";"1184 (795, 1572)";"1730 (1201,  2258)";" 3114 (2163,  4065)";"40%"
"2014-11-27";"16";" 9843 ( 8118,  11568)";"143 ( 92,  194)";" 49421 (39722,  59119)";" 693 (422,  964)";" 7942 (4822, 11063)";" 5678 (3645,  7711)";"1172 (792, 1551)";"1712 (1195,  2229)";" 3082 (2152,  4013)";"40%"
"2014-11-26";"15";" 9700 ( 8025,  11375)";"142 ( 92,  191)";" 48727 (39300,  58155)";" 686 (421,  951)";" 7862 (4807, 10917)";" 5621 (3632,  7609)";"1160 (789, 1530)";"1695 (1189,  2201)";" 3051 (2141,  3961)";"40%"
"2014-11-25";"14";" 9558 ( 7934,  11183)";"140 ( 91,  189)";" 48041 (38878,  57204)";" 679 (420,  939)";" 7782 (4792, 10772)";" 5564 (3619,  7508)";"1148 (786, 1510)";"1678 (1183,  2172)";" 3020 (2130,  3910)";"40%"
"2014-11-24";"13";" 9418 ( 7842,  10995)";"139 ( 91,  186)";" 47362 (38458,  56266)";" 672 (418,  926)";" 7703 (4777, 10630)";" 5507 (3606,  7408)";"1136 (783, 1490)";"1661 (1177,  2144)";" 2990 (2119,  3860)";"40%"
"2014-11-23";"12";" 9280 ( 7751,  10808)";"137 ( 91,  184)";" 46690 (38040,  55340)";" 666 (417,  914)";" 7625 (4761, 10490)";" 5451 (3592,  7310)";"1125 (780, 1470)";"1644 (1171,  2117)";" 2959 (2108,  3810)";"40%"
"2014-11-22";"11";" 9142 ( 7660,  10625)";"136 ( 90,  181)";" 46024 (37622,  54426)";" 659 (416,  902)";" 7548 (4746, 10351)";" 5396 (3579,  7213)";"1113 (776, 1450)";"1627 (1165,  2089)";" 2929 (2098,  3761)";"40%"
"2014-11-21";"10";" 9006 ( 7569,  10443)";"135 ( 90,  179)";" 45365 (37206,  53525)";" 652 (414,  890)";" 7472 (4730, 10214)";" 5341 (3565,  7117)";"1102 (773, 1431)";"1611 (1159,  2062)";" 2899 (2087,  3712)";"40%"
"2014-11-20";"9";" 8872 ( 7479,  10264)";"133 ( 90,  177)";" 44713 (36792,  52635)";" 645 (413,  878)";" 7396 (4713, 10079)";" 5287 (3551,  7023)";"1091 (770, 1412)";"1594 (1153,  2036)";" 2870 (2076,  3664)";"40%"
"2014-11-19";"8";" 8739 ( 7389,  10088)";"132 ( 89,  174)";" 44068 (36379,  51757)";" 639 (411,  867)";" 7321 (4697,  9945)";" 5233 (3537,  6929)";"1080 (766, 1393)";"1578 (1147,  2009)";" 2841 (2065,  3617)";"40%"
"2014-11-18";"7";" 8607 ( 7300,   9914)";"130 ( 89,  172)";" 43429 (35967,  50891)";" 632 (410,  855)";" 7247 (4680,  9813)";" 5180 (3523,  6837)";"1069 (763, 1374)";"1562 (1141,  1984)";" 2812 (2054,  3570)";"40%"
"2014-11-17";"6";" 8476 ( 7211,   9742)";"129 ( 89,  170)";" 42796 (35557,  50036)";" 626 (408,  844)";" 7173 (4663,  9683)";" 5128 (3509,  6746)";"1058 (760, 1356)";"1546 (1135,  1958)";" 2784 (2043,  3524)";"40%"
"2014-11-16";"5";" 8347 ( 7122,   9572)";"128 ( 88,  167)";" 42170 (35148,  49193)";" 620 (407,  833)";" 7101 (4646,  9555)";" 5076 (3495,  6657)";"1047 (756, 1338)";"1531 (1129,  1933)";" 2755 (2032,  3479)";"40%"
"2014-11-15";"4";" 8219 ( 7034,   9405)";"127 ( 88,  165)";" 41551 (34741,  48360)";" 613 (405,  822)";" 7029 (4629,  9428)";" 5024 (3480,  6568)";"1036 (753, 1320)";"1515 (1123,  1908)";" 2727 (2021,  3434)";"40%"
"2014-11-14";"3";" 8093 ( 6946,   9240)";"125 ( 88,  163)";" 40937 (34335,  47539)";" 607 (404,  811)";" 6957 (4612,  9303)";" 4973 (3466,  6480)";"1026 (749, 1303)";"1500 (1117,  1883)";" 2700 (2010,  3389)";"40%"
"2014-11-13";"2";" 7967 ( 6858,   9077)";"124 ( 87,  161)";" 40330 (33931,  46729)";" 601 (402,  800)";" 6887 (4594,  9179)";" 4923 (3451,  6394)";"1016 (746, 1285)";"1485 (1111,  1859)";" 2672 (1999,  3345)";"40%"
"2014-11-12";"1";" 7843 ( 6771,   8916)";"123 ( 87,  159)";" 39729 (33529,  45929)";" 595 (401,  789)";" 6817 (4576,  9057)";" 4873 (3437,  6309)";"1005 (742, 1268)";"1469 (1104,  1834)";" 2645 (1988,  3302)";"40%"
"2014-11-11";"0";" 7721 ( 6684,   8758)";"121 ( 86,  157)";" 39134 (33128,  45141)";" 589 (399,  779)";" 6748 (4558,  8937)";" 4823 (3422,  6225)";" 995 (739, 1251)";"1455 (1098,  1811)";" 2618 (1977,  3259)";"40%"
"2014-11-10";"-1";" 7599 ( 6597,   8601)";"120 ( 86,  154)";" 38545 (32728,  44362)";" 583 (397,  768)";" 6679 (4540,  8818)";" 4774 (3407,  6142)";" 985 (735, 1234)";"1440 (1092,  1787)";" 2592 (1966,  3217)";"40%"
"2014-11-09";"-2";" 7479 ( 6511,   8447)";"119 ( 86,  152)";" 37962 (32330,  43594)";" 577 (396,  758)";" 6611 (4522,  8701)";" 4726 (3392,  6060)";" 975 (732, 1218)";"1425 (1086,  1764)";" 2565 (1955,  3175)";"40%"
"2014-11-08";"-3";" 7360 ( 6425,   8294)";"118 ( 85,  150)";" 37385 (31934,  42837)";" 571 (394,  748)";" 6544 (4504,  8585)";" 4678 (3377,  5979)";" 965 (728, 1201)";"1411 (1080,  1741)";" 2539 (1944,  3134)";"40%"
"2014-11-07";"-4";" 7242 ( 6340,   8144)";"117 ( 85,  148)";" 36814 (31539,  42089)";" 565 (393,  738)";" 6478 (4485,  8471)";" 4630 (3361,  5899)";" 955 (725, 1185)";"1396 (1074,  1719)";" 2513 (1933,  3094)";"40%"
"2014-11-06";"-5";" 7125 ( 6255,   7996)";"115 ( 85,  146)";" 36249 (31146,  41351)";" 560 (391,  728)";" 6412 (4466,  8358)";" 4583 (3346,  5820)";" 945 (721, 1170)";"1382 (1068,  1696)";" 2488 (1922,  3054)";"40%"
"2014-11-05";"-6";" 7010 ( 6170,   7850)";"114 ( 84,  144)";" 35689 (30755,  40623)";" 554 (389,  719)";" 6347 (4448,  8246)";" 4537 (3331,  5743)";" 936 (718, 1154)";"1368 (1062,  1674)";" 2463 (1911,  3014)";"40%"
"2014-11-04";"-7";" 6896 ( 6086,   7705)";"113 ( 84,  142)";" 35135 (30365,  39905)";" 548 (388,  709)";" 6282 (4429,  8136)";" 4491 (3315,  5666)";" 926 (714, 1138)";"1354 (1056,  1653)";" 2438 (1900,  2975)";"40%"
"2014-11-03";"-8";" 6783 ( 6002,   7563)";"112 ( 83,  141)";" 34587 (29977,  39197)";" 543 (386,  699)";" 6219 (4409,  8028)";" 4445 (3300,  5590)";" 917 (711, 1123)";"1340 (1050,  1631)";" 2413 (1889,  2936)";"40%"
"2014-11-02";"-9";" 6671 ( 5919,   7422)";"111 ( 83,  139)";" 34044 (29591,  38498)";" 537 (384,  690)";" 6156 (4390,  7921)";" 4400 (3284,  5515)";" 908 (707, 1108)";"1327 (1043,  1610)";" 2388 (1878,  2898)";"40%"
"2014-11-01";"-10";" 6560 ( 5836,   7284)";"110 ( 83,  137)";" 33507 (29206,  37808)";" 532 (383,  681)";" 6093 (4371,  7815)";" 4355 (3269,  5441)";" 898 (703, 1093)";"1313 (1037,  1589)";" 2364 (1867,  2861)";"40%"
"2014-10-31";"-11";" 6450 ( 5753,   7147)";"109 ( 82,  135)";" 32975 (28823,  37127)";" 526 (381,  672)";" 6031 (4351,  7711)";" 4311 (3253,  5369)";" 889 (700, 1079)";"1300 (1031,  1569)";" 2340 (1856,  2824)";"40%"
"2014-10-30";"-12";" 6342 ( 5671,   7012)";"107 ( 82,  133)";" 32449 (28442,  36456)";" 521 (379,  663)";" 5970 (4332,  7608)";" 4267 (3237,  5297)";" 880 (696, 1064)";"1287 (1025,  1548)";" 2316 (1845,  2787)";"40%"
"2014-10-29";"-13";" 6234 ( 5589,   6879)";"106 ( 81,  131)";" 31928 (28062,  35794)";" 516 (377,  654)";" 5909 (4312,  7506)";" 4224 (3221,  5226)";" 871 (693, 1050)";"1274 (1019,  1528)";" 2293 (1835,  2751)";"40%"
"2014-10-28";"-14";" 6128 ( 5508,   6748)";"105 ( 81,  130)";" 31412 (27685,  35140)";" 510 (376,  645)";" 5849 (4292,  7406)";" 4181 (3205,  5156)";" 862 (689, 1036)";"1261 (1013,  1508)";" 2269 (1824,  2715)";"40%"
"2014-10-27";"-15";" 6022 ( 5427,   6618)";"104 ( 81,  128)";" 30902 (27308,  34495)";" 505 (374,  637)";" 5790 (4273,  7307)";" 4138 (3190,  5087)";" 854 (685, 1022)";"1248 (1007,  1489)";" 2246 (1813,  2680)";"40%"
"2014-10-26";"-16";" 5918 ( 5346,   6491)";"103 ( 80,  126)";" 30397 (26934,  33859)";" 500 (372,  628)";" 5731 (4253,  7209)";" 4096 (3174,  5019)";" 845 (682, 1008)";"1235 (1001,  1469)";" 2223 (1802,  2645)";"40%"
"2014-10-25";"-17";" 5815 ( 5266,   6364)";"102 ( 80,  125)";" 29896 (26561,  33231)";" 495 (370,  620)";" 5673 (4233,  7113)";" 4054 (3158,  4951)";" 836 (678,  995)";"1223 ( 995,  1450)";" 2201 (1791,  2611)";"40%"
"2014-10-24";"-18";" 5713 ( 5186,   6240)";"101 ( 79,  123)";" 29401 (26191,  32612)";" 490 (369,  611)";" 5615 (4212,  7018)";" 4013 (3142,  4885)";" 828 (674,  981)";"1210 ( 989,  1432)";" 2178 (1780,  2577)";"40%"
"2014-10-23";"-19";" 5612 ( 5106,   6117)";"100 ( 79,  121)";" 28911 (25821,  32001)";" 485 (367,  603)";" 5558 (4192,  6924)";" 3972 (3125,  4819)";" 819 (671,  968)";"1198 ( 983,  1413)";" 2156 (1769,  2543)";"40%"
"2014-10-22";"-20";" 5512 ( 5027,   5996)";" 99 ( 79,  120)";" 28426 (25454,  31399)";" 480 (365,  595)";" 5501 (4172,  6831)";" 3932 (3109,  4755)";" 811 (667,  955)";"1186 ( 977,  1395)";" 2134 (1759,  2510)";"40%"
"2014-10-21";"-21";" 5413 ( 4949,   5877)";" 98 ( 78,  118)";" 27946 (25088,  30804)";" 475 (363,  587)";" 5445 (4152,  6739)";" 3892 (3093,  4691)";" 803 (663,  942)";"1174 ( 971,  1376)";" 2113 (1748,  2478)";"40%"
"2014-10-20";"-22";" 5315 ( 4870,   5759)";" 97 ( 78,  116)";" 27471 (24725,  30217)";" 470 (361,  579)";" 5390 (4131,  6649)";" 3853 (3077,  4628)";" 794 (660,  929)";"1162 ( 965,  1359)";" 2091 (1737,  2445)";"40%"
"2014-10-19";"-23";" 5218 ( 4792,   5643)";" 96 ( 77,  115)";" 27000 (24363,  29638)";" 466 (360,  572)";" 5335 (4111,  6560)";" 3813 (3061,  4566)";" 786 (656,  917)";"1150 ( 959,  1341)";" 2070 (1726,  2414)";"40%"
"2014-10-18";"-24";" 5122 ( 4715,   5528)";" 95 ( 77,  113)";" 26535 (24002,  29067)";" 461 (358,  564)";" 5281 (4090,  6472)";" 3775 (3045,  4505)";" 778 (652,  904)";"1138 ( 953,  1323)";" 2049 (1715,  2382)";"40%"
"2014-10-17";"-25";" 5026 ( 4638,   5415)";" 94 ( 76,  112)";" 26074 (23644,  28504)";" 456 (356,  556)";" 5227 (4070,  6385)";" 3736 (3028,  4444)";" 770 (648,  892)";"1127 ( 947,  1306)";" 2028 (1705,  2351)";"40%"
"2014-10-16";"-26";" 4932 ( 4561,   5303)";" 93 ( 76,  110)";" 25618 (23287,  27948)";" 452 (354,  549)";" 5174 (4049,  6300)";" 3698 (3012,  4385)";" 763 (645,  880)";"1115 ( 941,  1289)";" 2007 (1694,  2321)";"40%"
"2014-10-15";"-27";" 4839 ( 4485,   5193)";" 92 ( 76,  109)";" 25166 (22932,  27400)";" 447 (352,  542)";" 5122 (4028,  6215)";" 3661 (2996,  4326)";" 755 (641,  868)";"1104 ( 935,  1272)";" 1987 (1683,  2290)";"40%"
"2014-10-14";"-28";" 4747 ( 4409,   5085)";" 91 ( 75,  107)";" 24719 (22579,  26859)";" 442 (351,  534)";" 5070 (4007,  6132)";" 3624 (2979,  4268)";" 747 (637,  857)";"1093 ( 929,  1256)";" 1967 (1673,  2261)";"40%"
"2014-10-13";"-29";" 4656 ( 4334,   4977)";" 90 ( 75,  106)";" 24277 (22228,  26325)";" 438 (349,  527)";" 5018 (3987,  6050)";" 3587 (2963,  4210)";" 739 (634,  845)";"1081 ( 923,  1240)";" 1947 (1662,  2231)";"40%"
"2014-10-12";"-30";" 4565 ( 4259,   4872)";" 89 ( 74,  104)";" 23839 (21879,  25799)";" 433 (347,  520)";" 4967 (3966,  5968)";" 3550 (2947,  4154)";" 732 (630,  834)";"1070 ( 918,  1223)";" 1927 (1652,  2202)";"40%"
"2014-10-11";"-31";" 4476 ( 4184,   4767)";" 89 ( 74,  103)";" 23405 (21531,  25280)";" 429 (345,  513)";" 4917 (3945,  5888)";" 3514 (2931,  4098)";" 724 (626,  822)";"1060 ( 912,  1208)";" 1907 (1641,  2174)";"40%"
"2014-10-10";"-32";" 4387 ( 4110,   4665)";" 88 ( 74,  102)";" 22976 (21185,  24767)";" 425 (343,  506)";" 4867 (3924,  5809)";" 3478 (2914,  4043)";" 717 (622,  811)";"1049 ( 906,  1192)";" 1888 (1630,  2145)";"40%"
"2014-10-09";"-33";" 4300 ( 4037,   4563)";" 87 ( 73,  100)";" 22551 (20841,  24262)";" 420 (341,  499)";" 4817 (3903,  5731)";" 3443 (2898,  3988)";" 709 (619,  800)";"1038 ( 900,  1176)";" 1869 (1620,  2117)";"40%"
"2014-10-08";"-34";" 4213 ( 3963,   4463)";" 86 ( 73,   99)";" 22131 (20499,  23763)";" 416 (340,  493)";" 4768 (3882,  5654)";" 3408 (2881,  3935)";" 702 (615,  789)";"1028 ( 894,  1161)";" 1850 (1609,  2090)";"40%"
"2014-10-07";"-35";" 4127 ( 3890,   4364)";" 85 ( 72,   98)";" 21715 (20159,  23271)";" 412 (338,  486)";" 4720 (3861,  5578)";" 3373 (2865,  3882)";" 695 (611,  779)";"1017 ( 888,  1146)";" 1831 (1599,  2063)";"40%"
"2014-10-06";"-36";" 4042 ( 3818,   4267)";" 84 ( 72,   96)";" 21303 (19820,  22786)";" 408 (336,  479)";" 4672 (3840,  5503)";" 3339 (2849,  3830)";" 688 (607,  768)";"1007 ( 882,  1131)";" 1812 (1588,  2036)";"40%"
"2014-10-05";"-37";" 3958 ( 3746,   4171)";" 83 ( 72,   95)";" 20895 (19483,  22307)";" 404 (334,  473)";" 4624 (3819,  5429)";" 3305 (2832,  3778)";" 680 (603,  757)";" 996 ( 877,  1116)";" 1794 (1578,  2009)";"40%"
"2014-10-04";"-38";" 3875 ( 3674,   4076)";" 82 ( 71,   94)";" 20492 (19148,  21835)";" 399 (332,  467)";" 4577 (3798,  5356)";" 3272 (2816,  3727)";" 673 (599,  747)";" 986 ( 871,  1102)";" 1775 (1567,  1983)";"40%"
"2014-10-03";"-39";" 3793 ( 3603,   3983)";" 82 ( 71,   92)";" 20092 (18815,  21369)";" 395 (330,  460)";" 4531 (3777,  5284)";" 3238 (2800,  3677)";" 666 (596,  737)";" 976 ( 865,  1087)";" 1757 (1557,  1957)";"40%"
"2014-10-02";"-40";" 3711 ( 3532,   3890)";" 81 ( 70,   91)";" 19697 (18484,  20910)";" 391 (329,  454)";" 4485 (3756,  5213)";" 3205 (2783,  3628)";" 659 (592,  727)";" 966 ( 859,  1073)";" 1739 (1547,  1932)";"40%"
"2014-10-01";"-41";" 3630 ( 3461,   3799)";" 80 ( 70,   90)";" 19305 (18154,  20456)";" 387 (327,  448)";" 4439 (3735,  5143)";" 3173 (2767,  3579)";" 652 (588,  717)";" 956 ( 854,  1059)";" 1721 (1536,  1906)";"40%"
"2014-09-30";"-42";" 3550 ( 3391,   3710)";" 79 ( 69,   89)";" 18918 (17827,  20009)";" 383 (325,  442)";" 4394 (3714,  5074)";" 3141 (2751,  3531)";" 645 (584,  707)";" 946 ( 848,  1045)";" 1704 (1526,  1881)";"40%"
"2014-09-29";"-43";" 3471 ( 3321,   3621)";" 78 ( 69,   88)";" 18535 (17501,  19568)";" 380 (323,  436)";" 4349 (3693,  5006)";" 3109 (2734,  3483)";" 638 (580,  697)";" 937 ( 842,  1032)";" 1686 (1516,  1857)";"40%"
"2014-09-28";"-44";" 3393 ( 3252,   3534)";" 78 ( 69,   86)";" 18155 (17177,  19133)";" 376 (321,  430)";" 4305 (3672,  4939)";" 3077 (2718,  3436)";" 632 (576,  687)";" 927 ( 836,  1018)";" 1669 (1505,  1832)";"40%"
"2014-09-27";"-45";" 3315 ( 3183,   3448)";" 77 ( 68,   85)";" 17779 (16855,  18704)";" 372 (319,  425)";" 4261 (3651,  4872)";" 3046 (2702,  3390)";" 625 (572,  678)";" 918 ( 831,  1005)";" 1652 (1495,  1808)";"40%"
"2014-09-26";"-46";" 3239 ( 3115,   3363)";" 76 ( 68,   84)";" 17407 (16534,  18281)";" 368 (317,  419)";" 4218 (3630,  4807)";" 3015 (2685,  3344)";" 618 (568,  668)";" 908 ( 825,   992)";" 1635 (1485,  1785)";"40%"
"2014-09-25";"-47";" 3163 ( 3046,   3279)";" 75 ( 67,   83)";" 17039 (16216,  17863)";" 364 (316,  413)";" 4175 (3609,  4742)";" 2984 (2669,  3299)";" 611 (563,  659)";" 899 ( 819,   979)";" 1618 (1474,  1761)";"40%"
"2014-09-24";"-48";" 3088 ( 2979,   3196)";" 74 ( 67,   82)";" 16675 (15899,  17451)";" 361 (314,  408)";" 4133 (3588,  4678)";" 2954 (2653,  3255)";" 604 (559,  649)";" 890 ( 813,   966)";" 1601 (1464,  1738)";"40%"
"2014-09-23";"-49";" 3013 ( 2912,   3115)";" 74 ( 67,   81)";" 16314 (15584,  17045)";" 357 (312,  402)";" 4091 (3567,  4615)";" 2924 (2636,  3211)";" 598 (555,  640)";" 880 ( 808,   953)";" 1585 (1454,  1715)";"40%"
"2014-09-22";"-50";" 2939 ( 2845,   3034)";" 73 ( 66,   80)";" 15957 (15270,  16644)";" 353 (310,  397)";" 4050 (3546,  4553)";" 2894 (2620,  3168)";" 591 (551,  631)";" 871 ( 802,   940)";" 1568 (1443,  1693)";"40%"
"2014-09-21";"-51";" 2867 ( 2778,   2955)";" 72 ( 66,   79)";" 15604 (14959,  16249)";" 350 (308,  391)";" 4009 (3525,  4492)";" 2864 (2604,  3125)";" 584 (546,  622)";" 862 ( 796,   928)";" 1552 (1433,  1670)";"40%"
"2014-09-20";"-52";" 2794 ( 2712,   2877)";" 71 ( 65,   78)";" 15254 (14649,  15859)";" 346 (306,  386)";" 3968 (3504,  4432)";" 2835 (2587,  3083)";" 577 (542,  613)";" 853 ( 790,   916)";" 1536 (1423,  1648)";"40%"
"2014-09-19";"-53";" 2723 ( 2646,   2800)";" 71 ( 65,   76)";" 14907 (14341,  15474)";" 343 (305,  381)";" 3928 (3483,  4373)";" 2806 (2571,  3042)";" 570 (537,  604)";" 844 ( 785,   904)";" 1519 (1412,  1626)";"40%"
"2014-09-18";"-54";" 2652 ( 2581,   2724)";" 70 ( 64,   75)";" 14565 (14035,  15095)";" 339 (303,  376)";" 3888 (3463,  4314)";" 2778 (2554,  3001)";" 563 (532,  595)";" 835 ( 779,   892)";" 1503 (1402,  1605)";"40%"
"2014-09-17";"-55";" 2582 ( 2516,   2649)";" 69 ( 64,   74)";" 14225 (13730,  14721)";" 336 (301,  371)";" 3849 (3442,  4256)";" 2749 (2538,  2960)";" 556 (527,  585)";" 826 ( 773,   880)";" 1487 (1392,  1583)";"40%"
"2014-09-16";"-56";" 2513 ( 2452,   2575)";" 69 ( 64,   73)";" 13889 (13427,  14352)";" 333 (299,  366)";" 3810 (3421,  4199)";" 2721 (2522,  2920)";" 549 (522,  576)";" 818 ( 767,   868)";" 1472 (1381,  1562)";"40%"
"2014-09-15";"-57";" 2445 ( 2387,   2502)";" 68 ( 63,   72)";" 13557 (13126,  13988)";" 329 (297,  361)";" 3772 (3401,  4143)";" 2693 (2505,  2881)";" 542 (517,  567)";" 809 ( 761,   856)";" 1456 (1370,  1541)";"40%"
"2014-09-14";"-58";" 2377 ( 2324,   2430)";" 67 ( 63,   71)";" 13228 (12827,  13629)";" 326 (296,  356)";" 3734 (3380,  4088)";" 2665 (2488,  2842)";" 535 (511,  558)";" 800 ( 755,   845)";" 1440 (1360,  1520)";"40%"
"2014-09-13";"-59";" 2310 ( 2260,   2359)";" 66 ( 62,   71)";" 12902 (12529,  13275)";" 323 (294,  351)";" 3697 (3360,  4033)";" 2638 (2472,  2804)";" 528 (506,  549)";" 791 ( 749,   833)";" 1424 (1349,  1500)";"40%"
"2014-09-12";"-60";" 2243 ( 2197,   2289)";" 66 ( 62,   70)";" 12579 (12233,  12925)";" 319 (292,  347)";" 3660 (3340,  3980)";" 2610 (2455,  2766)";" 520 (500,  540)";" 783 ( 743,   822)";" 1409 (1338,  1479)";"40%"
"2014-09-11";"-61";" 2177 ( 2135,   2220)";" 65 ( 61,   69)";" 12260 (11938,  12581)";" 316 (290,  342)";" 3624 (3320,  3927)";" 2583 (2438,  2728)";" 512 (494,  531)";" 774 ( 737,   810)";" 1393 (1327,  1459)";"40%"
"2014-09-10";"-62";" 2112 ( 2073,   2152)";" 64 ( 61,   68)";" 11943 (11645,  12241)";" 313 (289,  338)";" 3588 (3301,  3876)";" 2556 (2420,  2691)";" 505 (488,  522)";" 765 ( 731,   799)";" 1377 (1316,  1438)";"40%"
"2014-09-09";"-63";" 2048 ( 2011,   2085)";" 64 ( 61,   67)";" 11630 (11354,  11906)";" 310 (287,  333)";" 3553 (3281,  3825)";" 2528 (2403,  2654)";" 497 (481,  512)";" 756 ( 725,   788)";" 1361 (1304,  1418)";"40%"
"2014-09-08";"-64";" 1984 ( 1950,   2019)";" 63 ( 60,   66)";" 11320 (11064,  11576)";" 307 (285,  329)";" 3519 (3262,  3775)";" 2501 (2385,  2618)";" 488 (474,  503)";" 747 ( 718,   777)";" 1345 (1292,  1398)";"40%"
"2014-09-07";"-65";" 1921 ( 1889,   1953)";" 62 ( 60,   65)";" 11013 (10776,  11250)";" 304 (284,  325)";" 3485 (3244,  3727)";" 2474 (2366,  2582)";" 480 (467,  493)";" 738 ( 711,   766)";" 1329 (1280,  1378)";"40%"
"2014-09-06";"-66";" 1859 ( 1829,   1889)";" 62 ( 59,   64)";" 10708 (10489,  10928)";" 301 (282,  321)";" 3453 (3226,  3679)";" 2446 (2347,  2546)";" 471 (459,  483)";" 729 ( 704,   754)";" 1313 (1268,  1358)";"40%"
"2014-09-05";"-67";" 1798 ( 1770,   1826)";" 61 ( 59,   63)";" 10407 (10203,  10611)";" 299 (281,  317)";" 3421 (3209,  3633)";" 2419 (2328,  2510)";" 462 (451,  473)";" 720 ( 697,   743)";" 1296 (1255,  1337)";"40%"
"2014-09-04";"-68";" 1737 ( 1710,   1763)";" 60 ( 58,   62)";" 10108 ( 9919,  10298)";" 296 (279,  313)";" 3390 (3192,  3588)";" 2391 (2307,  2474)";" 452 (442,  463)";" 711 ( 690,   732)";" 1279 (1242,  1317)";"40%"
"2014-09-03";"-69";" 1676 ( 1652,   1701)";" 59 ( 58,   61)";"  9812 ( 9636,   9988)";" 294 (278,  309)";" 3361 (3177,  3545)";" 2362 (2286,  2438)";" 443 (433,  452)";" 701 ( 682,   720)";" 1262 (1227,  1296)";"40%"
"2014-09-02";"-70";" 1617 ( 1594,   1640)";" 59 ( 57,   60)";"  9519 ( 9354,   9683)";" 291 (277,  306)";" 3333 (3162,  3503)";" 2332 (2263,  2402)";" 432 (423,  441)";" 691 ( 674,   709)";" 1244 (1213,  1276)";"40%"
"2014-09-01";"-71";" 1558 ( 1537,   1580)";" 58 ( 56,   59)";"  9227 ( 9074,   9381)";" 289 (276,  302)";" 3307 (3149,  3464)";" 2302 (2239,  2365)";" 422 (413,  430)";" 681 ( 665,   697)";" 1226 (1197,  1254)";"40%"
"2014-08-31";"-72";" 1501 ( 1480,   1521)";" 57 ( 56,   58)";"  8938 ( 8795,   9082)";" 287 (275,  299)";" 3282 (3138,  3427)";" 2270 (2212,  2328)";" 411 (403,  419)";" 670 ( 656,   685)";" 1206 (1180,  1233)";"40%"
"2014-08-30";"-73";" 1443 ( 1424,   1463)";" 56 ( 55,   57)";"  8652 ( 8517,   8786)";" 285 (274,  296)";" 3261 (3129,  3393)";" 2237 (2184,  2290)";" 399 (392,  407)";" 659 ( 646,   672)";" 1186 (1162,  1210)";"40%"
"2014-08-29";"-74";" 1387 ( 1369,   1406)";" 55 ( 54,   56)";"  8366 ( 8239,   8493)";" 284 (274,  294)";" 3242 (3122,  3362)";" 2201 (2152,  2250)";" 387 (380,  394)";" 647 ( 635,   659)";" 1165 (1143,  1187)";"40%"
"2014-08-28";"-75";" 1332 ( 1315,   1349)";" 54 ( 53,   55)";"  8083 ( 7963,   8202)";" 283 (274,  292)";" 3227 (3119,  3335)";" 2163 (2118,  2209)";" 375 (368,  382)";" 634 ( 623,   646)";" 1142 (1121,  1163)";"40%"
"2014-08-27";"-76";" 1278 ( 1262,   1294)";" 53 ( 52,   54)";"  7800 ( 7687,   7913)";" 282 (274,  290)";" 3216 (3119,  3313)";" 2122 (2079,  2164)";" 362 (356,  368)";" 621 ( 610,   632)";" 1118 (1098,  1137)";"40%"
"2014-08-26";"-77";" 1225 ( 1210,   1240)";" 52 ( 51,   53)";"  7518 ( 7411,   7625)";" 282 (274,  289)";" 3210 (3123,  3297)";" 2076 (2036,  2116)";" 349 (343,  355)";" 606 ( 596,   616)";" 1091 (1073,  1110)";"40%"
"2014-08-25";"-78";" 1173 ( 1159,   1187)";" 51 ( 50,   52)";"  7237 ( 7136,   7338)";" 282 (275,  288)";" 3211 (3133,  3289)";" 2025 (1987,  2064)";" 335 (330,  341)";" 590 ( 580,   600)";" 1062 (1045,  1080)";"40%"
"2014-08-24";"-79";" 1122 ( 1109,   1135)";" 49 ( 48,   50)";"  6955 ( 6859,   7050)";" 283 (277,  289)";" 3219 (3148,  3291)";" 1968 (1931,  2005)";" 322 (317,  327)";" 572 ( 563,   582)";" 1030 (1014,  1047)";"40%"
"2014-08-23";"-80";" 1073 ( 1061,   1085)";" 47 ( 46,   48)";"  6672 ( 6582,   6761)";" 285 (279,  291)";" 3237 (3170,  3305)";" 1903 (1867,  1938)";" 308 (303,  313)";" 553 ( 544,   562)";"  995 ( 979,  1011)";"40%"
"2014-08-22";"-81";" 1026 ( 1014,   1037)";" 45 ( 44,   46)";"  6387 ( 6303,   6470)";" 280 (275,  286)";" 3267 (3199,  3334)";" 1827 (1794,  1861)";" 295 (290,  300)";" 531 ( 522,   539)";"  955 ( 940,   970)";"40%"
"2014-08-21";"-82";"  981 (  970,    991)";" 43 ( 43,   44)";"  6106 ( 6028,   6184)";" 268 (263,  274)";" 3125 (3062,  3188)";" 1748 (1717,  1779)";" 282 (278,  287)";" 508 ( 500,   515)";"  914 ( 900,   928)";"40%"
"2014-08-20";"-83";"  937 (  928,    947)";" 41 ( 41,   42)";"  5838 ( 5765,   5911)";" 257 (252,  262)";" 2990 (2931,  3049)";" 1673 (1643,  1702)";" 270 (266,  274)";" 486 ( 478,   493)";"  874 ( 861,   887)";"40%"
"2014-08-19";"-84";"  896 (  887,    905)";" 40 ( 39,   40)";"  5582 ( 5514,   5649)";" 245 (241,  250)";" 2860 (2805,  2916)";" 1600 (1573,  1627)";" 258 (254,  262)";" 465 ( 458,   471)";"  836 ( 824,   849)";"40%"
"2014-08-18";"-85";"  856 (  848,    865)";" 38 ( 37,   39)";"  5336 ( 5273,   5399)";" 235 (230,  239)";" 2737 (2684,  2789)";" 1531 (1505,  1556)";" 247 (244,  251)";" 444 ( 438,   451)";"  800 ( 788,   812)";"40%"
"2014-08-17";"-86";"  818 (  811,    826)";" 36 ( 36,   37)";"  5101 ( 5043,   5160)";" 225 (220,  229)";" 2618 (2569,  2667)";" 1464 (1441,  1488)";" 236 (233,  240)";" 425 ( 419,   431)";"  765 ( 754,   776)";"40%"
"2014-08-16";"-87";"  782 (  775,    789)";" 35 ( 34,   35)";"  4877 ( 4822,   4931)";" 215 (211,  219)";" 2505 (2459,  2550)";" 1401 (1379,  1423)";" 226 (223,  229)";" 407 ( 401,   412)";"  732 ( 722,   742)";"40%"
"2014-08-15";"-88";"  747 (  741,    754)";" 33 ( 33,   34)";"  4662 ( 4611,   4712)";" 206 (202,  209)";" 2396 (2353,  2439)";" 1340 (1319,  1361)";" 216 (213,  219)";" 389 ( 384,   394)";"  700 ( 691,   710)";"40%"
"2014-08-14";"-89";"  714 (  708,    720)";" 32 ( 31,   32)";"  4456 ( 4409,   4503)";" 197 (193,  200)";" 2292 (2252,  2332)";" 1282 (1263,  1302)";" 207 (204,  210)";" 372 ( 367,   377)";"  670 ( 661,   679)";"40%"
"2014-08-13";"-90";"  682 (  677,    688)";" 30 ( 30,   31)";"  4259 ( 4216,   4303)";" 188 (185,  191)";" 2193 (2155,  2231)";" 1227 (1208,  1245)";" 198 (195,  200)";" 356 ( 352,   361)";"  641 ( 633,   649)";"40%"
"2014-08-12";"-91";"  652 (  647,    657)";" 29 ( 29,   29)";"  4071 ( 4031,   4112)";" 180 (177,  183)";" 2098 (2063,  2133)";" 1173 (1156,  1190)";" 189 (187,  192)";" 341 ( 336,   345)";"  613 ( 606,   621)";"40%"
"2014-08-11";"-92";"  623 (  618,    628)";" 28 ( 27,   28)";"  3891 ( 3854,   3929)";" 172 (169,  175)";" 2007 (1974,  2040)";" 1122 (1107,  1138)";" 181 (179,  183)";" 326 ( 322,   330)";"  587 ( 579,   594)";"40%"
"2014-08-10";"-93";"  595 (  591,    600)";" 27 ( 26,   27)";"  3719 ( 3685,   3754)";" 165 (162,  167)";" 1920 (1889,  1951)";" 1074 (1059,  1089)";" 173 (171,  175)";" 312 ( 308,   315)";"  561 ( 554,   568)";"40%"
"2014-08-09";"-94";"  569 (  565,    573)";" 25 ( 25,   26)";"  3554 ( 3522,   3586)";" 158 (155,  160)";" 1837 (1808,  1866)";" 1027 (1013,  1041)";" 166 (164,  168)";" 298 ( 295,   302)";"  537 ( 531,   543)";"40%"
"2014-08-08";"-95";"  543 (  539,    547)";" 24 ( 24,   25)";"  3397 ( 3367,   3426)";" 151 (148,  153)";" 1757 (1730,  1784)";"  983 ( 970,   995)";" 159 (157,  160)";" 285 ( 282,   289)";"  514 ( 508,   519)";"40%"
"2014-08-07";"-96";"  519 (  515,    522)";" 23 ( 23,   24)";"  3246 ( 3219,   3273)";" 144 (142,  146)";" 1681 (1656,  1706)";"  940 ( 928,   952)";" 152 (150,  153)";" 273 ( 270,   276)";"  491 ( 486,   497)";"40%"
"2014-08-06";"-97";"  496 (  492,    499)";" 22 ( 22,   23)";"  3102 ( 3077,   3127)";" 138 (136,  140)";" 1608 (1585,  1631)";"  899 ( 888,   910)";" 145 (144,  147)";" 261 ( 258,   264)";"  470 ( 465,   475)";"40%"
"2014-08-05";"-98";"  473 (  470,    476)";" 21 ( 21,   22)";"  2964 ( 2941,   2987)";" 132 (130,  134)";" 1538 (1516,  1560)";"  860 ( 850,   871)";" 139 (137,  140)";" 250 ( 247,   252)";"  450 ( 445,   454)";"40%"
"2014-08-04";"-99";"  452 (  449,    455)";" 20 ( 20,   21)";"  2832 ( 2811,   2853)";" 126 (125,  128)";" 1472 (1451,  1492)";"  823 ( 813,   833)";" 133 (132,  134)";" 239 ( 237,   241)";"  430 ( 426,   434)";"40%"
"2014-08-03";"-100";"  432 (  429,    434)";" 19 ( 19,   20)";"  2706 ( 2686,   2725)";" 121 (119,  122)";" 1408 (1389,  1427)";"  787 ( 778,   796)";" 127 (126,  128)";" 229 ( 226,   231)";"  411 ( 407,   415)";"40%"
"2014-08-02";"-101";"  412 (  410,    414)";" 19 ( 18,   19)";"  2585 ( 2567,   2603)";" 116 (114,  117)";" 1347 (1329,  1364)";"  753 ( 745,   761)";" 122 (120,  123)";" 219 ( 217,   221)";"  394 ( 390,   397)";"40%"
"2014-08-01";"-102";"  394 (  392,    395)";" 18 ( 18,   18)";"  2469 ( 2453,   2486)";" 111 (109,  112)";" 1288 (1272,  1305)";"  720 ( 713,   728)";" 116 (115,  117)";" 209 ( 207,   211)";"  377 ( 373,   380)";"40%"
"2014-07-31";"-103";"  376 (  374,    377)";" 17 ( 17,   17)";"  2359 ( 2344,   2374)";" 106 (104,  107)";" 1232 (1217,  1248)";"  689 ( 682,   696)";" 111 (110,  112)";" 200 ( 198,   202)";"  360 ( 357,   363)";"40%"
"2014-07-30";"-104";"  359 (  357,    360)";" 16 ( 16,   16)";"  2253 ( 2239,   2267)";" 101 (100,  102)";" 1179 (1165,  1193)";"  659 ( 653,   666)";" 106 (106,  107)";" 191 ( 190,   193)";"  345 ( 342,   347)";"40%"
"2014-07-29";"-105";"  342 (  341,    344)";" 16 ( 15,   16)";"  2152 ( 2139,   2164)";"  97 ( 96,   98)";" 1128 (1115,  1141)";"  631 ( 625,   637)";" 102 (101,  102)";" 183 ( 182,   185)";"  330 ( 327,   332)";"40%"
"2014-07-28";"-106";"  327 (  325,    328)";" 15 ( 15,   15)";"  2055 ( 2044,   2066)";"  93 ( 92,   94)";" 1079 (1067,  1091)";"  603 ( 598,   609)";"  97 ( 97,   98)";" 175 ( 174,   177)";"  315 ( 313,   318)";"40%"
"2014-07-27";"-107";"  312 (  311,    313)";" 14 ( 14,   14)";"  1962 ( 1952,   1973)";"  89 ( 88,   90)";" 1032 (1021,  1043)";"  577 ( 572,   582)";"  93 ( 92,   94)";" 168 ( 166,   169)";"  302 ( 299,   304)";"40%"
"2014-07-26";"-108";"  297 (  296,    298)";" 14 ( 14,   14)";"  1874 ( 1864,   1883)";"  85 ( 84,   86)";"  987 ( 977,   998)";"  552 ( 547,   557)";"  89 ( 88,   90)";" 160 ( 159,   161)";"  289 ( 286,   291)";"40%"
"2014-07-25";"-109";"  284 (  283,    285)";" 13 ( 13,   13)";"  1789 ( 1781,   1798)";"  81 ( 80,   82)";"  945 ( 935,   954)";"  528 ( 524,   532)";"  85 ( 85,   86)";" 153 ( 152,   154)";"  276 ( 274,   278)";"40%"
"2014-07-24";"-110";"  271 (  270,    272)";" 13 ( 12,   13)";"  1708 ( 1700,   1716)";"  78 ( 77,   78)";"  904 ( 895,   913)";"  505 ( 501,   509)";"  81 ( 81,   82)";" 147 ( 146,   148)";"  264 ( 262,   266)";"40%"
"2014-07-23";"-111";"  258 (  257,    259)";" 12 ( 12,   12)";"  1631 ( 1624,   1637)";"  74 ( 73,   75)";"  864 ( 856,   873)";"  483 ( 480,   487)";"  78 ( 77,   78)";" 140 ( 139,   141)";"  253 ( 251,   254)";"40%"
"2014-07-22";"-112";"  246 (  246,    247)";" 11 ( 11,   12)";"  1556 ( 1550,   1563)";"  71 ( 70,   72)";"  827 ( 819,   834)";"  462 ( 459,   466)";"  74 ( 74,   75)";" 134 ( 133,   135)";"  242 ( 240,   243)";"40%"
"2014-07-21";"-113";"  235 (  234,    235)";" 11 ( 11,   11)";"  1485 ( 1480,   1491)";"  68 ( 67,   68)";"  791 ( 784,   798)";"  442 ( 439,   445)";"  71 ( 71,   72)";" 128 ( 128,   129)";"  231 ( 230,   232)";"40%"
"2014-07-20";"-114";"  224 (  223,    224)";" 10 ( 10,   11)";"  1418 ( 1413,   1423)";"  65 ( 64,   65)";"  757 ( 750,   763)";"  423 ( 420,   426)";"  68 ( 68,   68)";" 123 ( 122,   123)";"  221 ( 220,   222)";"40%"
"2014-07-19";"-115";"  213 (  213,    214)";" 10 ( 10,   10)";"  1353 ( 1348,   1357)";"  62 ( 62,   63)";"  724 ( 718,   730)";"  405 ( 402,   407)";"  65 ( 65,   65)";" 117 ( 117,   118)";"  211 ( 210,   213)";"40%"
"2014-07-18";"-116";"  203 (  203,    204)";" 10 ( 10,   10)";"  1291 ( 1287,   1295)";"  59 ( 59,   60)";"  692 ( 687,   698)";"  387 ( 385,   389)";"  62 ( 62,   63)";" 112 ( 112,   113)";"  202 ( 201,   203)";"40%"
"2014-07-17";"-117";"  194 (  193,    194)";"  9 (  9,    9)";"  1231 ( 1228,   1235)";"  57 ( 56,   57)";"  662 ( 657,   667)";"  370 ( 368,   372)";"  60 ( 59,   60)";" 107 ( 107,   108)";"  193 ( 193,   194)";"40%"
"2014-07-16";"-118";"  185 (  184,    185)";"  9 (  9,    9)";"  1174 ( 1171,   1177)";"  54 ( 54,   55)";"  634 ( 629,   638)";"  354 ( 352,   356)";"  57 ( 57,   57)";" 103 ( 102,   103)";"  185 ( 184,   186)";"40%"
"2014-07-15";"-119";"  176 (  176,    176)";"  8 (  8,    8)";"  1120 ( 1117,   1123)";"  52 ( 52,   52)";"  606 ( 602,   610)";"  339 ( 337,   340)";"  54 ( 54,   55)";"  98 (  98,    99)";"  177 ( 176,   178)";"40%"
"2014-07-14";"-120";"  167 (  167,    168)";"  8 (  8,    8)";"  1068 ( 1066,   1070)";"  50 ( 49,   50)";"  580 ( 576,   584)";"  324 ( 323,   326)";"  52 ( 52,   52)";"  94 (  94,    94)";"  169 ( 169,   170)";"40%"
"2014-07-13";"-121";"  159 (  159,    160)";"  8 (  8,    8)";"  1018 ( 1016,   1020)";"  48 ( 47,   48)";"  555 ( 551,   558)";"  310 ( 309,   311)";"  50 ( 50,   50)";"  90 (  90,    90)";"  162 ( 161,   162)";"40%"
"2014-07-12";"-122";"  152 (  152,    152)";"  7 (  7,    7)";"   971 (  969,    972)";"  46 ( 45,   46)";"  531 ( 528,   534)";"  297 ( 295,   298)";"  47 ( 47,   48)";"  86 (  86,    86)";"  155 ( 154,   155)";"40%"
"2014-07-11";"-123";"  144 (  144,    144)";"  7 (  7,    7)";"   925 (  924,    927)";"  44 ( 43,   44)";"  508 ( 505,   510)";"  284 ( 283,   285)";"  45 ( 45,   45)";"  82 (  82,    83)";"  148 ( 148,   149)";"40%"
"2014-07-10";"-124";"  137 (  137,    137)";"  7 (  7,    7)";"   881 (  880,    883)";"  42 ( 41,   42)";"  486 ( 483,   488)";"  271 ( 270,   272)";"  43 ( 43,   43)";"  79 (  78,    79)";"  142 ( 141,   142)";"40%"
"2014-07-09";"-125";"  131 (  131,    131)";"  6 (  6,    6)";"   840 (  839,    841)";"  40 ( 40,   40)";"  465 ( 462,   467)";"  259 ( 259,   260)";"  41 ( 41,   41)";"  75 (  75,    75)";"  135 ( 135,   136)";"40%"
"2014-07-08";"-126";"  124 (  124,    124)";"  6 (  6,    6)";"   800 (  799,    801)";"  38 ( 38,   38)";"  445 ( 443,   447)";"  248 ( 248,   249)";"  39 ( 39,   40)";"  72 (  72,    72)";"  129 ( 129,   130)";"40%"
"2014-07-07";"-127";"  118 (  118,    118)";"  6 (  6,    6)";"   762 (  761,    762)";"  37 ( 36,   37)";"  425 ( 424,   427)";"  237 ( 237,   238)";"  38 ( 38,   38)";"  69 (  69,    69)";"  124 ( 124,   124)";"40%"
"2014-07-06";"-128";"  112 (  112,    112)";"  6 (  6,    6)";"   725 (  725,    726)";"  35 ( 35,   35)";"  407 ( 406,   409)";"  227 ( 227,   227)";"  36 ( 36,   36)";"  66 (  66,    66)";"  118 ( 118,   118)";"40%"
"2014-07-05";"-129";"  107 (  106,    107)";"  5 (  5,    5)";"   690 (  690,    691)";"  33 ( 33,   34)";"  390 ( 388,   391)";"  217 ( 217,   217)";"  34 ( 34,   34)";"  63 (  63,    63)";"  113 ( 113,   113)";"40%"
"2014-07-04";"-130";"  101 (  101,    101)";"  5 (  5,    5)";"   657 (  657,    657)";"  32 ( 32,   32)";"  373 ( 372,   374)";"  207 ( 207,   208)";"  33 ( 33,   33)";"  60 (  60,    60)";"  108 ( 108,   108)";"40%"
"2014-07-03";"-131";"   96 (   96,     96)";"  5 (  5,    5)";"   625 (  625,    625)";"  31 ( 31,   31)";"  357 ( 356,   358)";"  198 ( 198,   198)";"  31 ( 31,   31)";"  57 (  57,    57)";"  103 ( 103,   103)";"40%"
"2014-07-02";"-132";"   91 (   91,     91)";"  5 (  5,    5)";"   594 (  594,    594)";"  29 ( 29,   29)";"  342 ( 341,   343)";"  189 ( 189,   189)";"  30 ( 30,   30)";"  55 (  55,    55)";"   99 (  98,    99)";"40%"
"2014-07-01";"-133";"   86 (   86,     86)";"  4 (  4,    4)";"   565 (  565,    565)";"  28 ( 28,   28)";"  328 ( 327,   328)";"  181 ( 181,   181)";"  28 ( 28,   28)";"  52 (  52,    52)";"   94 (  94,    94)";"40%"
"2014-06-30";"-134";"   82 (   82,     82)";"  4 (  4,    4)";"   537 (  537,    537)";"  27 ( 27,   27)";"  314 ( 314,   314)";"  173 ( 172,   173)";"  27 ( 27,   27)";"  50 (  50,    50)";"   90 (  90,    90)";"40%"
"2014-06-29";"-135";"   78 (   78,     78)";"  4 (  4,    4)";"   510 (  510,    510)";"  26 ( 26,   26)";"  301 ( 301,   301)";"  165 ( 164,   165)";"  26 ( 26,   26)";"  48 (  48,    48)";"   86 (  86,    86)";"40%"
"2014-06-28";"-136";"   74 (   74,     74)";"  4 (  4,    4)";"   484 (  484,    484)";"  25 ( 25,   25)";"  289 ( 289,   289)";"  157 ( 157,   157)";"  24 ( 24,   24)";"  45 (  45,    45)";"   81 (  81,    81)";"40%"
"2014-06-27";"-137";"   70 (   70,     70)";"  4 (  4,    4)";"   459 (  459,    459)";"  24 ( 24,   24)";"  278 ( 278,   278)";"  149 ( 149,   149)";"  23 ( 23,   23)";"  43 (  43,    43)";"   77 (  77,    77)";"40%"
"2014-06-26";"-138";"   66 (   66,     66)";"  3 (  3,    3)";"   435 (  435,    435)";"  23 ( 23,   23)";"  264 ( 264,   264)";"  142 ( 142,   142)";"  22 ( 22,   22)";"  41 (  41,    41)";"   74 (  74,    74)";"40%"
"2014-06-25";"-139";"   63 (   63,     63)";"  3 (  3,    3)";"   413 (  413,    413)";"  21 ( 21,   21)";"  251 ( 251,   251)";"  135 ( 135,   135)";"  21 ( 21,   21)";"  39 (  39,    39)";"   70 (  70,    70)";"40%"
"2014-06-24";"-140";"   59 (   59,     59)";"  3 (  3,    3)";"   391 (  391,    391)";"  20 ( 20,   20)";"  238 ( 238,   238)";"  128 ( 128,   128)";"  20 ( 20,   20)";"  37 (  37,    37)";"   66 (  66,    66)";"40%"
"2014-06-23";"-141";"   56 (   56,     56)";"  3 (  3,    3)";"   371 (  371,    371)";"  19 ( 19,   19)";"  227 ( 227,   227)";"  121 ( 121,   121)";"  19 ( 19,   19)";"  35 (  35,    35)";"   63 (  63,    63)";"40%"
"2014-06-22";"-142";"   53 (   53,     53)";"  3 (  3,    3)";"   351 (  351,    351)";"  18 ( 18,   18)";"  215 ( 215,   215)";"  115 ( 115,   115)";"  18 ( 18,   18)";"  33 (  33,    33)";"   60 (  60,    60)";"40%"
"2014-06-21";"-143";"   50 (   50,     50)";"  3 (  3,    3)";"   333 (  333,    333)";"  17 ( 17,   17)";"  205 ( 205,   205)";"  110 ( 110,   110)";"  17 ( 17,   17)";"  32 (  32,    32)";"   57 (  57,    57)";"40%"
"2014-06-20";"-144";"   48 (   48,     48)";"  3 (  3,    3)";"   316 (  316,    316)";"  17 ( 17,   17)";"  194 ( 194,   194)";"  104 ( 104,   104)";"  16 ( 16,   16)";"  30 (  30,    30)";"   54 (  54,    54)";"40%"
"2014-06-19";"-145";"   45 (   45,     45)";"  2 (  2,    2)";"   299 (  299,    299)";"  16 ( 16,   16)";"  185 ( 185,   185)";"   99 (  99,    99)";"  15 ( 15,   15)";"  29 (  29,    29)";"   51 (  51,    51)";"40%"
"2014-06-18";"-146";"   43 (   43,     43)";"  2 (  2,    2)";"   283 (  283,    283)";"  15 ( 15,   15)";"  176 ( 176,   176)";"   94 (  94,    94)";"  15 ( 15,   15)";"  27 (  27,    27)";"   49 (  49,    49)";"40%"
"2014-06-17";"-147";"   40 (   40,     40)";"  2 (  2,    2)";"   268 (  268,    268)";"  14 ( 14,   14)";"  167 ( 167,   167)";"   89 (  89,    89)";"  14 ( 14,   14)";"  26 (  26,    26)";"   46 (  46,    46)";"40%"
"2014-06-16";"-148";"   38 (   38,     38)";"  2 (  2,    2)";"   254 (  254,    254)";"  14 ( 14,   14)";"  158 ( 158,   158)";"   85 (  85,    85)";"  13 ( 13,   13)";"  25 (  25,    25)";"   44 (  44,    44)";"40%"
"2014-06-15";"-149";"   36 (   36,     36)";"  2 (  2,    2)";"   240 (  240,    240)";"  13 ( 13,   13)";"  151 ( 151,   151)";"   81 (  81,    81)";"  12 ( 12,   12)";"  23 (  23,    23)";"   42 (  42,    42)";"40%"
"2014-06-14";"-150";"   34 (   34,     34)";"  2 (  2,    2)";"   227 (  227,    227)";"  12 ( 12,   12)";"  143 ( 143,   143)";"   77 (  77,    77)";"  12 ( 12,   12)";"  22 (  22,    22)";"   40 (  40,    40)";"40%"
"2014-06-13";"-151";"   32 (   32,     32)";"  2 (  2,    2)";"   215 (  215,    215)";"  12 ( 12,   12)";"  136 ( 136,   136)";"   73 (  73,    73)";"  11 ( 11,   11)";"  21 (  21,    21)";"   38 (  38,    38)";"40%"
"2014-06-12";"-152";"   30 (   30,     30)";"  2 (  2,    2)";"   204 (  204,    204)";"  11 ( 11,   11)";"  129 ( 129,   129)";"   69 (  69,    69)";"  11 ( 11,   11)";"  20 (  20,    20)";"   36 (  36,    36)";"40%"
"2014-06-11";"-153";"   28 (   28,     28)";"  2 (  2,    2)";"   192 (  192,    192)";"  10 ( 10,   10)";"  123 ( 123,   123)";"   66 (  66,    66)";"  10 ( 10,   10)";"  19 (  19,    19)";"   34 (  34,    34)";"40%"
"2014-06-10";"-154";"   27 (   27,     27)";"  2 (  2,    2)";"   182 (  182,    182)";"  10 ( 10,   10)";"  117 ( 117,   117)";"   63 (  63,    63)";"  10 ( 10,   10)";"  18 (  18,    18)";"   33 (  33,    33)";"40%"
"2014-06-09";"-155";"   25 (   25,     25)";"  1 (  1,    1)";"   172 (  172,    172)";"   9 (  9,    9)";"  111 ( 111,   111)";"   59 (  59,    59)";"   9 (  9,    9)";"  17 (  17,    17)";"   31 (  31,    31)";"40%"
"2014-06-08";"-156";"   24 (   24,     24)";"  1 (  1,    1)";"   163 (  163,    163)";"   9 (  9,    9)";"  105 ( 105,   105)";"   56 (  56,    56)";"   9 (  9,    9)";"  16 (  16,    16)";"   29 (  29,    29)";"40%"
"2014-06-07";"-157";"   22 (   22,     22)";"  1 (  1,    1)";"   154 (  154,    154)";"   9 (  9,    9)";"  100 ( 100,   100)";"   54 (  54,    54)";"   8 (  8,    8)";"  15 (  15,    15)";"   28 (  28,    28)";"40%"
"2014-06-06";"-158";"   21 (   21,     21)";"  1 (  1,    1)";"   145 (  145,    145)";"   8 (  8,    8)";"   95 (  95,    95)";"   51 (  51,    51)";"   8 (  8,    8)";"  15 (  15,    15)";"   26 (  26,    26)";"40%"
"2014-06-05";"-159";"   20 (   20,     20)";"  1 (  1,    1)";"   137 (  137,    137)";"   8 (  8,    8)";"   90 (  90,    90)";"   48 (  48,    48)";"   7 (  7,    7)";"  14 (  14,    14)";"   25 (  25,    25)";"40%"
"2014-06-04";"-160";"   19 (   19,     19)";"  1 (  1,    1)";"   129 (  129,    129)";"   7 (  7,    7)";"   86 (  86,    86)";"   46 (  46,    46)";"   7 (  7,    7)";"  13 (  13,    13)";"   24 (  24,    24)";"40%"
"2014-06-03";"-161";"   18 (   18,     18)";"  1 (  1,    1)";"   122 (  122,    122)";"   7 (  7,    7)";"   82 (  82,    82)";"   44 (  44,    44)";"   7 (  7,    7)";"  13 (  13,    13)";"   23 (  23,    23)";"40%"
"2014-06-02";"-162";"   16 (   16,     16)";"  1 (  1,    1)";"   115 (  115,    115)";"   7 (  7,    7)";"   78 (  78,    78)";"   42 (  42,    42)";"   6 (  6,    6)";"  12 (  12,    12)";"   22 (  22,    22)";"40%"
"2014-06-01";"-163";"   15 (   15,     15)";"  1 (  1,    1)";"   108 (  108,    108)";"   6 (  6,    6)";"   74 (  74,    74)";"   40 (  40,    40)";"   6 (  6,    6)";"  11 (  11,    11)";"   21 (  21,    21)";"40%"
"2014-05-31";"-164";"   14 (   14,     14)";"  1 (  1,    1)";"   102 (  102,    102)";"   6 (  6,    6)";"   70 (  70,    70)";"   38 (  38,    38)";"   6 (  6,    6)";"  11 (  11,    11)";"   19 (  19,    19)";"40%"
"2014-05-30";"-165";"   14 (   14,     14)";"  1 (  1,    1)";"    96 (   96,     96)";"   6 (  6,    6)";"   67 (  67,    67)";"   36 (  36,    36)";"   5 (  5,    5)";"  10 (  10,    10)";"   19 (  19,    19)";"40%"
"2014-05-29";"-166";"   13 (   13,     13)";"  1 (  1,    1)";"    90 (   90,     90)";"   5 (  5,    5)";"   63 (  63,    63)";"   34 (  34,    34)";"   5 (  5,    5)";"  10 (  10,    10)";"   18 (  18,    18)";"40%"
"2014-05-28";"-167";"   12 (   12,     12)";"  1 (  1,    1)";"    85 (   85,     85)";"   5 (  5,    5)";"   60 (  60,    60)";"   32 (  32,    32)";"   5 (  5,    5)";"   9 (   9,     9)";"   17 (  17,    17)";"40%"
"2014-05-27";"-168";"   11 (   11,     11)";"  1 (  1,    1)";"    80 (   80,     80)";"   5 (  5,    5)";"   57 (  57,    57)";"   31 (  31,    31)";"   5 (  5,    5)";"   9 (   9,     9)";"   16 (  16,    16)";"40%"
"2014-05-26";"-169";"   10 (   10,     10)";"  1 (  1,    1)";"    75 (   75,     75)";"   5 (  5,    5)";"   54 (  54,    54)";"   29 (  29,    29)";"   4 (  4,    4)";"   8 (   8,     8)";"   15 (  15,    15)";"40%"
"2014-05-25";"-170";"   10 (   10,     10)";"  1 (  1,    1)";"    70 (   70,     70)";"   4 (  4,    4)";"   52 (  52,    52)";"   28 (  28,    28)";"   4 (  4,    4)";"   8 (   8,     8)";"   14 (  14,    14)";"40%"
"2014-05-24";"-171";"    9 (    9,      9)";"  1 (  1,    1)";"    66 (   66,     66)";"   4 (  4,    4)";"   49 (  49,    49)";"   26 (  26,    26)";"   4 (  4,    4)";"   8 (   8,     8)";"   14 (  14,    14)";"40%"
"2014-05-23";"-172";"    8 (    8,      8)";"  1 (  1,    1)";"    62 (   62,     62)";"   4 (  4,    4)";"   47 (  47,    47)";"   25 (  25,    25)";"   4 (  4,    4)";"   7 (   7,     7)";"   13 (  13,    13)";"40%"
"2014-05-22";"-173";"    8 (    8,      8)";"  1 (  1,    1)";"    58 (   58,     58)";"   4 (  4,    4)";"   44 (  44,    44)";"   24 (  24,    24)";"   4 (  4,    4)";"   7 (   7,     7)";"   12 (  12,    12)";"40%"
"2014-05-21";"-174";"    7 (    7,      7)";"  1 (  1,    1)";"    54 (   54,     54)";"   4 (  4,    4)";"   42 (  42,    42)";"   23 (  23,    23)";"   3 (  3,    3)";"   6 (   6,     6)";"   12 (  12,    12)";"40%"
"2014-05-20";"-175";"    6 (    6,      6)";"  1 (  1,    1)";"    50 (   50,     50)";"   3 (  3,    3)";"   40 (  40,    40)";"   21 (  21,    21)";"   3 (  3,    3)";"   6 (   6,     6)";"   11 (  11,    11)";"40%"
"2014-05-19";"-176";"    6 (    6,      6)";"  1 (  1,    1)";"    47 (   47,     47)";"   3 (  3,    3)";"   38 (  38,    38)";"   20 (  20,    20)";"   3 (  3,    3)";"   6 (   6,     6)";"   11 (  11,    11)";"40%"
