"Date";"Days from today";"ETU caseload";"Nurses and paramedics";"Hygienists and nurses aids";"Doctors";"Support staff";"Total"
"2015-04-29";"168";"79742 (12169, 147315)";"39871 (6085, 73657)";"39871 (6085, 73657)";"7974 (1217, 14731)";"79742 (12169, 147315)";"167458 (84423, 250493)"
"2015-04-28";"167";"79006 (11692, 146320)";"39503 (5846, 73160)";"39503 (5846, 73160)";"7901 (1170, 14632)";"79006 (11692, 146320)";"165913 (83196, 248630)"
"2015-04-27";"166";"78260 (11219, 145301)";"39130 (5610, 72650)";"39130 (5610, 72650)";"7826 (1122, 14530)";"78260 (11219, 145301)";"164346 (81965, 246727)"
"2015-04-26";"165";"77505 (10752, 144258)";"38752 (5375, 72129)";"38752 (5375, 72129)";"7750 (1075, 14425)";"77505 (10752, 144258)";"162759 (80731, 244787)"
"2015-04-25";"164";"76741 (10291, 143191)";"38370 (5145, 71595)";"38370 (5145, 71595)";"7674 (1029, 14319)";"76741 (10291, 143191)";"161155 (79500, 242810)"
"2015-04-24";"163";"75968 ( 9836, 142100)";"37984 (4918, 71050)";"37984 (4918, 71050)";"7597 ( 984, 14210)";"75968 ( 9836, 142100)";"159533 (78269, 240797)"
"2015-04-23";"162";"75187 ( 9390, 140984)";"37594 (4695, 70493)";"37594 (4695, 70493)";"7519 ( 939, 14099)";"75187 ( 9390, 140984)";"157894 (77041, 238747)"
"2015-04-22";"161";"74399 ( 8953, 139845)";"37200 (4477, 69923)";"37200 (4477, 69923)";"7440 ( 895, 13985)";"74399 ( 8953, 139845)";"156239 (75817, 236661)"
"2015-04-21";"160";"73603 ( 8524, 138682)";"36802 (4263, 69341)";"36802 (4263, 69341)";"7360 ( 852, 13868)";"73603 ( 8524, 138682)";"154567 (74597, 234537)"
"2015-04-20";"159";"72799 ( 8105, 137493)";"36400 (4053, 68747)";"36400 (4053, 68747)";"7280 ( 811, 13749)";"72799 ( 8105, 137493)";"152879 (73382, 232376)"
"2015-04-19";"158";"71990 ( 7697, 136283)";"35995 (3849, 68141)";"35995 (3849, 68141)";"7199 ( 770, 13628)";"71990 ( 7697, 136283)";"151179 (72175, 230183)"
"2015-04-18";"157";"71173 ( 7299, 135047)";"35586 (3649, 67523)";"35586 (3649, 67523)";"7117 ( 730, 13504)";"71173 ( 7299, 135047)";"149462 (70973, 227951)"
"2015-04-17";"156";"70352 ( 6914, 133790)";"35176 (3457, 66895)";"35176 (3457, 66895)";"7035 ( 691, 13379)";"70352 ( 6914, 133790)";"147739 (69785, 225693)"
"2015-04-16";"155";"69525 ( 6540, 132510)";"34762 (3270, 66254)";"34762 (3270, 66254)";"6952 ( 654, 13250)";"69525 ( 6540, 132510)";"146001 (68604, 223398)"
"2015-04-15";"154";"68693 ( 6179, 131207)";"34346 (3089, 65603)";"34346 (3089, 65603)";"6869 ( 618, 13120)";"68693 ( 6179, 131207)";"144254 (67435, 221073)"
"2015-04-14";"153";"67856 ( 5830, 129882)";"33928 (2915, 64941)";"33928 (2915, 64941)";"6786 ( 583, 12989)";"67856 ( 5830, 129882)";"142498 (66279, 218717)"
"2015-04-13";"152";"67016 ( 5495, 128537)";"33508 (2747, 64269)";"33508 (2747, 64269)";"6702 ( 550, 12854)";"67016 ( 5495, 128537)";"140734 (65135, 216333)"
"2015-04-12";"151";"66172 ( 5172, 127172)";"33086 (2586, 63586)";"33086 (2586, 63586)";"6617 ( 517, 12717)";"66172 ( 5172, 127172)";"138961 (64003, 213919)"
"2015-04-11";"150";"65325 ( 4864, 125786)";"32662 (2431, 62893)";"32662 (2431, 62893)";"6532 ( 486, 12578)";"65325 ( 4864, 125786)";"137181 (62885, 211477)"
"2015-04-10";"149";"64475 ( 4569, 124381)";"32238 (2285, 62191)";"32238 (2285, 62191)";"6448 ( 457, 12439)";"64475 ( 4569, 124381)";"135399 (61785, 209013)"
"2015-04-09";"148";"63623 ( 4288, 122958)";"31812 (2144, 61480)";"31812 (2144, 61480)";"6362 ( 428, 12296)";"63623 ( 4288, 122958)";"133609 (60697, 206521)"
"2015-04-08";"147";"62770 ( 4022, 121518)";"31385 (2011, 60759)";"31385 (2011, 60759)";"6277 ( 402, 12152)";"62770 ( 4022, 121518)";"131817 (59626, 204008)"
"2015-04-07";"146";"61915 ( 3769, 120061)";"30958 (1885, 60031)";"30958 (1885, 60031)";"6192 ( 377, 12007)";"61915 ( 3769, 120061)";"130023 (58572, 201474)"
"2015-04-06";"145";"61059 ( 3530, 118588)";"30530 (1765, 59295)";"30530 (1765, 59295)";"6106 ( 353, 11859)";"61059 ( 3530, 118588)";"128225 (57532, 198918)"
"2015-04-05";"144";"60204 ( 3307, 117101)";"30102 (1653, 58551)";"30102 (1653, 58551)";"6020 ( 330, 11710)";"60204 ( 3307, 117101)";"126428 (56511, 196345)"
"2015-04-04";"143";"59348 ( 3096, 115600)";"29674 (1548, 57800)";"29674 (1548, 57800)";"5935 ( 310, 11560)";"59348 ( 3096, 115600)";"124631 (55508, 193754)"
"2015-04-03";"142";"58493 ( 2900, 114086)";"29246 (1450, 57042)";"29246 (1450, 57042)";"5849 ( 290, 11408)";"58493 ( 2900, 114086)";"122834 (54520, 191148)"
"2015-04-02";"141";"57639 ( 2718, 112560)";"28820 (1360, 56280)";"28820 (1360, 56280)";"5764 ( 272, 11256)";"57639 ( 2718, 112560)";"121043 (53555, 188531)"
"2015-04-01";"140";"56787 ( 2550, 111024)";"28394 (1276, 55512)";"28394 (1276, 55512)";"5679 ( 255, 11103)";"56787 ( 2550, 111024)";"119254 (52607, 185901)"
"2015-03-31";"139";"55936 ( 2395, 109477)";"27968 (1198, 54738)";"27968 (1198, 54738)";"5594 ( 240, 10948)";"55936 ( 2395, 109477)";"117466 (51674, 183258)"
"2015-03-30";"138";"55088 ( 2254, 107922)";"27544 (1127, 53961)";"27544 (1127, 53961)";"5509 ( 226, 10792)";"55088 ( 2254, 107922)";"115685 (50762, 180608)"
"2015-03-29";"137";"54243 ( 2126, 106360)";"27121 (1063, 53179)";"27121 (1063, 53179)";"5424 ( 212, 10636)";"54243 ( 2126, 106360)";"113909 (49867, 177951)"
"2015-03-28";"136";"53400 ( 2010, 104790)";"26700 (1005, 52395)";"26700 (1005, 52395)";"5340 ( 201, 10479)";"53400 ( 2010, 104790)";"112140 (48991, 175289)"
"2015-03-27";"135";"52562 ( 1908, 103216)";"26281 ( 954, 51608)";"26281 ( 954, 51608)";"5256 ( 191, 10321)";"52562 ( 1908, 103216)";"110380 (48136, 172624)"
"2015-03-26";"134";"51727 ( 1817, 101637)";"25864 ( 909, 50819)";"25864 ( 909, 50819)";"5173 ( 182, 10164)";"51727 ( 1817, 101637)";"108628 (47298, 169958)"
"2015-03-25";"133";"50897 ( 1739, 100055)";"25448 ( 869, 50027)";"25448 ( 869, 50027)";"5090 ( 174, 10006)";"50897 ( 1739, 100055)";"106883 (46477, 167289)"
"2015-03-24";"132";"50071 ( 1672,  98470)";"25036 ( 836, 49236)";"25036 ( 836, 49236)";"5007 ( 167,  9847)";"50071 ( 1672,  98470)";"105150 (45676, 164624)"
"2015-03-23";"131";"49250 ( 1615,  96885)";"24625 ( 808, 48442)";"24625 ( 808, 48442)";"4925 ( 162,  9688)";"49250 ( 1615,  96885)";"103425 (44891, 161959)"
"2015-03-22";"130";"48435 ( 1570,  95300)";"24218 ( 786, 47650)";"24218 ( 786, 47650)";"4844 ( 158,  9530)";"48435 ( 1570,  95300)";"101715 (44127, 159303)"
"2015-03-21";"129";"47625 ( 1535,  93715)";"23812 ( 767, 46857)";"23812 ( 767, 46857)";"4762 ( 153,  9371)";"47625 ( 1535,  93715)";"100011 (43374, 156648)"
"2015-03-20";"128";"46822 ( 1510,  92134)";"23411 ( 755, 46067)";"23411 ( 755, 46067)";"4682 ( 151,  9213)";"46822 ( 1510,  92134)";" 98326 (42646, 154006)"
"2015-03-19";"127";"46025 ( 1495,  90555)";"23012 ( 747, 45277)";"23012 ( 747, 45277)";"4602 ( 149,  9055)";"46025 ( 1495,  90555)";" 96651 (41931, 151371)"
"2015-03-18";"126";"45234 ( 1487,  88981)";"22617 ( 744, 44490)";"22617 ( 744, 44490)";"4523 ( 148,  8898)";"45234 ( 1487,  88981)";" 94991 (41234, 148748)"
"2015-03-17";"125";"44451 ( 1490,  87412)";"22226 ( 745, 43707)";"22226 ( 745, 43707)";"4445 ( 149,  8741)";"44451 ( 1490,  87412)";" 93348 (40557, 146139)"
"2015-03-16";"124";"43674 ( 1499,  85849)";"21837 ( 750, 42924)";"21837 ( 750, 42924)";"4367 ( 150,  8584)";"43674 ( 1499,  85849)";" 91715 (39890, 143540)"
"2015-03-15";"123";"42905 ( 1517,  84293)";"21452 ( 758, 42146)";"21452 ( 758, 42146)";"4290 ( 151,  8429)";"42905 ( 1517,  84293)";" 90099 (39241, 140957)"
"2015-03-14";"122";"42144 ( 1542,  82746)";"21072 ( 771, 41373)";"21072 ( 771, 41373)";"4214 ( 154,  8274)";"42144 ( 1542,  82746)";" 88502 (38610, 138394)"
"2015-03-13";"121";"41390 ( 1574,  81206)";"20695 ( 787, 40603)";"20695 ( 787, 40603)";"4139 ( 157,  8121)";"41390 ( 1574,  81206)";" 86919 (37992, 135846)"
"2015-03-12";"120";"40645 ( 1612,  79678)";"20322 ( 805, 39839)";"20322 ( 805, 39839)";"4064 ( 161,  7967)";"40645 ( 1612,  79678)";" 85353 (37388, 133318)"
"2015-03-11";"119";"39908 ( 1656,  78160)";"19954 ( 828, 39080)";"19954 ( 828, 39080)";"3991 ( 166,  7816)";"39908 ( 1656,  78160)";" 83807 (36802, 130812)"
"2015-03-10";"118";"39179 ( 1705,  76653)";"19590 ( 853, 38327)";"19590 ( 853, 38327)";"3918 ( 171,  7665)";"39179 ( 1705,  76653)";" 82277 (36228, 128326)"
"2015-03-09";"117";"38459 ( 1759,  75159)";"19230 ( 880, 37580)";"19230 ( 880, 37580)";"3846 ( 176,  7516)";"38459 ( 1759,  75159)";" 80765 (35667, 125863)"
"2015-03-08";"116";"37748 ( 1818,  73678)";"18874 ( 909, 36839)";"18874 ( 909, 36839)";"3775 ( 182,  7368)";"37748 ( 1818,  73678)";" 79271 (35120, 123422)"
"2015-03-07";"115";"37046 ( 1881,  72211)";"18523 ( 941, 36105)";"18523 ( 941, 36105)";"3705 ( 189,  7221)";"37046 ( 1881,  72211)";" 77797 (34586, 121008)"
"2015-03-06";"114";"36353 ( 1948,  70758)";"18176 ( 974, 35378)";"18176 ( 974, 35378)";"3635 ( 195,  7075)";"36353 ( 1948,  70758)";" 76340 (34063, 118617)"
"2015-03-05";"113";"35669 ( 2018,  69320)";"17834 (1009, 34659)";"17834 (1009, 34659)";"3567 ( 202,  6932)";"35669 ( 2018,  69320)";" 74904 (33554, 116254)"
"2015-03-04";"112";"34994 ( 2091,  67897)";"17497 (1046, 33948)";"17497 (1046, 33948)";"3499 ( 209,  6789)";"34994 ( 2091,  67897)";" 73487 (33055, 113919)"
"2015-03-03";"111";"34328 ( 2166,  66490)";"17164 (1083, 33245)";"17164 (1083, 33245)";"3433 ( 217,  6649)";"34328 ( 2166,  66490)";" 72089 (32568, 111610)"
"2015-03-02";"110";"33672 ( 2244,  65100)";"16836 (1122, 32550)";"16836 (1122, 32550)";"3367 ( 224,  6510)";"33672 ( 2244,  65100)";" 70711 (32092, 109330)"
"2015-03-01";"109";"33026 ( 2324,  63728)";"16513 (1162, 31864)";"16513 (1162, 31864)";"3303 ( 233,  6373)";"33026 ( 2324,  63728)";" 69355 (31628, 107082)"
"2015-02-28";"108";"32389 ( 2406,  62372)";"16194 (1202, 31186)";"16194 (1202, 31186)";"3239 ( 241,  6237)";"32389 ( 2406,  62372)";" 68016 (31172, 104860)"
"2015-02-27";"107";"31761 ( 2487,  61035)";"15880 (1243, 30517)";"15880 (1243, 30517)";"3176 ( 249,  6103)";"31761 ( 2487,  61035)";" 66697 (30725, 102669)"
"2015-02-26";"106";"31143 ( 2571,  59715)";"15572 (1286, 29858)";"15572 (1286, 29858)";"3114 ( 257,  5971)";"31143 ( 2571,  59715)";" 65401 (30291, 100511)"
"2015-02-25";"105";"30535 ( 2655,  58415)";"15268 (1328, 29208)";"15268 (1328, 29208)";"3054 ( 266,  5842)";"30535 ( 2655,  58415)";" 64125 (29865,  98385)"
"2015-02-24";"104";"29937 ( 2739,  57135)";"14968 (1369, 28567)";"14968 (1369, 28567)";"2994 ( 274,  5714)";"29937 ( 2739,  57135)";" 62867 (29446,  96288)"
"2015-02-23";"103";"29348 ( 2824,  55872)";"14674 (1412, 27936)";"14674 (1412, 27936)";"2935 ( 283,  5587)";"29348 ( 2824,  55872)";" 61631 (29037,  94225)"
"2015-02-22";"102";"28768 ( 2907,  54629)";"14384 (1453, 27315)";"14384 (1453, 27315)";"2877 ( 291,  5463)";"28768 ( 2907,  54629)";" 60413 (28634,  92192)"
"2015-02-21";"101";"28199 ( 2991,  53407)";"14100 (1496, 26704)";"14100 (1496, 26704)";"2820 ( 299,  5341)";"28199 ( 2991,  53407)";" 59219 (28243,  90195)"
"2015-02-20";"100";"27639 ( 3074,  52204)";"13820 (1538, 26102)";"13820 (1538, 26102)";"2764 ( 308,  5220)";"27639 ( 3074,  52204)";" 58043 (27857,  88229)"
"2015-02-19";"99";"27088 ( 3156,  51020)";"13544 (1578, 25510)";"13544 (1578, 25510)";"2709 ( 316,  5102)";"27088 ( 3156,  51020)";" 56885 (27477,  86293)"
"2015-02-18";"98";"26548 ( 3238,  49858)";"13274 (1619, 24929)";"13274 (1619, 24929)";"2655 ( 324,  4986)";"26548 ( 3238,  49858)";" 55751 (27107,  84395)"
"2015-02-17";"97";"26016 ( 3317,  48715)";"13008 (1659, 24357)";"13008 (1659, 24357)";"2602 ( 332,  4872)";"26016 ( 3317,  48715)";" 54634 (26742,  82526)"
"2015-02-16";"96";"25494 ( 3396,  47592)";"12747 (1698, 23796)";"12747 (1698, 23796)";"2549 ( 339,  4759)";"25494 ( 3396,  47592)";" 53537 (26383,  80691)"
"2015-02-15";"95";"24981 ( 3473,  46489)";"12490 (1736, 23244)";"12490 (1736, 23244)";"2498 ( 347,  4649)";"24981 ( 3473,  46489)";" 52459 (26029,  78889)"
"2015-02-14";"94";"24478 ( 3548,  45408)";"12239 (1774, 22704)";"12239 (1774, 22704)";"2448 ( 355,  4541)";"24478 ( 3548,  45408)";" 51404 (25685,  77123)"
"2015-02-13";"93";"23984 ( 3622,  44346)";"11992 (1811, 22173)";"11992 (1811, 22173)";"2398 ( 362,  4434)";"23984 ( 3622,  44346)";" 50366 (25345,  75387)"
"2015-02-12";"92";"23499 ( 3694,  43304)";"11750 (1847, 21653)";"11750 (1847, 21653)";"2350 ( 369,  4331)";"23499 ( 3694,  43304)";" 49349 (25012,  73686)"
"2015-02-11";"91";"23023 ( 3763,  42283)";"11512 (1882, 21142)";"11512 (1882, 21142)";"2302 ( 376,  4228)";"23023 ( 3763,  42283)";" 48349 (24682,  72016)"
"2015-02-10";"90";"22556 ( 3831,  41281)";"11278 (1915, 20641)";"11278 (1915, 20641)";"2256 ( 383,  4129)";"22556 ( 3831,  41281)";" 47368 (24358,  70378)"
"2015-02-09";"89";"22098 ( 3896,  40300)";"11049 (1948, 20150)";"11049 (1948, 20150)";"2210 ( 390,  4030)";"22098 ( 3896,  40300)";" 46406 (24039,  68773)"
"2015-02-08";"88";"21649 ( 3960,  39338)";"10824 (1979, 19669)";"10824 (1979, 19669)";"2165 ( 396,  3934)";"21649 ( 3960,  39338)";" 45462 (23725,  67199)"
"2015-02-07";"87";"21209 ( 4021,  38397)";"10604 (2010, 19198)";"10604 (2010, 19198)";"2121 ( 402,  3840)";"21209 ( 4021,  38397)";" 44538 (23417,  65659)"
"2015-02-06";"86";"20777 ( 4079,  37475)";"10388 (2039, 18737)";"10388 (2039, 18737)";"2078 ( 408,  3748)";"20777 ( 4079,  37475)";" 43631 (23113,  64149)"
"2015-02-05";"85";"20353 ( 4135,  36571)";"10176 (2067, 18285)";"10176 (2067, 18285)";"2035 ( 413,  3657)";"20353 ( 4135,  36571)";" 42740 (22811,  62669)"
"2015-02-04";"84";"19938 ( 4189,  35687)";" 9969 (2094, 17844)";" 9969 (2094, 17844)";"1994 ( 419,  3569)";"19938 ( 4189,  35687)";" 41870 (22517,  61223)"
"2015-02-03";"83";"19531 ( 4239,  34823)";" 9766 (2120, 17412)";" 9766 (2120, 17412)";"1953 ( 424,  3482)";"19531 ( 4239,  34823)";" 41016 (22225,  59807)"
"2015-02-02";"82";"19133 ( 4289,  33977)";" 9566 (2144, 16988)";" 9566 (2144, 16988)";"1913 ( 429,  3397)";"19133 ( 4289,  33977)";" 40178 (21937,  58419)"
"2015-02-01";"81";"18742 ( 4335,  33149)";" 9371 (2167, 16575)";" 9371 (2167, 16575)";"1874 ( 433,  3315)";"18742 ( 4335,  33149)";" 39358 (21654,  57062)"
"2015-01-31";"80";"18360 ( 4379,  32341)";" 9180 (2189, 16171)";" 9180 (2189, 16171)";"1836 ( 438,  3234)";"18360 ( 4379,  32341)";" 38556 (21376,  55736)"
"2015-01-30";"79";"17985 ( 4420,  31550)";" 8992 (2210, 15774)";" 8992 (2210, 15774)";"1798 ( 442,  3154)";"17985 ( 4420,  31550)";" 37767 (21098,  54436)"
"2015-01-29";"78";"17618 ( 4459,  30777)";" 8809 (2229, 15389)";" 8809 (2229, 15389)";"1762 ( 446,  3078)";"17618 ( 4459,  30777)";" 36998 (20828,  53168)"
"2015-01-28";"77";"17258 ( 4495,  30021)";" 8629 (2247, 15011)";" 8629 (2247, 15011)";"1726 ( 450,  3002)";"17258 ( 4495,  30021)";" 36242 (20558,  51926)"
"2015-01-27";"76";"16906 ( 4529,  29283)";" 8453 (2264, 14642)";" 8453 (2264, 14642)";"1691 ( 453,  2929)";"16906 ( 4529,  29283)";" 35503 (20294,  50712)"
"2015-01-26";"75";"16561 ( 4560,  28562)";" 8280 (2279, 14281)";" 8280 (2279, 14281)";"1656 ( 456,  2856)";"16561 ( 4560,  28562)";" 34777 (20030,  49524)"
"2015-01-25";"74";"16223 ( 4589,  27857)";" 8111 (2294, 13928)";" 8111 (2294, 13928)";"1622 ( 459,  2785)";"16223 ( 4589,  27857)";" 34067 (19770,  48364)"
"2015-01-24";"73";"15893 ( 4616,  27170)";" 7946 (2307, 13585)";" 7946 (2307, 13585)";"1589 ( 461,  2717)";"15893 ( 4616,  27170)";" 33374 (19516,  47232)"
"2015-01-23";"72";"15569 ( 4639,  26499)";" 7784 (2319, 13249)";" 7784 (2319, 13249)";"1557 ( 464,  2650)";"15569 ( 4639,  26499)";" 32694 (19264,  46124)"
"2015-01-22";"71";"15253 ( 4662,  25844)";" 7626 (2331, 12921)";" 7626 (2331, 12921)";"1525 ( 466,  2584)";"15253 ( 4662,  25844)";" 32030 (19016,  45044)"
"2015-01-21";"70";"14943 ( 4682,  25204)";" 7472 (2341, 12603)";" 7472 (2341, 12603)";"1494 ( 468,  2520)";"14943 ( 4682,  25204)";" 31381 (18772,  43990)"
"2015-01-20";"69";"14639 ( 4699,  24579)";" 7319 (2349, 12289)";" 7319 (2349, 12289)";"1464 ( 470,  2458)";"14639 ( 4699,  24579)";" 30741 (18526,  42956)"
"2015-01-19";"68";"14342 ( 4714,  23970)";" 7171 (2357, 11985)";" 7171 (2357, 11985)";"1434 ( 471,  2397)";"14342 ( 4714,  23970)";" 30118 (18287,  41949)"
"2015-01-18";"67";"14052 ( 4727,  23377)";" 7026 (2364, 11688)";" 7026 (2364, 11688)";"1405 ( 473,  2337)";"14052 ( 4727,  23377)";" 29509 (18051,  40967)"
"2015-01-17";"66";"13767 ( 4738,  22796)";" 6883 (2368, 11398)";" 6883 (2368, 11398)";"1377 ( 474,  2280)";"13767 ( 4738,  22796)";" 28910 (17815,  40005)"
"2015-01-16";"65";"13489 ( 4747,  22231)";" 6744 (2373, 11115)";" 6744 (2373, 11115)";"1349 ( 475,  2223)";"13489 ( 4747,  22231)";" 28326 (17584,  39068)"
"2015-01-15";"64";"13217 ( 4754,  21680)";" 6608 (2377, 10839)";" 6608 (2377, 10839)";"1322 ( 476,  2168)";"13217 ( 4754,  21680)";" 27755 (17356,  38154)"
"2015-01-14";"63";"12951 ( 4760,  21142)";" 6476 (2380, 10572)";" 6476 (2380, 10572)";"1295 ( 476,  2114)";"12951 ( 4760,  21142)";" 27198 (17132,  37264)"
"2015-01-13";"62";"12690 ( 4762,  20618)";" 6345 (2381, 10309)";" 6345 (2381, 10309)";"1269 ( 476,  2062)";"12690 ( 4762,  20618)";" 26649 (16907,  36391)"
"2015-01-12";"61";"12435 ( 4764,  20106)";" 6218 (2382, 10054)";" 6218 (2382, 10054)";"1244 ( 477,  2011)";"12435 ( 4764,  20106)";" 26115 (16688,  35542)"
"2015-01-11";"60";"12186 ( 4763,  19609)";" 6093 (2382,  9804)";" 6093 (2382,  9804)";"1219 ( 477,  1961)";"12186 ( 4763,  19609)";" 25591 (16470,  34712)"
"2015-01-10";"59";"11942 ( 4761,  19123)";" 5971 (2381,  9561)";" 5971 (2381,  9561)";"1194 ( 476,  1912)";"11942 ( 4761,  19123)";" 25078 (16254,  33902)"
"2015-01-09";"58";"11703 ( 4757,  18649)";" 5852 (2379,  9325)";" 5852 (2379,  9325)";"1170 ( 475,  1865)";"11703 ( 4757,  18649)";" 24577 (16042,  33112)"
"2015-01-08";"57";"11470 ( 4752,  18188)";" 5735 (2376,  9094)";" 5735 (2376,  9094)";"1147 ( 475,  1819)";"11470 ( 4752,  18188)";" 24087 (15832,  32342)"
"2015-01-07";"56";"11241 ( 4744,  17738)";" 5620 (2372,  8868)";" 5620 (2372,  8868)";"1124 ( 474,  1774)";"11241 ( 4744,  17738)";" 23605 (15622,  31588)"
"2015-01-06";"55";"11018 ( 4736,  17300)";" 5509 (2368,  8650)";" 5509 (2368,  8650)";"1102 ( 474,  1730)";"11018 ( 4736,  17300)";" 23138 (15419,  30857)"
"2015-01-05";"54";"10800 ( 4727,  16873)";" 5400 (2363,  8437)";" 5400 (2363,  8437)";"1080 ( 473,  1687)";"10800 ( 4727,  16873)";" 22680 (15217,  30143)"
"2015-01-04";"53";"10586 ( 4715,  16457)";" 5293 (2357,  8229)";" 5293 (2357,  8229)";"1059 ( 472,  1646)";"10586 ( 4715,  16457)";" 22231 (15016,  29446)"
"2015-01-03";"52";"10377 ( 4702,  16052)";" 5188 (2351,  8025)";" 5188 (2351,  8025)";"1038 ( 471,  1605)";"10377 ( 4702,  16052)";" 21791 (14818,  28764)"
"2015-01-02";"51";"10173 ( 4688,  15658)";" 5086 (2344,  7828)";" 5086 (2344,  7828)";"1017 ( 469,  1565)";"10173 ( 4688,  15658)";" 21362 (14622,  28102)"
"2015-01-01";"50";" 9973 ( 4673,  15273)";" 4986 (2336,  7636)";" 4986 (2336,  7636)";" 997 ( 467,  1527)";" 9973 ( 4673,  15273)";" 20942 (14429,  27455)"
"2014-12-31";"49";" 9778 ( 4657,  14899)";" 4889 (2329,  7449)";" 4889 (2329,  7449)";" 978 ( 466,  1490)";" 9778 ( 4657,  14899)";" 20534 (14241,  26827)"
"2014-12-30";"48";" 9586 ( 4639,  14533)";" 4793 (2319,  7267)";" 4793 (2319,  7267)";" 959 ( 464,  1454)";" 9586 ( 4639,  14533)";" 20131 (14052,  26210)"
"2014-12-29";"47";" 9399 ( 4620,  14178)";" 4700 (2310,  7090)";" 4700 (2310,  7090)";" 940 ( 462,  1418)";" 9399 ( 4620,  14178)";" 19739 (13866,  25612)"
"2014-12-28";"46";" 9216 ( 4600,  13832)";" 4608 (2300,  6916)";" 4608 (2300,  6916)";" 922 ( 460,  1384)";" 9216 ( 4600,  13832)";" 19354 (13682,  25026)"
"2014-12-27";"45";" 9038 ( 4580,  13496)";" 4519 (2290,  6748)";" 4519 (2290,  6748)";" 904 ( 458,  1350)";" 9038 ( 4580,  13496)";" 18980 (13502,  24458)"
"2014-12-26";"44";" 8863 ( 4559,  13167)";" 4432 (2280,  6584)";" 4432 (2280,  6584)";" 886 ( 456,  1316)";" 8863 ( 4559,  13167)";" 18613 (13324,  23902)"
"2014-12-25";"43";" 8692 ( 4536,  12848)";" 4346 (2268,  6424)";" 4346 (2268,  6424)";" 869 ( 453,  1285)";" 8692 ( 4536,  12848)";" 18253 (13146,  23360)"
"2014-12-24";"42";" 8524 ( 4512,  12536)";" 4262 (2256,  6268)";" 4262 (2256,  6268)";" 852 ( 451,  1253)";" 8524 ( 4512,  12536)";" 17900 (12970,  22830)"
"2014-12-23";"41";" 8361 ( 4488,  12234)";" 4180 (2244,  6116)";" 4180 (2244,  6116)";" 836 ( 449,  1223)";" 8361 ( 4488,  12234)";" 17557 (12798,  22316)"
"2014-12-22";"40";" 8201 ( 4463,  11939)";" 4100 (2231,  5969)";" 4100 (2231,  5969)";" 820 ( 446,  1194)";" 8201 ( 4463,  11939)";" 17221 (12628,  21814)"
"2014-12-21";"39";" 8044 ( 4437,  11651)";" 4022 (2219,  5825)";" 4022 (2219,  5825)";" 804 ( 443,  1165)";" 8044 ( 4437,  11651)";" 16892 (12460,  21324)"
"2014-12-20";"38";" 7891 ( 4411,  11371)";" 3946 (2206,  5686)";" 3946 (2206,  5686)";" 789 ( 441,  1137)";" 7891 ( 4411,  11371)";" 16572 (12296,  20848)"
"2014-12-19";"37";" 7741 ( 4384,  11098)";" 3870 (2191,  5549)";" 3870 (2191,  5549)";" 774 ( 438,  1110)";" 7741 ( 4384,  11098)";" 16255 (12129,  20381)"
"2014-12-18";"36";" 7595 ( 4356,  10834)";" 3798 (2179,  5417)";" 3798 (2179,  5417)";" 760 ( 436,  1084)";" 7595 ( 4356,  10834)";" 15951 (11971,  19931)"
"2014-12-17";"35";" 7451 ( 4327,  10575)";" 3726 (2164,  5288)";" 3726 (2164,  5288)";" 745 ( 433,  1057)";" 7451 ( 4327,  10575)";" 15648 (11810,  19486)"
"2014-12-16";"34";" 7311 ( 4299,  10323)";" 3656 (2150,  5162)";" 3656 (2150,  5162)";" 731 ( 430,  1032)";" 7311 ( 4299,  10323)";" 15354 (11652,  19056)"
"2014-12-15";"33";" 7174 ( 4269,  10079)";" 3587 (2135,  5039)";" 3587 (2135,  5039)";" 717 ( 427,  1007)";" 7174 ( 4269,  10079)";" 15065 (11496,  18634)"
"2014-12-14";"32";" 7040 ( 4240,   9840)";" 3520 (2120,  4920)";" 3520 (2120,  4920)";" 704 ( 424,   984)";" 7040 ( 4240,   9840)";" 14784 (11343,  18225)"
"2014-12-13";"31";" 6909 ( 4210,   9608)";" 3454 (2104,  4804)";" 3454 (2104,  4804)";" 691 ( 421,   961)";" 6909 ( 4210,   9608)";" 14508 (11191,  17825)"
"2014-12-12";"30";" 6780 ( 4178,   9382)";" 3390 (2089,  4691)";" 3390 (2089,  4691)";" 678 ( 418,   938)";" 6780 ( 4178,   9382)";" 14238 (11041,  17435)"
"2014-12-11";"29";" 6655 ( 4148,   9162)";" 3328 (2074,  4582)";" 3328 (2074,  4582)";" 666 ( 415,   917)";" 6655 ( 4148,   9162)";" 13977 (10896,  17058)"
"2014-12-10";"28";" 6532 ( 4116,   8948)";" 3266 (2058,  4474)";" 3266 (2058,  4474)";" 653 ( 411,   895)";" 6532 ( 4116,   8948)";" 13717 (10749,  16685)"
"2014-12-09";"27";" 6412 ( 4085,   8739)";" 3206 (2042,  4370)";" 3206 (2042,  4370)";" 641 ( 408,   874)";" 6412 ( 4085,   8739)";" 13465 (10605,  16325)"
"2014-12-08";"26";" 6294 ( 4052,   8536)";" 3147 (2026,  4268)";" 3147 (2026,  4268)";" 629 ( 405,   853)";" 6294 ( 4052,   8536)";" 13217 (10462,  15972)"
"2014-12-07";"25";" 6179 ( 4020,   8338)";" 3090 (2011,  4169)";" 3090 (2011,  4169)";" 618 ( 402,   834)";" 6179 ( 4020,   8338)";" 12977 (10324,  15630)"
"2014-12-06";"24";" 6066 ( 3987,   8145)";" 3033 (1994,  4072)";" 3033 (1994,  4072)";" 607 ( 399,   815)";" 6066 ( 3987,   8145)";" 12739 (10185,  15293)"
"2014-12-05";"23";" 5956 ( 3955,   7957)";" 2978 (1977,  3979)";" 2978 (1977,  3979)";" 596 ( 396,   796)";" 5956 ( 3955,   7957)";" 12508 (10049,  14967)"
"2014-12-04";"22";" 5848 ( 3921,   7775)";" 2924 (1961,  3887)";" 2924 (1961,  3887)";" 585 ( 392,   778)";" 5848 ( 3921,   7775)";" 12281 ( 9914,  14648)"
"2014-12-03";"21";" 5743 ( 3889,   7597)";" 2872 (1945,  3799)";" 2872 (1945,  3799)";" 574 ( 389,   759)";" 5743 ( 3889,   7597)";" 12061 ( 9783,  14339)"
"2014-12-02";"20";" 5640 ( 3856,   7424)";" 2820 (1928,  3712)";" 2820 (1928,  3712)";" 564 ( 386,   742)";" 5640 ( 3856,   7424)";" 11844 ( 9652,  14036)"
"2014-12-01";"19";" 5539 ( 3822,   7256)";" 2770 (1912,  3628)";" 2770 (1912,  3628)";" 554 ( 382,   726)";" 5539 ( 3822,   7256)";" 11633 ( 9524,  13742)"
"2014-11-30";"18";" 5440 ( 3789,   7091)";" 2720 (1894,  3546)";" 2720 (1894,  3546)";" 544 ( 379,   709)";" 5440 ( 3789,   7091)";" 11424 ( 9395,  13453)"
"2014-11-29";"17";" 5343 ( 3755,   6931)";" 2672 (1878,  3466)";" 2672 (1878,  3466)";" 534 ( 375,   693)";" 5343 ( 3755,   6931)";" 11221 ( 9270,  13172)"
"2014-11-28";"16";" 5248 ( 3721,   6775)";" 2624 (1861,  3387)";" 2624 (1861,  3387)";" 525 ( 372,   678)";" 5248 ( 3721,   6775)";" 11021 ( 9145,  12897)"
"2014-11-27";"15";" 5156 ( 3688,   6624)";" 2578 (1844,  3312)";" 2578 (1844,  3312)";" 516 ( 369,   663)";" 5156 ( 3688,   6624)";" 10828 ( 9024,  12632)"
"2014-11-26";"14";" 5065 ( 3654,   6476)";" 2532 (1827,  3237)";" 2532 (1827,  3237)";" 506 ( 365,   647)";" 5065 ( 3654,   6476)";" 10635 ( 8901,  12369)"
"2014-11-25";"13";" 4976 ( 3620,   6332)";" 2488 (1810,  3166)";" 2488 (1810,  3166)";" 498 ( 362,   634)";" 4976 ( 3620,   6332)";" 10450 ( 8784,  12116)"
"2014-11-24";"12";" 4889 ( 3586,   6192)";" 2444 (1793,  3095)";" 2444 (1793,  3095)";" 489 ( 359,   619)";" 4889 ( 3586,   6192)";" 10266 ( 8665,  11867)"
"2014-11-23";"11";" 4804 ( 3553,   6055)";" 2402 (1776,  3028)";" 2402 (1776,  3028)";" 480 ( 355,   605)";" 4804 ( 3553,   6055)";" 10088 ( 8551,  11625)"
"2014-11-22";"10";" 4720 ( 3519,   5921)";" 2360 (1759,  2961)";" 2360 (1759,  2961)";" 472 ( 352,   592)";" 4720 ( 3519,   5921)";"  9912 ( 8436,  11388)"
"2014-11-21";"9";" 4639 ( 3485,   5793)";" 2320 (1743,  2897)";" 2320 (1743,  2897)";" 464 ( 349,   579)";" 4639 ( 3485,   5793)";"  9743 ( 8326,  11160)"
"2014-11-20";"8";" 4559 ( 3452,   5666)";" 2280 (1726,  2834)";" 2280 (1726,  2834)";" 456 ( 345,   567)";" 4559 ( 3452,   5666)";"  9575 ( 8214,  10936)"
"2014-11-19";"7";" 4480 ( 3417,   5543)";" 2240 (1709,  2771)";" 2240 (1709,  2771)";" 448 ( 342,   554)";" 4480 ( 3417,   5543)";"  9408 ( 8102,  10714)"
"2014-11-18";"6";" 4404 ( 3385,   5423)";" 2202 (1692,  2712)";" 2202 (1692,  2712)";" 440 ( 338,   542)";" 4404 ( 3385,   5423)";"  9248 ( 7995,  10501)"
"2014-11-17";"5";" 4329 ( 3351,   5307)";" 2164 (1675,  2653)";" 2164 (1675,  2653)";" 433 ( 335,   531)";" 4329 ( 3351,   5307)";"  9090 ( 7889,  10291)"
"2014-11-16";"4";" 4255 ( 3317,   5193)";" 2128 (1659,  2597)";" 2128 (1659,  2597)";" 426 ( 332,   520)";" 4255 ( 3317,   5193)";"  8937 ( 7785,  10089)"
"2014-11-15";"3";" 4183 ( 3284,   5082)";" 2092 (1643,  2541)";" 2092 (1643,  2541)";" 418 ( 328,   508)";" 4183 ( 3284,   5082)";"  8785 ( 7681,   9889)"
"2014-11-14";"2";" 4113 ( 3252,   4974)";" 2056 (1625,  2487)";" 2056 (1625,  2487)";" 411 ( 325,   497)";" 4113 ( 3252,   4974)";"  8636 ( 7578,   9694)"
"2014-11-13";"1";" 4044 ( 3219,   4869)";" 2022 (1609,  2435)";" 2022 (1609,  2435)";" 404 ( 321,   487)";" 4044 ( 3219,   4869)";"  8492 ( 7478,   9506)"
"2014-11-12";"0";" 3976 ( 3186,   4766)";" 1988 (1593,  2383)";" 1988 (1593,  2383)";" 398 ( 319,   477)";" 3976 ( 3186,   4766)";"  8350 ( 7379,   9321)"
"2014-11-11";"-1";" 3910 ( 3153,   4667)";" 1955 (1577,  2333)";" 1955 (1577,  2333)";" 391 ( 315,   467)";" 3910 ( 3153,   4667)";"  8211 ( 7281,   9141)"
"2014-11-10";"-2";" 3845 ( 3121,   4569)";" 1923 (1561,  2285)";" 1923 (1561,  2285)";" 384 ( 312,   456)";" 3845 ( 3121,   4569)";"  8075 ( 7185,   8965)"
"2014-11-09";"-3";" 3781 ( 3088,   4474)";" 1890 (1543,  2237)";" 1890 (1543,  2237)";" 378 ( 309,   447)";" 3781 ( 3088,   4474)";"  7939 ( 7087,   8791)"
"2014-11-08";"-4";" 3719 ( 3056,   4382)";" 1860 (1528,  2192)";" 1860 (1528,  2192)";" 372 ( 306,   438)";" 3719 ( 3056,   4382)";"  7811 ( 6996,   8626)"
"2014-11-07";"-5";" 3657 ( 3023,   4291)";" 1828 (1511,  2145)";" 1828 (1511,  2145)";" 366 ( 303,   429)";" 3657 ( 3023,   4291)";"  7679 ( 6900,   8458)"
"2014-11-06";"-6";" 3597 ( 2991,   4203)";" 1798 (1495,  2101)";" 1798 (1495,  2101)";" 360 ( 299,   421)";" 3597 ( 2991,   4203)";"  7553 ( 6808,   8298)"
"2014-11-05";"-7";" 3539 ( 2960,   4118)";" 1770 (1480,  2060)";" 1770 (1480,  2060)";" 354 ( 296,   412)";" 3539 ( 2960,   4118)";"  7433 ( 6721,   8145)"
"2014-11-04";"-8";" 3481 ( 2928,   4034)";" 1740 (1463,  2017)";" 1740 (1463,  2017)";" 348 ( 293,   403)";" 3481 ( 2928,   4034)";"  7309 ( 6629,   7989)"
"2014-11-03";"-9";" 3425 ( 2897,   3953)";" 1712 (1448,  1976)";" 1712 (1448,  1976)";" 342 ( 289,   395)";" 3425 ( 2897,   3953)";"  7191 ( 6542,   7840)"
"2014-11-02";"-10";" 3370 ( 2866,   3874)";" 1685 (1433,  1937)";" 1685 (1433,  1937)";" 337 ( 287,   387)";" 3370 ( 2866,   3874)";"  7077 ( 6457,   7697)"
"2014-11-01";"-11";" 3315 ( 2834,   3796)";" 1658 (1417,  1899)";" 1658 (1417,  1899)";" 332 ( 284,   380)";" 3315 ( 2834,   3796)";"  6963 ( 6372,   7554)"
"2014-10-31";"-12";" 3262 ( 2803,   3721)";" 1631 (1402,  1860)";" 1631 (1402,  1860)";" 326 ( 280,   372)";" 3262 ( 2803,   3721)";"  6850 ( 6286,   7414)"
"2014-10-30";"-13";" 3210 ( 2772,   3648)";" 1605 (1386,  1824)";" 1605 (1386,  1824)";" 321 ( 277,   365)";" 3210 ( 2772,   3648)";"  6741 ( 6203,   7279)"
"2014-10-29";"-14";" 3159 ( 2742,   3576)";" 1580 (1371,  1789)";" 1580 (1371,  1789)";" 316 ( 274,   358)";" 3159 ( 2742,   3576)";"  6635 ( 6123,   7147)"
"2014-10-28";"-15";" 3109 ( 2712,   3506)";" 1554 (1355,  1753)";" 1554 (1355,  1753)";" 311 ( 271,   351)";" 3109 ( 2712,   3506)";"  6528 ( 6040,   7016)"
"2014-10-27";"-16";" 3060 ( 2682,   3438)";" 1530 (1341,  1719)";" 1530 (1341,  1719)";" 306 ( 268,   344)";" 3060 ( 2682,   3438)";"  6426 ( 5961,   6891)"
"2014-10-26";"-17";" 3012 ( 2652,   3372)";" 1506 (1326,  1686)";" 1506 (1326,  1686)";" 301 ( 265,   337)";" 3012 ( 2652,   3372)";"  6325 ( 5882,   6768)"
"2014-10-25";"-18";" 2965 ( 2622,   3308)";" 1482 (1311,  1653)";" 1482 (1311,  1653)";" 296 ( 262,   330)";" 2965 ( 2622,   3308)";"  6225 ( 5804,   6646)"
"2014-10-24";"-19";" 2918 ( 2592,   3244)";" 1459 (1296,  1622)";" 1459 (1296,  1622)";" 292 ( 259,   325)";" 2918 ( 2592,   3244)";"  6128 ( 5727,   6529)"
"2014-10-23";"-20";" 2873 ( 2563,   3183)";" 1436 (1281,  1591)";" 1436 (1281,  1591)";" 287 ( 256,   318)";" 2873 ( 2563,   3183)";"  6032 ( 5651,   6413)"
"2014-10-22";"-21";" 2828 ( 2533,   3123)";" 1414 (1267,  1561)";" 1414 (1267,  1561)";" 283 ( 254,   312)";" 2828 ( 2533,   3123)";"  5939 ( 5577,   6301)"
"2014-10-21";"-22";" 2785 ( 2505,   3065)";" 1392 (1252,  1532)";" 1392 (1252,  1532)";" 278 ( 250,   306)";" 2785 ( 2505,   3065)";"  5847 ( 5503,   6191)"
"2014-10-20";"-23";" 2742 ( 2476,   3008)";" 1371 (1238,  1504)";" 1371 (1238,  1504)";" 274 ( 247,   301)";" 2742 ( 2476,   3008)";"  5758 ( 5431,   6085)"
"2014-10-19";"-24";" 2700 ( 2447,   2953)";" 1350 (1223,  1477)";" 1350 (1223,  1477)";" 270 ( 245,   295)";" 2700 ( 2447,   2953)";"  5670 ( 5359,   5981)"
"2014-10-18";"-25";" 2658 ( 2417,   2899)";" 1329 (1209,  1449)";" 1329 (1209,  1449)";" 266 ( 242,   290)";" 2658 ( 2417,   2899)";"  5582 ( 5286,   5878)"
"2014-10-17";"-26";" 2618 ( 2389,   2847)";" 1309 (1195,  1423)";" 1309 (1195,  1423)";" 262 ( 239,   285)";" 2618 ( 2389,   2847)";"  5498 ( 5217,   5779)"
"2014-10-16";"-27";" 2578 ( 2361,   2795)";" 1289 (1180,  1398)";" 1289 (1180,  1398)";" 258 ( 236,   280)";" 2578 ( 2361,   2795)";"  5414 ( 5147,   5681)"
"2014-10-15";"-28";" 2539 ( 2332,   2746)";" 1270 (1167,  1373)";" 1270 (1167,  1373)";" 254 ( 233,   275)";" 2539 ( 2332,   2746)";"  5333 ( 5079,   5587)"
"2014-10-14";"-29";" 2501 ( 2305,   2697)";" 1250 (1152,  1348)";" 1250 (1152,  1348)";" 250 ( 230,   270)";" 2501 ( 2305,   2697)";"  5251 ( 5010,   5492)"
"2014-10-13";"-30";" 2463 ( 2276,   2650)";" 1232 (1139,  1325)";" 1232 (1139,  1325)";" 246 ( 227,   265)";" 2463 ( 2276,   2650)";"  5173 ( 4943,   5403)"
"2014-10-12";"-31";" 2426 ( 2248,   2604)";" 1213 (1124,  1302)";" 1213 (1124,  1302)";" 243 ( 225,   261)";" 2426 ( 2248,   2604)";"  5095 ( 4876,   5314)"
"2014-10-11";"-32";" 2390 ( 2220,   2560)";" 1195 (1110,  1280)";" 1195 (1110,  1280)";" 239 ( 222,   256)";" 2390 ( 2220,   2560)";"  5019 ( 4810,   5228)"
"2014-10-10";"-33";" 2354 ( 2192,   2516)";" 1177 (1096,  1258)";" 1177 (1096,  1258)";" 235 ( 219,   251)";" 2354 ( 2192,   2516)";"  4943 ( 4744,   5142)"
"2014-10-09";"-34";" 2319 ( 2164,   2474)";" 1160 (1083,  1237)";" 1160 (1083,  1237)";" 232 ( 217,   247)";" 2319 ( 2164,   2474)";"  4871 ( 4681,   5061)"
"2014-10-08";"-35";" 2285 ( 2137,   2433)";" 1142 (1068,  1216)";" 1142 (1068,  1216)";" 228 ( 213,   243)";" 2285 ( 2137,   2433)";"  4797 ( 4615,   4979)"
"2014-10-07";"-36";" 2251 ( 2109,   2393)";" 1126 (1055,  1197)";" 1126 (1055,  1197)";" 225 ( 211,   239)";" 2251 ( 2109,   2393)";"  4728 ( 4553,   4903)"
"2014-10-06";"-37";" 2218 ( 2081,   2355)";" 1109 (1041,  1177)";" 1109 (1041,  1177)";" 222 ( 208,   236)";" 2218 ( 2081,   2355)";"  4658 ( 4490,   4826)"
"2014-10-05";"-38";" 2185 ( 2053,   2317)";" 1092 (1026,  1158)";" 1092 (1026,  1158)";" 218 ( 205,   231)";" 2185 ( 2053,   2317)";"  4587 ( 4425,   4749)"
"2014-10-04";"-39";" 2153 ( 2025,   2281)";" 1076 (1012,  1140)";" 1076 (1012,  1140)";" 215 ( 202,   228)";" 2153 ( 2025,   2281)";"  4520 ( 4363,   4677)"
"2014-10-03";"-40";" 2122 ( 1998,   2246)";" 1061 ( 999,  1123)";" 1061 ( 999,  1123)";" 212 ( 200,   224)";" 2122 ( 1998,   2246)";"  4456 ( 4304,   4608)"
"2014-10-02";"-41";" 2091 ( 1970,   2212)";" 1046 ( 986,  1106)";" 1046 ( 986,  1106)";" 209 ( 197,   221)";" 2091 ( 1970,   2212)";"  4392 ( 4244,   4540)"
"2014-10-01";"-42";" 2060 ( 1942,   2178)";" 1030 ( 971,  1089)";" 1030 ( 971,  1089)";" 206 ( 194,   218)";" 2060 ( 1942,   2178)";"  4326 ( 4181,   4471)"
"2014-09-30";"-43";" 2030 ( 1915,   2145)";" 1015 ( 957,  1073)";" 1015 ( 957,  1073)";" 203 ( 191,   215)";" 2030 ( 1915,   2145)";"  4263 ( 4121,   4405)"
"2014-09-29";"-44";" 2001 ( 1887,   2115)";" 1001 ( 944,  1058)";" 1001 ( 944,  1058)";" 200 ( 189,   211)";" 2001 ( 1887,   2115)";"  4203 ( 4063,   4343)"
"2014-09-28";"-45";" 1971 ( 1859,   2083)";"  986 ( 930,  1042)";"  986 ( 930,  1042)";" 197 ( 186,   208)";" 1971 ( 1859,   2083)";"  4140 ( 4002,   4278)"
"2014-09-27";"-46";" 1943 ( 1832,   2054)";"  972 ( 917,  1027)";"  972 ( 917,  1027)";" 194 ( 183,   205)";" 1943 ( 1832,   2054)";"  4081 ( 3945,   4217)"
"2014-09-26";"-47";" 1914 ( 1804,   2024)";"  957 ( 902,  1012)";"  957 ( 902,  1012)";" 191 ( 180,   202)";" 1914 ( 1804,   2024)";"  4019 ( 3884,   4154)"
"2014-09-25";"-48";" 1886 ( 1776,   1996)";"  943 ( 888,   998)";"  943 ( 888,   998)";" 189 ( 178,   200)";" 1886 ( 1776,   1996)";"  3961 ( 3826,   4096)"
"2014-09-24";"-49";" 1859 ( 1750,   1968)";"  930 ( 875,   985)";"  930 ( 875,   985)";" 186 ( 175,   197)";" 1859 ( 1750,   1968)";"  3905 ( 3771,   4039)"
"2014-09-23";"-50";" 1831 ( 1722,   1940)";"  915 ( 860,   970)";"  915 ( 860,   970)";" 183 ( 172,   194)";" 1831 ( 1722,   1940)";"  3844 ( 3710,   3978)"
"2014-09-22";"-51";" 1804 ( 1695,   1913)";"  902 ( 847,   957)";"  902 ( 847,   957)";" 180 ( 169,   191)";" 1804 ( 1695,   1913)";"  3788 ( 3654,   3922)"
"2014-09-21";"-52";" 1778 ( 1669,   1887)";"  889 ( 834,   944)";"  889 ( 834,   944)";" 178 ( 167,   189)";" 1778 ( 1669,   1887)";"  3734 ( 3600,   3868)"
"2014-09-20";"-53";" 1751 ( 1641,   1861)";"  876 ( 821,   931)";"  876 ( 821,   931)";" 175 ( 164,   186)";" 1751 ( 1641,   1861)";"  3678 ( 3543,   3813)"
"2014-09-19";"-54";" 1725 ( 1615,   1835)";"  862 ( 807,   917)";"  862 ( 807,   917)";" 172 ( 161,   183)";" 1725 ( 1615,   1835)";"  3621 ( 3486,   3756)"
"2014-09-18";"-55";" 1698 ( 1588,   1808)";"  849 ( 794,   904)";"  849 ( 794,   904)";" 170 ( 159,   181)";" 1698 ( 1588,   1808)";"  3566 ( 3430,   3702)"
"2014-09-17";"-56";" 1672 ( 1561,   1783)";"  836 ( 781,   891)";"  836 ( 781,   891)";" 167 ( 156,   178)";" 1672 ( 1561,   1783)";"  3511 ( 3375,   3647)"
"2014-09-16";"-57";" 1646 ( 1535,   1757)";"  823 ( 768,   878)";"  823 ( 768,   878)";" 165 ( 154,   176)";" 1646 ( 1535,   1757)";"  3457 ( 3321,   3593)"
"2014-09-15";"-58";" 1619 ( 1508,   1730)";"  810 ( 755,   865)";"  810 ( 755,   865)";" 162 ( 151,   173)";" 1619 ( 1508,   1730)";"  3401 ( 3265,   3537)"
"2014-09-14";"-59";" 1593 ( 1482,   1704)";"  796 ( 741,   851)";"  796 ( 741,   851)";" 159 ( 148,   170)";" 1593 ( 1482,   1704)";"  3344 ( 3208,   3480)"
"2014-09-13";"-60";" 1566 ( 1456,   1676)";"  783 ( 728,   838)";"  783 ( 728,   838)";" 157 ( 146,   168)";" 1566 ( 1456,   1676)";"  3289 ( 3154,   3424)"
"2014-09-12";"-61";" 1538 ( 1429,   1647)";"  769 ( 714,   824)";"  769 ( 714,   824)";" 154 ( 143,   165)";" 1538 ( 1429,   1647)";"  3230 ( 3096,   3364)"
"2014-09-11";"-62";" 1510 ( 1402,   1618)";"  755 ( 701,   809)";"  755 ( 701,   809)";" 151 ( 140,   162)";" 1510 ( 1402,   1618)";"  3171 ( 3038,   3304)"
"2014-09-10";"-63";" 1481 ( 1375,   1587)";"  740 ( 687,   793)";"  740 ( 687,   793)";" 148 ( 137,   159)";" 1481 ( 1375,   1587)";"  3109 ( 2978,   3240)"
"2014-09-09";"-64";" 1451 ( 1347,   1555)";"  726 ( 674,   778)";"  726 ( 674,   778)";" 145 ( 135,   155)";" 1451 ( 1347,   1555)";"  3048 ( 2921,   3175)"
"2014-09-08";"-65";" 1419 ( 1319,   1519)";"  710 ( 660,   760)";"  710 ( 660,   760)";" 142 ( 132,   152)";" 1419 ( 1319,   1519)";"  2981 ( 2858,   3104)"
"2014-09-07";"-66";" 1386 ( 1291,   1481)";"  693 ( 645,   741)";"  693 ( 645,   741)";" 139 ( 129,   149)";" 1386 ( 1291,   1481)";"  2911 ( 2794,   3028)"
"2014-09-06";"-67";" 1352 ( 1262,   1442)";"  676 ( 631,   721)";"  676 ( 631,   721)";" 135 ( 126,   144)";" 1352 ( 1262,   1442)";"  2839 ( 2728,   2950)"
"2014-09-05";"-68";" 1319 ( 1234,   1404)";"  660 ( 617,   703)";"  660 ( 617,   703)";" 132 ( 123,   141)";" 1319 ( 1234,   1404)";"  2771 ( 2666,   2876)"
"2014-09-04";"-69";" 1287 ( 1206,   1368)";"  644 ( 604,   684)";"  644 ( 604,   684)";" 129 ( 121,   137)";" 1287 ( 1206,   1368)";"  2704 ( 2605,   2803)"
"2014-09-03";"-70";" 1256 ( 1180,   1332)";"  628 ( 590,   666)";"  628 ( 590,   666)";" 126 ( 118,   134)";" 1256 ( 1180,   1332)";"  2638 ( 2544,   2732)"
"2014-09-02";"-71";" 1226 ( 1154,   1298)";"  613 ( 577,   649)";"  613 ( 577,   649)";" 123 ( 116,   130)";" 1226 ( 1154,   1298)";"  2575 ( 2486,   2664)"
"2014-09-01";"-72";" 1196 ( 1128,   1264)";"  598 ( 564,   632)";"  598 ( 564,   632)";" 120 ( 113,   127)";" 1196 ( 1128,   1264)";"  2512 ( 2428,   2596)"
"2014-08-31";"-73";" 1168 ( 1104,   1232)";"  584 ( 552,   616)";"  584 ( 552,   616)";" 117 ( 111,   123)";" 1168 ( 1104,   1232)";"  2453 ( 2374,   2532)"
"2014-08-30";"-74";" 1140 ( 1080,   1200)";"  570 ( 540,   600)";"  570 ( 540,   600)";" 114 ( 108,   120)";" 1140 ( 1080,   1200)";"  2394 ( 2320,   2468)"
"2014-08-29";"-75";" 1112 ( 1055,   1169)";"  556 ( 527,   585)";"  556 ( 527,   585)";" 111 ( 105,   117)";" 1112 ( 1055,   1169)";"  2335 ( 2265,   2405)"
"2014-08-28";"-76";" 1086 ( 1032,   1140)";"  543 ( 516,   570)";"  543 ( 516,   570)";" 109 ( 104,   114)";" 1086 ( 1032,   1140)";"  2281 ( 2215,   2347)"
"2014-08-27";"-77";" 1060 ( 1009,   1111)";"  530 ( 505,   555)";"  530 ( 505,   555)";" 106 ( 101,   111)";" 1060 ( 1009,   1111)";"  2226 ( 2164,   2288)"
"2014-08-26";"-78";" 1035 (  987,   1083)";"  518 ( 494,   542)";"  518 ( 494,   542)";" 104 (  99,   109)";" 1035 (  987,   1083)";"  2175 ( 2116,   2234)"
"2014-08-25";"-79";" 1010 (  965,   1055)";"  505 ( 482,   528)";"  505 ( 482,   528)";" 101 (  96,   106)";" 1010 (  965,   1055)";"  2121 ( 2065,   2177)"
"2014-08-24";"-80";"  987 (  944,   1030)";"  493 ( 472,   514)";"  493 ( 472,   514)";"  99 (  95,   103)";"  987 (  944,   1030)";"  2072 ( 2019,   2125)"
"2014-08-23";"-81";"  963 (  922,   1004)";"  482 ( 462,   502)";"  482 ( 462,   502)";"  96 (  92,   100)";"  963 (  922,   1004)";"  2023 ( 1973,   2073)"
"2014-08-22";"-82";"  941 (  902,    980)";"  470 ( 451,   489)";"  470 ( 451,   489)";"  94 (  90,    98)";"  941 (  902,    980)";"  1975 ( 1927,   2023)"
"2014-08-21";"-83";"  919 (  882,    956)";"  460 ( 441,   479)";"  460 ( 441,   479)";"  92 (  88,    96)";"  919 (  882,    956)";"  1931 ( 1885,   1977)"
"2014-08-20";"-84";"  897 (  861,    933)";"  449 ( 431,   467)";"  449 ( 431,   467)";"  90 (  86,    94)";"  897 (  861,    933)";"  1885 ( 1841,   1929)"
"2014-08-19";"-85";"  877 (  843,    911)";"  438 ( 421,   455)";"  438 ( 421,   455)";"  88 (  85,    91)";"  877 (  843,    911)";"  1841 ( 1799,   1883)"
"2014-08-18";"-86";"  856 (  823,    889)";"  428 ( 411,   445)";"  428 ( 411,   445)";"  86 (  83,    89)";"  856 (  823,    889)";"  1798 ( 1757,   1839)"
"2014-08-17";"-87";"  836 (  804,    868)";"  418 ( 402,   434)";"  418 ( 402,   434)";"  84 (  81,    87)";"  836 (  804,    868)";"  1756 ( 1716,   1796)"
"2014-08-16";"-88";"  817 (  785,    849)";"  408 ( 392,   424)";"  408 ( 392,   424)";"  82 (  79,    85)";"  817 (  785,    849)";"  1715 ( 1676,   1754)"
"2014-08-15";"-89";"  798 (  767,    829)";"  399 ( 383,   415)";"  399 ( 383,   415)";"  80 (  77,    83)";"  798 (  767,    829)";"  1676 ( 1638,   1714)"
"2014-08-14";"-90";"  780 (  749,    811)";"  390 ( 375,   405)";"  390 ( 375,   405)";"  78 (  75,    81)";"  780 (  749,    811)";"  1638 ( 1600,   1676)"
"2014-08-13";"-91";"  762 (  731,    793)";"  381 ( 366,   396)";"  381 ( 366,   396)";"  76 (  73,    79)";"  762 (  731,    793)";"  1600 ( 1562,   1638)"
"2014-08-12";"-92";"  745 (  714,    776)";"  372 ( 357,   387)";"  372 ( 357,   387)";"  74 (  71,    77)";"  745 (  714,    776)";"  1563 ( 1525,   1601)"
"2014-08-11";"-93";"  728 (  697,    759)";"  364 ( 349,   379)";"  364 ( 349,   379)";"  73 (  70,    76)";"  728 (  697,    759)";"  1529 ( 1491,   1567)"
"2014-08-10";"-94";"  711 (  680,    742)";"  356 ( 340,   372)";"  356 ( 340,   372)";"  71 (  68,    74)";"  711 (  680,    742)";"  1494 ( 1456,   1532)"
"2014-08-09";"-95";"  695 (  663,    727)";"  348 ( 332,   364)";"  348 ( 332,   364)";"  70 (  67,    73)";"  695 (  663,    727)";"  1461 ( 1422,   1500)"
"2014-08-08";"-96";"  679 (  647,    711)";"  340 ( 324,   356)";"  340 ( 324,   356)";"  68 (  65,    71)";"  679 (  647,    711)";"  1427 ( 1388,   1466)"
"2014-08-07";"-97";"  664 (  631,    697)";"  332 ( 316,   348)";"  332 ( 316,   348)";"  66 (  63,    69)";"  664 (  631,    697)";"  1394 ( 1354,   1434)"
"2014-08-06";"-98";"  649 (  616,    682)";"  324 ( 307,   341)";"  324 ( 307,   341)";"  65 (  62,    68)";"  649 (  616,    682)";"  1362 ( 1321,   1403)"
"2014-08-05";"-99";"  635 (  601,    669)";"  318 ( 301,   335)";"  318 ( 301,   335)";"  64 (  61,    67)";"  635 (  601,    669)";"  1335 ( 1294,   1376)"
"2014-08-04";"-100";"  620 (  586,    654)";"  310 ( 293,   327)";"  310 ( 293,   327)";"  62 (  59,    65)";"  620 (  586,    654)";"  1302 ( 1260,   1344)"
"2014-08-03";"-101";"  606 (  571,    641)";"  303 ( 285,   321)";"  303 ( 285,   321)";"  61 (  57,    65)";"  606 (  571,    641)";"  1273 ( 1230,   1316)"
"2014-08-02";"-102";"  593 (  557,    629)";"  296 ( 278,   314)";"  296 ( 278,   314)";"  59 (  55,    63)";"  593 (  557,    629)";"  1244 ( 1200,   1288)"
"2014-08-01";"-103";"  579 (  543,    615)";"  290 ( 272,   308)";"  290 ( 272,   308)";"  58 (  54,    62)";"  579 (  543,    615)";"  1217 ( 1172,   1262)"
"2014-07-31";"-104";"  566 (  529,    603)";"  283 ( 264,   302)";"  283 ( 264,   302)";"  57 (  53,    61)";"  566 (  529,    603)";"  1189 ( 1143,   1235)"
"2014-07-30";"-105";"  553 (  515,    591)";"  276 ( 257,   295)";"  276 ( 257,   295)";"  55 (  51,    59)";"  553 (  515,    591)";"  1160 ( 1114,   1206)"
"2014-07-29";"-106";"  541 (  503,    579)";"  270 ( 251,   289)";"  270 ( 251,   289)";"  54 (  50,    58)";"  541 (  503,    579)";"  1135 ( 1088,   1182)"
"2014-07-28";"-107";"  529 (  490,    568)";"  264 ( 245,   283)";"  264 ( 245,   283)";"  53 (  49,    57)";"  529 (  490,    568)";"  1110 ( 1062,   1158)"
"2014-07-27";"-108";"  516 (  477,    555)";"  258 ( 238,   278)";"  258 ( 238,   278)";"  52 (  48,    56)";"  516 (  477,    555)";"  1084 ( 1036,   1132)"
"2014-07-26";"-109";"  504 (  464,    544)";"  252 ( 232,   272)";"  252 ( 232,   272)";"  50 (  46,    54)";"  504 (  464,    544)";"  1058 ( 1009,   1107)"
"2014-07-25";"-110";"  493 (  453,    533)";"  246 ( 226,   266)";"  246 ( 226,   266)";"  49 (  45,    53)";"  493 (  453,    533)";"  1034 (  984,   1084)"
"2014-07-24";"-111";"  481 (  440,    522)";"  240 ( 220,   260)";"  240 ( 220,   260)";"  48 (  44,    52)";"  481 (  440,    522)";"  1009 (  959,   1059)"
"2014-07-23";"-112";"  470 (  429,    511)";"  235 ( 214,   256)";"  235 ( 214,   256)";"  47 (  43,    51)";"  470 (  429,    511)";"   987 (  936,   1038)"
"2014-07-22";"-113";"  458 (  417,    499)";"  229 ( 208,   250)";"  229 ( 208,   250)";"  46 (  42,    50)";"  458 (  417,    499)";"   962 (  911,   1013)"
"2014-07-21";"-114";"  447 (  406,    488)";"  224 ( 203,   245)";"  224 ( 203,   245)";"  45 (  41,    49)";"  447 (  406,    488)";"   940 (  889,    991)"
"2014-07-20";"-115";"  435 (  394,    476)";"  217 ( 196,   238)";"  217 ( 196,   238)";"  44 (  40,    48)";"  435 (  394,    476)";"   913 (  862,    964)"
"2014-07-19";"-116";"  423 (  382,    464)";"  212 ( 191,   233)";"  212 ( 191,   233)";"  42 (  38,    46)";"  423 (  382,    464)";"   889 (  838,    940)"
"2014-07-18";"-117";"  412 (  371,    453)";"  206 ( 186,   226)";"  206 ( 186,   226)";"  41 (  37,    45)";"  412 (  371,    453)";"   865 (  815,    915)"
"2014-07-17";"-118";"  399 (  359,    439)";"  200 ( 180,   220)";"  200 ( 180,   220)";"  40 (  36,    44)";"  399 (  359,    439)";"   839 (  789,    889)"
"2014-07-16";"-119";"  387 (  347,    427)";"  194 ( 174,   214)";"  194 ( 174,   214)";"  39 (  35,    43)";"  387 (  347,    427)";"   814 (  765,    863)"
"2014-07-15";"-120";"  374 (  335,    413)";"  187 ( 168,   206)";"  187 ( 168,   206)";"  37 (  33,    41)";"  374 (  335,    413)";"   785 (  738,    832)"
"2014-07-14";"-121";"  360 (  323,    397)";"  180 ( 161,   199)";"  180 ( 161,   199)";"  36 (  32,    40)";"  360 (  323,    397)";"   756 (  710,    802)"
"2014-07-13";"-122";"  346 (  311,    381)";"  173 ( 155,   191)";"  173 ( 155,   191)";"  35 (  31,    39)";"  346 (  311,    381)";"   727 (  684,    770)"
"2014-07-12";"-123";"  331 (  298,    364)";"  166 ( 149,   183)";"  166 ( 149,   183)";"  33 (  30,    36)";"  331 (  298,    364)";"   696 (  655,    737)"
"2014-07-11";"-124";"  317 (  286,    348)";"  158 ( 142,   174)";"  158 ( 142,   174)";"  32 (  29,    35)";"  317 (  286,    348)";"   665 (  627,    703)"
"2014-07-10";"-125";"  304 (  275,    333)";"  152 ( 137,   167)";"  152 ( 137,   167)";"  30 (  27,    33)";"  304 (  275,    333)";"   638 (  602,    674)"
"2014-07-09";"-126";"  291 (  263,    319)";"  146 ( 132,   160)";"  146 ( 132,   160)";"  29 (  26,    32)";"  291 (  263,    319)";"   612 (  578,    646)"
"2014-07-08";"-127";"  279 (  253,    305)";"  140 ( 127,   153)";"  140 ( 127,   153)";"  28 (  25,    31)";"  279 (  253,    305)";"   587 (  555,    619)"
"2014-07-07";"-128";"  267 (  242,    292)";"  134 ( 122,   146)";"  134 ( 122,   146)";"  27 (  25,    29)";"  267 (  242,    292)";"   562 (  531,    593)"
"2014-07-06";"-129";"  256 (  232,    280)";"  128 ( 116,   140)";"  128 ( 116,   140)";"  26 (  24,    28)";"  256 (  232,    280)";"   538 (  509,    567)"
"2014-07-05";"-130";"  246 (  224,    268)";"  123 ( 112,   134)";"  123 ( 112,   134)";"  25 (  23,    27)";"  246 (  224,    268)";"   517 (  489,    545)"
"2014-07-04";"-131";"  236 (  215,    257)";"  118 ( 107,   129)";"  118 ( 107,   129)";"  24 (  22,    26)";"  236 (  215,    257)";"   496 (  470,    522)"
"2014-07-03";"-132";"  227 (  207,    247)";"  114 ( 104,   124)";"  114 ( 104,   124)";"  23 (  21,    25)";"  227 (  207,    247)";"   478 (  453,    503)"
"2014-07-02";"-133";"  218 (  199,    237)";"  109 (  99,   119)";"  109 (  99,   119)";"  22 (  20,    24)";"  218 (  199,    237)";"   458 (  434,    482)"
"2014-07-01";"-134";"  209 (  191,    227)";"  104 (  95,   113)";"  104 (  95,   113)";"  21 (  19,    23)";"  209 (  191,    227)";"   438 (  415,    461)"
"2014-06-30";"-135";"  201 (  183,    219)";"  100 (  91,   109)";"  100 (  91,   109)";"  20 (  18,    22)";"  201 (  183,    219)";"   421 (  399,    443)"
"2014-06-29";"-136";"  193 (  176,    210)";"   96 (  88,   104)";"   96 (  88,   104)";"  19 (  17,    21)";"  193 (  176,    210)";"   404 (  383,    425)"
"2014-06-28";"-137";"  186 (  170,    202)";"   93 (  85,   101)";"   93 (  85,   101)";"  19 (  17,    21)";"  186 (  170,    202)";"   391 (  371,    411)"
"2014-06-27";"-138";"  179 (  163,    195)";"   90 (  82,    98)";"   90 (  82,    98)";"  18 (  16,    20)";"  179 (  163,    195)";"   377 (  358,    396)"
"2014-06-26";"-139";"  172 (  157,    187)";"   86 (  78,    94)";"   86 (  78,    94)";"  17 (  15,    19)";"  172 (  157,    187)";"   361 (  342,    380)"
"2014-06-25";"-140";"  165 (  150,    180)";"   82 (  75,    89)";"   82 (  75,    89)";"  16 (  15,    17)";"  165 (  150,    180)";"   345 (  327,    363)"
"2014-06-24";"-141";"  159 (  145,    173)";"   80 (  73,    87)";"   80 (  73,    87)";"  16 (  15,    17)";"  159 (  145,    173)";"   335 (  318,    352)"
"2014-06-23";"-142";"  153 (  139,    167)";"   76 (  69,    83)";"   76 (  69,    83)";"  15 (  14,    16)";"  153 (  139,    167)";"   320 (  303,    337)"
"2014-06-22";"-143";"  148 (  135,    161)";"   74 (  67,    81)";"   74 (  67,    81)";"  15 (  14,    16)";"  148 (  135,    161)";"   311 (  295,    327)"
"2014-06-21";"-144";"  142 (  129,    155)";"   71 (  65,    77)";"   71 (  65,    77)";"  14 (  13,    15)";"  142 (  129,    155)";"   298 (  282,    314)"
"2014-06-20";"-145";"  137 (  124,    150)";"   68 (  62,    74)";"   68 (  62,    74)";"  14 (  13,    15)";"  137 (  124,    150)";"   287 (  271,    303)"
"2014-06-19";"-146";"  133 (  121,    145)";"   66 (  60,    72)";"   66 (  60,    72)";"  13 (  12,    14)";"  133 (  121,    145)";"   278 (  263,    293)"
"2014-06-18";"-147";"  128 (  116,    140)";"   64 (  58,    70)";"   64 (  58,    70)";"  13 (  12,    14)";"  128 (  116,    140)";"   269 (  254,    284)"
"2014-06-17";"-148";"  124 (  112,    136)";"   62 (  56,    68)";"   62 (  56,    68)";"  12 (  11,    13)";"  124 (  112,    136)";"   260 (  245,    275)"
"2014-06-16";"-149";"  119 (  107,    131)";"   60 (  54,    66)";"   60 (  54,    66)";"  12 (  11,    13)";"  119 (  107,    131)";"   251 (  237,    265)"
"2014-06-15";"-150";"  115 (  104,    126)";"   57 (  51,    63)";"   57 (  51,    63)";"  12 (  11,    13)";"  115 (  104,    126)";"   241 (  227,    255)"
"2014-06-14";"-151";"  111 (  100,    122)";"   56 (  50,    62)";"   56 (  50,    62)";"  11 (  10,    12)";"  111 (  100,    122)";"   234 (  220,    248)"
"2014-06-13";"-152";"  108 (   97,    119)";"   54 (  48,    60)";"   54 (  48,    60)";"  11 (  10,    12)";"  108 (   97,    119)";"   227 (  213,    241)"
"2014-06-12";"-153";"  104 (   93,    115)";"   52 (  47,    57)";"   52 (  47,    57)";"  10 (   9,    11)";"  104 (   93,    115)";"   218 (  205,    231)"
"2014-06-11";"-154";"  101 (   90,    112)";"   50 (  45,    55)";"   50 (  45,    55)";"  10 (   9,    11)";"  101 (   90,    112)";"   211 (  198,    224)"
"2014-06-10";"-155";"   98 (   87,    109)";"   49 (  44,    54)";"   49 (  44,    54)";"  10 (   9,    11)";"   98 (   87,    109)";"   206 (  193,    219)"
"2014-06-09";"-156";"   95 (   84,    106)";"   48 (  43,    53)";"   48 (  43,    53)";"  10 (   9,    11)";"   95 (   84,    106)";"   201 (  188,    214)"
"2014-06-08";"-157";"   92 (   82,    102)";"   46 (  41,    51)";"   46 (  41,    51)";"   9 (   8,    10)";"   92 (   82,    102)";"   193 (  180,    206)"
"2014-06-07";"-158";"   89 (   79,     99)";"   44 (  39,    49)";"   44 (  39,    49)";"   9 (   8,    10)";"   89 (   79,     99)";"   186 (  173,    199)"
"2014-06-06";"-159";"   86 (   76,     96)";"   43 (  38,    48)";"   43 (  38,    48)";"   9 (   8,    10)";"   86 (   76,     96)";"   181 (  168,    194)"
"2014-06-05";"-160";"   84 (   74,     94)";"   42 (  37,    47)";"   42 (  37,    47)";"   8 (   7,     9)";"   84 (   74,     94)";"   176 (  164,    188)"
"2014-06-04";"-161";"   81 (   71,     91)";"   40 (  35,    45)";"   40 (  35,    45)";"   8 (   7,     9)";"   81 (   71,     91)";"   169 (  157,    181)"
"2014-06-03";"-162";"   79 (   69,     89)";"   40 (  35,    45)";"   40 (  35,    45)";"   8 (   7,     9)";"   79 (   69,     89)";"   167 (  155,    179)"
"2014-06-02";"-163";"   77 (   67,     87)";"   38 (  33,    43)";"   38 (  33,    43)";"   8 (   7,     9)";"   77 (   67,     87)";"   161 (  149,    173)"
"2014-06-01";"-164";"   75 (   65,     85)";"   38 (  33,    43)";"   38 (  33,    43)";"   8 (   7,     9)";"   75 (   65,     85)";"   159 (  147,    171)"
"2014-05-31";"-165";"   73 (   63,     83)";"   36 (  31,    41)";"   36 (  31,    41)";"   7 (   6,     8)";"   73 (   63,     83)";"   152 (  140,    164)"
"2014-05-30";"-166";"   71 (   61,     81)";"   36 (  31,    41)";"   36 (  31,    41)";"   7 (   6,     8)";"   71 (   61,     81)";"   150 (  138,    162)"
"2014-05-29";"-167";"   69 (   59,     79)";"   34 (  29,    39)";"   34 (  29,    39)";"   7 (   6,     8)";"   69 (   59,     79)";"   144 (  132,    156)"
"2014-05-28";"-168";"   67 (   57,     77)";"   34 (  29,    39)";"   34 (  29,    39)";"   7 (   6,     8)";"   67 (   57,     77)";"   142 (  130,    154)"
"2014-05-27";"-169";"   66 (   57,     75)";"   33 (  28,    38)";"   33 (  28,    38)";"   7 (   6,     8)";"   66 (   57,     75)";"   139 (  127,    151)"
"2014-05-26";"-170";"   64 (   55,     73)";"   32 (  27,    37)";"   32 (  27,    37)";"   6 (   5,     7)";"   64 (   55,     73)";"   134 (  122,    146)"
"2014-05-25";"-171";"   63 (   54,     72)";"   32 (  27,    37)";"   32 (  27,    37)";"   6 (   5,     7)";"   63 (   54,     72)";"   133 (  122,    144)"
"2014-05-24";"-172";"   62 (   53,     71)";"   31 (  26,    36)";"   31 (  26,    36)";"   6 (   5,     7)";"   62 (   53,     71)";"   130 (  119,    141)"
"2014-05-23";"-173";"   61 (   52,     70)";"   30 (  25,    35)";"   30 (  25,    35)";"   6 (   5,     7)";"   61 (   52,     70)";"   127 (  116,    138)"
"2014-05-22";"-174";"   60 (   51,     69)";"   30 (  25,    35)";"   30 (  25,    35)";"   6 (   5,     7)";"   60 (   51,     69)";"   126 (  115,    137)"
"2014-05-21";"-175";"   60 (   51,     69)";"   30 (  25,    35)";"   30 (  25,    35)";"   6 (   5,     7)";"   60 (   51,     69)";"   126 (  115,    137)"
"2014-05-20";"-176";"   59 (   50,     68)";"   30 (  25,    35)";"   30 (  25,    35)";"   6 (   5,     7)";"   59 (   50,     68)";"   125 (  114,    136)"
"2014-05-19";"-177";"   60 (   51,     69)";"   30 (  25,    35)";"   30 (  25,    35)";"   6 (   5,     7)";"   60 (   51,     69)";"   126 (  115,    137)"
"2014-05-18";"-178";"   41 (   34,     48)";"   20 (  16,    24)";"   20 (  16,    24)";"   4 (   3,     5)";"   41 (   34,     48)";"    85 (   76,     94)"
"2014-05-17";"-179";"   41 (   34,     48)";"   20 (  16,    24)";"   20 (  16,    24)";"   4 (   3,     5)";"   41 (   34,     48)";"    85 (   76,     94)"
"2014-05-16";"-180";"   40 (   33,     47)";"   20 (  17,    23)";"   20 (  17,    23)";"   4 (   3,     5)";"   40 (   33,     47)";"    84 (   75,     93)"
"2014-05-15";"-181";"   39 (   32,     46)";"   20 (  17,    23)";"   20 (  17,    23)";"   4 (   3,     5)";"   39 (   32,     46)";"    83 (   75,     91)"
"2014-05-14";"-182";"   38 (   32,     44)";"   19 (  16,    22)";"   19 (  16,    22)";"   4 (   3,     5)";"   38 (   32,     44)";"    80 (   72,     88)"
"2014-05-13";"-183";"   37 (   31,     43)";"   18 (  15,    21)";"   18 (  15,    21)";"   4 (   3,     5)";"   37 (   31,     43)";"    77 (   69,     85)"
"2014-05-12";"-184";"   36 (   30,     42)";"   18 (  15,    21)";"   18 (  15,    21)";"   4 (   3,     5)";"   36 (   30,     42)";"    76 (   69,     83)"
"2014-05-11";"-185";"   35 (   29,     41)";"   18 (  15,    21)";"   18 (  15,    21)";"   4 (   3,     5)";"   35 (   29,     41)";"    75 (   68,     82)"
"2014-05-10";"-186";"   35 (   29,     41)";"   18 (  15,    21)";"   18 (  15,    21)";"   4 (   3,     5)";"   35 (   29,     41)";"    75 (   68,     82)"
"2014-05-09";"-187";"   34 (   29,     39)";"   17 (  14,    20)";"   17 (  14,    20)";"   3 (   2,     4)";"   34 (   29,     39)";"    71 (   64,     78)"
"2014-05-08";"-188";"   33 (   28,     38)";"   16 (  13,    19)";"   16 (  13,    19)";"   3 (   2,     4)";"   33 (   28,     38)";"    68 (   62,     74)"
"2014-05-07";"-189";"   33 (   28,     38)";"   16 (  13,    19)";"   16 (  13,    19)";"   3 (   2,     4)";"   33 (   28,     38)";"    68 (   62,     74)"
"2014-05-06";"-190";"   32 (   27,     37)";"   16 (  14,    18)";"   16 (  14,    18)";"   3 (   3,     3)";"   32 (   27,     37)";"    67 (   61,     73)"
"2014-05-05";"-191";"   31 (   26,     36)";"   16 (  14,    18)";"   16 (  14,    18)";"   3 (   3,     3)";"   31 (   26,     36)";"    66 (   60,     72)"
"2014-05-04";"-192";"   30 (   25,     35)";"   15 (  13,    17)";"   15 (  13,    17)";"   3 (   3,     3)";"   30 (   25,     35)";"    63 (   57,     69)"
"2014-05-03";"-193";"   30 (   26,     34)";"   15 (  13,    17)";"   15 (  13,    17)";"   3 (   3,     3)";"   30 (   26,     34)";"    63 (   58,     68)"
"2014-05-02";"-194";"   29 (   25,     33)";"   14 (  12,    16)";"   14 (  12,    16)";"   3 (   3,     3)";"   29 (   25,     33)";"    60 (   55,     65)"
"2014-05-01";"-195";"   29 (   25,     33)";"   14 (  12,    16)";"   14 (  12,    16)";"   3 (   3,     3)";"   29 (   25,     33)";"    60 (   55,     65)"
"2014-04-30";"-196";"   28 (   24,     32)";"   14 (  12,    16)";"   14 (  12,    16)";"   3 (   3,     3)";"   28 (   24,     32)";"    59 (   54,     64)"
"2014-04-29";"-197";"   27 (   23,     31)";"   14 (  12,    16)";"   14 (  12,    16)";"   3 (   3,     3)";"   27 (   23,     31)";"    58 (   53,     63)"
"2014-04-28";"-198";"   27 (   23,     31)";"   14 (  12,    16)";"   14 (  12,    16)";"   3 (   3,     3)";"   27 (   23,     31)";"    58 (   53,     63)"
"2014-04-27";"-199";"   26 (   22,     30)";"   13 (  11,    15)";"   13 (  11,    15)";"   3 (   3,     3)";"   26 (   22,     30)";"    55 (   50,     60)"
"2014-04-26";"-200";"   26 (   22,     30)";"   13 (  11,    15)";"   13 (  11,    15)";"   3 (   3,     3)";"   26 (   22,     30)";"    55 (   51,     59)"
"2014-04-25";"-201";"   25 (   22,     28)";"   12 (  10,    14)";"   12 (  10,    14)";"   2 (   2,     2)";"   25 (   22,     28)";"    51 (   47,     55)"
"2014-04-24";"-202";"   25 (   22,     28)";"   12 (  10,    14)";"   12 (  10,    14)";"   2 (   2,     2)";"   25 (   22,     28)";"    51 (   47,     55)"
"2014-04-23";"-203";"   24 (   21,     27)";"   12 (  10,    14)";"   12 (  10,    14)";"   2 (   2,     2)";"   24 (   21,     27)";"    50 (   46,     54)"
"2014-04-22";"-204";"   24 (   21,     27)";"   12 (  10,    14)";"   12 (  10,    14)";"   2 (   2,     2)";"   24 (   21,     27)";"    50 (   46,     54)"
"2014-04-21";"-205";"   23 (   20,     26)";"   12 (  10,    14)";"   12 (  10,    14)";"   2 (   2,     2)";"   23 (   20,     26)";"    49 (   45,     53)"
