"Date";"Days from today";"Cases (reported)";"New daily cases (reported)";"Cases (corrected for underreporting)";"New daily cases (corrected for underreporting)";"Incubation period";"Infectious and unreported";"Undergoing treatment";"Beds for CDC 25% ETU target";"Beds for CDC 45% reduced transmission target";"Reporting (treatment) quotient"
"2015-04-30";"168";"398432 (102287, 694576)";"5137 (2496, 7778)";"1973689 (575893, 3371486)";"23743 (12407, 35078)";"271087 (142081, 400094)";"203355 (99413, 307297)";"43506 (18917, 68096)";"61715 (35013, 88418)";"111088 (63023, 159152)";"40%"
"2015-04-29";"167";"393295 ( 99202, 687388)";"5113 (2454, 7773)";"1949947 (559563, 3340331)";"23666 (12287, 35046)";"270237 (140765, 399709)";"202441 (97773, 307109)";"43250 (18469, 68030)";"61423 (34532, 88313)";"110561 (62158, 158964)";"40%"
"2015-04-28";"166";"388181 ( 96184, 680179)";"5089 (2410, 7768)";"1926281 (543510, 3309051)";"23587 (12157, 35017)";"269348 (139341, 399356)";"201499 (96072, 306926)";"42988 (18016, 67960)";"61122 (34036, 88208)";"110019 (61264, 158774)";"40%"
"2015-04-27";"165";"383092 ( 93234, 672950)";"5064 (2365, 7764)";"1902694 (527740, 3277648)";"23504 (12018, 34990)";"268422 (137809, 399035)";"200529 (94314, 306744)";"42720 (17556, 67884)";"60812 (33523, 88101)";"109462 (60342, 158582)";"40%"
"2015-04-26";"164";"378028 ( 90353, 665703)";"5039 (2319, 7759)";"1879190 (512256, 3246125)";"23417 (11870, 34965)";"267457 (136172, 398742)";"199531 (92502, 306560)";"42447 (17092, 67802)";"60494 (32997, 87992)";"108890 (59394, 158386)";"40%"
"2015-04-25";"163";"372989 ( 87541, 658437)";"5012 (2271, 7754)";"1855773 (497063, 3214482)";"23328 (11713, 34943)";"266454 (134433, 398475)";"198505 (90639, 306372)";"42169 (16623, 67714)";"60168 (32456, 87881)";"108303 (58421, 158186)";"40%"
"2015-04-24";"162";"367977 ( 84798, 651155)";"4985 (2222, 7749)";"1832445 (482165, 3182724)";"23235 (11547, 34922)";"265414 (132595, 398232)";"197453 (88730, 306176)";"41885 (16151, 67618)";"59834 (31903, 87766)";"107702 (57425, 157979)";"40%"
"2015-04-23";"161";"362991 ( 82125, 643858)";"4958 (2172, 7744)";"1809210 (467567, 3150853)";"23139 (11374, 34904)";"264335 (130661, 398009)";"196373 (86777, 305969)";"41595 (15676, 67515)";"59492 (31337, 87647)";"107086 (56407, 157764)";"40%"
"2015-04-22";"160";"358034 ( 79521, 636546)";"4929 (2121, 7738)";"1786071 (453271, 3118872)";"23039 (11192, 34886)";"263219 (128635, 397803)";"195267 (84785, 305748)";"41301 (15199, 67403)";"59142 (30761, 87523)";"106456 (55370, 157541)";"40%"
"2015-04-21";"159";"353104 ( 76988, 629221)";"4900 (2069, 7731)";"1763032 (439281, 3086783)";"22936 (11003, 34870)";"262066 (126521, 397610)";"194134 (82758, 305510)";"41002 (14721, 67282)";"58784 (30175, 87393)";"105811 (54315, 157307)";"40%"
"2015-04-20";"158";"348204 ( 74524, 621884)";"4871 (2017, 7725)";"1740096 (425600, 3054592)";"22830 (10807, 34854)";"260875 (124323, 397427)";"192975 (80698, 305252)";"40698 (14243, 67152)";"58418 (29580, 87256)";"105153 (53244, 157061)";"40%"
"2015-04-19";"157";"343333 ( 72131, 614536)";"4840 (1964, 7717)";"1717266 (412230, 3022301)";"22721 (10603, 34838)";"259647 (122046, 397249)";"191790 (78610, 304970)";"40388 (13764, 67012)";"58045 (28977, 87112)";"104480 (52159, 156802)";"40%"
"2015-04-18";"156";"338493 ( 69807, 607179)";"4809 (1910, 7709)";"1694545 (399174, 2989916)";"22608 (10394, 34823)";"258383 (119693, 397073)";"190580 (76497, 304663)";"40075 (13287, 66862)";"57664 (28367, 86960)";"103795 (51061, 156528)";"40%"
"2015-04-17";"155";"333683 ( 67553, 599814)";"4778 (1856, 7700)";"1671937 (386434, 2957439)";"22493 (10178, 34807)";"257082 (117270, 396895)";"189345 (74364, 304325)";"39756 (12811, 66701)";"57275 (27751, 86799)";"103095 (49952, 156238)";"40%"
"2015-04-16";"154";"328905 ( 65369, 592442)";"4746 (1801, 7690)";"1649444 (374011, 2924876)";"22374 ( 9958, 34790)";"255746 (114782, 396709)";"188085 (72213, 303956)";"39433 (12337, 66529)";"56879 (27130, 86629)";"102383 (48834, 155932)";"40%"
"2015-04-15";"153";"324160 ( 63254, 585066)";"4713 (1746, 7680)";"1627070 (361907, 2892233)";"22252 ( 9732, 34772)";"254373 (112233, 396512)";"186800 (70049, 303552)";"39106 (11866, 66345)";"56477 (26505, 86448)";"101658 (47709, 155607)";"40%"
"2015-04-14";"152";"319447 ( 61208, 577686)";"4679 (1691, 7668)";"1604818 (350123, 2859513)";"22127 ( 9501, 34753)";"252965 (109629, 396300)";"185492 (67874, 303111)";"38774 (11399, 66150)";"56067 (25876, 86257)";"100920 (46577, 155263)";"40%"
"2015-04-13";"151";"314768 ( 59231, 570304)";"4645 (1636, 7655)";"1582691 (338660, 2826722)";"21999 ( 9266, 34731)";"251521 (106975, 396067)";"184161 (65693, 302629)";"38438 (10935, 65942)";"55650 (25245, 86054)";"100170 (45441, 154898)";"40%"
"2015-04-12";"150";"310122 ( 57322, 562922)";"4611 (1580, 7641)";"1560693 (327518, 2793867)";"21868 ( 9027, 34708)";"250043 (104276, 395810)";"182806 (63508, 302104)";"38099 (10476, 65722)";"55226 (24613, 85840)";" 99407 (44303, 154512)";"40%"
"2015-04-11";"149";"305511 ( 55481, 555541)";"4576 (1525, 7626)";"1538825 (316698, 2760952)";"21733 ( 8786, 34681)";"248531 (101537, 395525)";"181429 (61324, 301535)";"37755 (10022, 65489)";"54796 (23980, 85613)";" 98633 (43163, 154103)";"40%"
"2015-04-10";"148";"300936 ( 53708, 548164)";"4540 (1470, 7610)";"1517092 (306198, 2727985)";"21596 ( 8541, 34652)";"246984 ( 98762, 395207)";"180030 (59142, 300918)";"37408 ( 9573, 65243)";"54360 (23347, 85372)";" 97847 (42024, 153670)";"40%"
"2015-04-09";"147";"296396 ( 52000, 540791)";"4504 (1415, 7593)";"1495495 (296020, 2694971)";"21456 ( 8294, 34619)";"245405 ( 95958, 394851)";"178610 (56968, 300252)";"37057 ( 9130, 64984)";"53917 (22715, 85118)";" 97050 (40887, 153213)";"40%"
"2015-04-08";"146";"291892 ( 50359, 533425)";"4467 (1360, 7574)";"1474039 (286161, 2661917)";"21313 ( 8045, 34582)";"243792 ( 93129, 394454)";"177168 (54802, 299534)";"36703 ( 8694, 64711)";"53468 (22085, 84850)";" 96242 (39753, 152731)";"40%"
"2015-04-07";"145";"287425 ( 48783, 526067)";"4430 (1306, 7554)";"1452726 (276621, 2628830)";"21168 ( 7794, 34541)";"242147 ( 90280, 394013)";"175706 (52649, 298764)";"36345 ( 8265, 64425)";"53013 (21458, 84568)";" 95423 (38624, 152222)";"40%"
"2015-04-06";"144";"282995 ( 47272, 518719)";"4392 (1252, 7532)";"1431558 (267399, 2595717)";"21019 ( 7542, 34496)";"240469 ( 87416, 393522)";"174224 (50511, 297938)";"35984 ( 7843, 64125)";"52552 (20834, 84271)";" 94594 (37501, 151687)";"40%"
"2015-04-05";"143";"278603 ( 45824, 511382)";"4354 (1199, 7509)";"1410539 (258493, 2562585)";"20868 ( 7290, 34446)";"238761 ( 84542, 392979)";"172723 (48390, 297056)";"35621 ( 7429, 63812)";"52086 (20214, 83958)";" 93755 (36385, 151125)";"40%"
"2015-04-04";"142";"274250 ( 44439, 504060)";"4315 (1146, 7484)";"1389671 (249901, 2529441)";"20714 ( 7037, 34391)";"237021 ( 81662, 392380)";"171203 (46291, 296116)";"35254 ( 7023, 63485)";"51614 (19599, 83630)";" 92906 (35277, 150534)";"40%"
"2015-04-03";"141";"269935 ( 43116, 496753)";"4276 (1093, 7458)";"1368957 (241621, 2496294)";"20557 ( 6785, 34330)";"235252 ( 78781, 391722)";"169665 (44214, 295117)";"34885 ( 6626, 63144)";"51137 (18989, 83286)";" 92047 (34180, 149915)";"40%"
"2015-04-02";"140";"265659 ( 41854, 489464)";"4236 (1042, 7431)";"1348400 (233650, 2463150)";"20398 ( 6532, 34264)";"233452 ( 75904, 391001)";"168110 (42162, 294057)";"34513 ( 6237, 62789)";"50656 (18385, 82926)";" 91180 (33093, 149267)";"40%"
"2015-04-01";"139";"261422 ( 40651, 482193)";"4196 ( 991, 7402)";"1328002 (225986, 2430017)";"20237 ( 6281, 34192)";"231624 ( 73034, 390215)";"166537 (40139, 292936)";"34139 ( 5857, 62420)";"50169 (17788, 82550)";" 90304 (32018, 148590)";"40%"
"2015-03-31";"138";"257226 ( 39508, 474944)";"4156 ( 941, 7371)";"1307765 (218625, 2396904)";"20073 ( 6031, 34114)";"229768 ( 70176, 389360)";"164949 (38145, 291753)";"33762 ( 5487, 62038)";"49678 (17198, 82157)";" 89420 (30957, 147883)";"40%"
"2015-03-30";"137";"253070 ( 38422, 467719)";"4115 ( 892, 7338)";"1287692 (211565, 2363819)";"19906 ( 5783, 34030)";"227884 ( 67333, 388434)";"163345 (36183, 290506)";"33384 ( 5126, 61641)";"49182 (16616, 81748)";" 88528 (29909, 147146)";"40%"
"2015-03-29";"136";"248955 ( 37393, 460518)";"4074 ( 843, 7304)";"1267786 (204802, 2330771)";"19737 ( 5536, 33939)";"225973 ( 64511, 387435)";"161726 (34255, 289196)";"33003 ( 4775, 61231)";"48682 (16043, 81322)";" 87628 (28877, 146379)";"40%"
"2015-03-28";"135";"244881 ( 36419, 453344)";"4032 ( 796, 7269)";"1248049 (198331, 2297766)";"19566 ( 5292, 33841)";"224036 ( 61711, 386360)";"160092 (32363, 287822)";"32621 ( 4434, 60808)";"48178 (15478, 80879)";" 86721 (27860, 145582)";"40%"
"2015-03-27";"134";"240849 ( 35500, 446198)";"3990 ( 749, 7232)";"1228482 (192150, 2264815)";"19393 ( 5050, 33737)";"222074 ( 58939, 385208)";"158446 (30508, 286383)";"32237 ( 4104, 60371)";"47671 (14922, 80419)";" 85807 (26860, 144755)";"40%"
"2015-03-26";"133";"236859 ( 34633, 439084)";"3948 ( 704, 7193)";"1209089 (186253, 2231925)";"19218 ( 4811, 33625)";"220087 ( 56197, 383976)";"156786 (28693, 284880)";"31852 ( 3784, 59921)";"47160 (14377, 79943)";" 84887 (25878, 143897)";"40%"
"2015-03-25";"132";"232910 ( 33819, 432002)";"3906 ( 659, 7152)";"1189871 (180637, 2199106)";"19040 ( 4575, 33506)";"218076 ( 53489, 382663)";"155115 (26918, 283311)";"31466 ( 3474, 59458)";"46645 (13841, 79449)";" 83961 (24914, 143009)";"40%"
"2015-03-24";"131";"229004 ( 33054, 424955)";"3863 ( 616, 7110)";"1170831 (175296, 2166366)";"18861 ( 4342, 33380)";"216042 ( 50817, 381267)";"153432 (25185, 281678)";"31079 ( 3175, 58982)";"46128 (13316, 78939)";" 83030 (23969, 142091)";"40%"
"2015-03-23";"130";"225141 ( 32339, 417944)";"3820 ( 574, 7066)";"1151970 (170226, 2133713)";"18680 ( 4113, 33247)";"213987 ( 48186, 379788)";"151738 (23496, 279980)";"30691 ( 2888, 58494)";"45607 (12802, 78413)";" 82093 (23043, 141143)";"40%"
"2015-03-22";"129";"221321 ( 31671, 410971)";"3777 ( 533, 7021)";"1133290 (165422, 2101158)";"18497 ( 3888, 33106)";"211910 ( 45597, 378223)";"150035 (21852, 278218)";"30302 ( 2611, 57993)";"45084 (12299, 77869)";" 81152 (22138, 140165)";"40%"
"2015-03-21";"128";"217544 ( 31050, 404039)";"3733 ( 493, 6974)";"1114793 (160879, 2068708)";"18312 ( 3667, 32957)";"209813 ( 43053, 376573)";"148323 (20253, 276392)";"29912 ( 2345, 57480)";"44559 (11808, 77309)";" 80206 (21254, 139157)";"40%"
"2015-03-20";"127";"213811 ( 30474, 397148)";"3690 ( 454, 6925)";"1096481 (156590, 2036373)";"18125 ( 3450, 32801)";"207696 ( 40557, 374836)";"146602 (18701, 274503)";"29522 ( 2090, 56955)";"44031 (11329, 76733)";" 79256 (20392, 138120)";"40%"
"2015-03-19";"126";"210121 ( 29941, 390301)";"3646 ( 417, 6875)";"1078356 (152551, 2004161)";"17937 ( 3238, 32637)";"205561 ( 38111, 373011)";"144874 (17197, 272550)";"29132 ( 1846, 56418)";"43501 (10862, 76141)";" 78303 (19551, 137054)";"40%"
"2015-03-18";"125";"206475 ( 29451, 383500)";"3602 ( 381, 6823)";"1060418 (148755, 1972082)";"17748 ( 3030, 32465)";"203409 ( 35718, 371100)";"143139 (15742, 270535)";"28742 ( 1614, 55871)";"42970 (10407, 75533)";" 77346 (18733, 135960)";"40%"
"2015-03-17";"124";"202873 ( 29001, 376746)";"3558 ( 346, 6770)";"1042671 (145197, 1940144)";"17557 ( 2828, 32286)";"201239 ( 33379, 369100)";"141398 (14336, 268459)";"28352 ( 1392, 55312)";"42437 ( 9965, 74910)";" 76387 (17937, 134838)";"40%"
"2015-03-16";"123";"199316 ( 28590, 370041)";"3513 ( 312, 6715)";"1025114 (141871, 1908356)";"17365 ( 2630, 32099)";"199055 ( 31096, 367013)";"139651 (12980, 266323)";"27962 ( 1182, 54743)";"41903 ( 9536, 74271)";" 75426 (17164, 133688)";"40%"
"2015-03-15";"122";"195802 ( 28217, 363387)";"3469 ( 280, 6659)";"1007749 (138771, 1876728)";"17171 ( 2437, 31905)";"196855 ( 28872, 364839)";"137901 (11675, 264127)";"27573 (  983, 54163)";"41368 ( 9119, 73618)";" 74463 (16415, 132512)";"40%"
"2015-03-14";"121";"192333 ( 27881, 356786)";"3425 ( 248, 6601)";" 990578 (135889, 1845267)";"16976 ( 2250, 31703)";"194643 ( 26708, 362577)";"136146 (10420, 261872)";"27184 (  794, 53574)";"40833 ( 8716, 72949)";" 73499 (15689, 131308)";"40%"
"2015-03-13";"120";"188908 ( 27579, 350238)";"3380 ( 219, 6542)";" 973602 (133220, 1813983)";"16781 ( 2069, 31493)";"192417 ( 24606, 360228)";"134389 ( 9217, 259561)";"26796 (  617, 52976)";"40296 ( 8326, 72266)";" 72534 (14987, 130080)";"40%"
"2015-03-12";"119";"185528 ( 27310, 343747)";"3336 ( 190, 6481)";" 956821 (130758, 1782884)";"16584 ( 1892, 31275)";"190180 ( 22566, 357794)";"132630 ( 8066, 257194)";"26409 (  451, 52368)";"39760 ( 7950, 71570)";" 71568 (14310, 128826)";"40%"
"2015-03-11";"118";"182193 ( 27073, 337313)";"3291 ( 163, 6419)";" 940237 (128495, 1751979)";"16386 ( 1722, 31051)";"187932 ( 20591, 355274)";"130869 ( 6967, 254772)";"26023 (  295, 51752)";"39223 ( 7587, 70860)";" 70602 (13656, 127547)";"40%"
"2015-03-10";"117";"178902 ( 26866, 330937)";"3246 ( 137, 6356)";" 923851 (126425, 1721277)";"16188 ( 1557, 30819)";"185675 ( 18681, 352670)";"129108 ( 5919, 252297)";"25639 (  150, 51127)";"38687 ( 7237, 70136)";" 69636 (13027, 126245)";"40%"
"2015-03-09";"116";"175655 ( 26688, 324622)";"3202 ( 113, 6291)";" 907663 (124541, 1690785)";"15989 ( 1399, 30579)";"183409 ( 16837, 349982)";"127347 ( 4924, 249771)";"25255 (   16, 50495)";"38151 ( 6901, 69400)";" 68671 (12422, 124920)";"40%"
"2015-03-08";"115";"172453 ( 26538, 318369)";"3157 (  89, 6225)";" 891674 (122836, 1660512)";"15789 ( 1246, 30333)";"181136 ( 15060, 347212)";"125587 ( 3980, 247195)";"24873 ( -108, 49855)";"37615 ( 6578, 68652)";" 67707 (11841, 123574)";"40%"
"2015-03-07";"114";"169296 ( 26413, 312179)";"3113 (  67, 6158)";" 875885 (121303, 1630466)";"15589 ( 1099, 30079)";"178857 ( 13352, 344362)";"123829 ( 3088, 244571)";"24493 ( -222, 49209)";"37081 ( 6269, 67892)";" 66745 (11285, 122205)";"40%"
"2015-03-06";"113";"166183 ( 26313, 306054)";"3068 (  47, 6090)";" 860296 (119936, 1600655)";"15388 (  958, 29819)";"176572 ( 11712, 341432)";"122074 ( 2247, 241900)";"24115 ( -326, 48556)";"36547 ( 5974, 67121)";" 65785 (10753, 120817)";"40%"
"2015-03-05";"112";"163115 ( 26235, 299995)";"3024 (  27, 6021)";" 844907 (118727, 1571087)";"15187 (  823, 29552)";"174283 ( 10142, 338424)";"120321 ( 1458, 239185)";"23739 ( -420, 47897)";"36015 ( 5692, 66338)";" 64827 (10245, 119409)";"40%"
"2015-03-04";"111";"160091 ( 26179, 294003)";"2980 (   9, 5950)";" 829720 (117669, 1541770)";"14986 (  695, 29278)";"171991 (  8641, 335341)";"118573 (  719, 236426)";"23364 ( -505, 47233)";"35484 ( 5423, 65546)";" 63872 ( 9761, 117983)";"40%"
"2015-03-03";"110";"157111 ( 26143, 288079)";"2936 (  -7, 5879)";" 814733 (116756, 1512710)";"14785 (  572, 28998)";"169697 (  7210, 332183)";"116829 (   31, 233627)";"22992 ( -580, 46564)";"34955 ( 5167, 64744)";" 62920 ( 9301, 116539)";"40%"
"2015-03-02";"109";"154175 ( 26126, 282224)";"2892 ( -23, 5807)";" 799948 (115981, 1483916)";"14584 (  456, 28711)";"167401 (  5849, 328953)";"115091 ( -608, 230790)";"22622 ( -646, 45891)";"34428 ( 4924, 63932)";" 61971 ( 8864, 115078)";"40%"
"2015-03-01";"108";"151283 ( 26126, 276441)";"2848 ( -37, 5733)";" 785365 (115335, 1455394)";"14382 (  346, 28419)";"165105 (  4558, 325653)";"113359 (-1198, 227915)";"22255 ( -703, 45213)";"33903 ( 4695, 63112)";" 61026 ( 8451, 113602)";"40%"
"2015-02-28";"107";"148435 ( 26142, 270729)";"2805 ( -50, 5659)";" 770983 (114813, 1427152)";"14181 (  242, 28120)";"162811 (  3337, 322284)";"111634 (-1739, 225006)";"21890 ( -751, 44532)";"33381 ( 4478, 62284)";" 60086 ( 8061, 112111)";"40%"
"2015-02-27";"106";"145631 ( 26172, 265089)";"2761 ( -62, 5585)";" 756801 (114408, 1399195)";"13980 (  144, 27816)";"160518 (  2186, 318850)";"109916 (-2233, 222065)";"21528 ( -791, 43848)";"32861 ( 4274, 61448)";" 59150 ( 7693, 110607)";"40%"
"2015-02-26";"105";"142869 ( 26216, 259523)";"2718 ( -73, 5509)";" 742821 (114112, 1371531)";"13779 (   52, 27507)";"158229 (  1104, 315353)";"108206 (-2680, 219093)";"21169 ( -823, 43161)";"32344 ( 4082, 60605)";" 58219 ( 7348, 109090)";"40%"
"2015-02-25";"104";"140152 ( 26271, 254032)";"2675 ( -83, 5433)";" 729042 (113919, 1344165)";"13579 (  -34, 27192)";"155943 (    92, 311794)";"106505 (-3082, 216093)";"20813 ( -847, 42473)";"31830 ( 3903, 59756)";" 57293 ( 7025, 107562)";"40%"
"2015-02-24";"103";"137476 ( 26338, 248615)";"2632 ( -91, 5356)";" 715463 (113821, 1317104)";"13379 ( -114, 26872)";"153662 (  -853, 308177)";"104814 (-3439, 213067)";"20460 ( -863, 41783)";"31318 ( 3735, 58902)";" 56373 ( 6723, 106023)";"40%"
"2015-02-23";"102";"134844 ( 26413, 243275)";"2590 ( -98, 5278)";" 702083 (113813, 1290354)";"13180 ( -188, 26548)";"151388 ( -1729, 304505)";"103133 (-3752, 210018)";"20110 ( -873, 41092)";"30811 ( 3579, 58042)";" 55459 ( 6443, 104475)";"40%"
"2015-02-22";"101";"132254 ( 26497, 238011)";"2548 (-105, 5200)";" 688903 (113888, 1263919)";"12982 ( -256, 26219)";"149120 ( -2538, 300779)";"101462 (-4023, 206947)";"19763 ( -875, 40400)";"30306 ( 3435, 57177)";" 54551 ( 6183, 102919)";"40%"
"2015-02-21";"100";"129707 ( 26588, 232825)";"2506 (-110, 5122)";" 675922 (114039, 1237805)";"12784 ( -318, 25885)";"146860 ( -3282, 297003)";" 99803 (-4252, 203858)";"19419 ( -870, 39709)";"29806 ( 3302, 56309)";" 53650 ( 5943, 101356)";"40%"
"2015-02-20";"99";"127201 ( 26685, 227716)";"2464 (-114, 5043)";" 663138 (114259, 1212017)";"12587 ( -375, 25548)";"144610 ( -3960, 293179)";" 98155 (-4441, 200752)";"19079 ( -860, 39018)";"29309 ( 3180, 55438)";" 52755 ( 5723,  99788)";"40%"
"2015-02-19";"98";"124736 ( 26787, 222685)";"2423 (-118, 4964)";" 650551 (114543, 1186560)";"12391 ( -426, 25207)";"142368 ( -4574, 289311)";" 96520 (-4591, 197632)";"18742 ( -843, 38328)";"28816 ( 3068, 54563)";" 51868 ( 5522,  98214)";"40%"
"2015-02-18";"97";"122313 ( 26893, 217733)";"2382 (-120, 4885)";" 638161 (114884, 1161438)";"12195 ( -471, 24862)";"140138 ( -5125, 285401)";" 94898 (-4704, 194500)";"18409 ( -821, 37639)";"28327 ( 2966, 53687)";" 50988 ( 5340,  96637)";"40%"
"2015-02-17";"96";"119931 ( 27002, 212860)";"2342 (-122, 4805)";" 625966 (115276, 1136655)";"12001 ( -512, 24514)";"137919 ( -5615, 281453)";" 93289 (-4781, 191358)";"18080 ( -793, 36952)";"27842 ( 2875, 52809)";" 50116 ( 5175,  95057)";"40%"
"2015-02-16";"95";"117589 ( 27113, 208066)";"2301 (-122, 4725)";" 613964 (115714, 1112214)";"11808 ( -547, 24164)";"135713 ( -6045, 277470)";" 91694 (-4822, 188210)";"17754 ( -760, 36268)";"27362 ( 2793, 51931)";" 49251 ( 5027,  93476)";"40%"
"2015-02-15";"94";"115288 ( 27224, 203352)";"2262 (-122, 4645)";" 602156 (116192, 1088120)";"11617 ( -577, 23810)";"133519 ( -6416, 273454)";" 90113 (-4831, 185057)";"17432 ( -723, 35586)";"26886 ( 2720, 51052)";" 48395 ( 4896,  91894)";"40%"
"2015-02-14";"93";"113026 ( 27336, 198717)";"2222 (-121, 4565)";" 590539 (116703, 1064376)";"11426 ( -602, 23454)";"131340 ( -6730, 269410)";" 88547 (-4808, 181901)";"17113 ( -681, 34907)";"26415 ( 2656, 50174)";" 47547 ( 4781,  90313)";"40%"
"2015-02-13";"92";"110804 ( 27447, 194162)";"2183 (-119, 4485)";" 579113 (117243, 1040984)";"11237 ( -622, 23096)";"129176 ( -6988, 265339)";" 86996 (-4754, 178746)";"16799 ( -635, 34233)";"25949 ( 2601, 49297)";" 46708 ( 4682,  88734)";"40%"
"2015-02-12";"91";"108621 ( 27556, 189686)";"2144 (-117, 4406)";" 567877 (117806, 1017947)";"11049 ( -638, 22736)";"127027 ( -7193, 261246)";" 85461 (-4671, 175593)";"16489 ( -585, 33562)";"25487 ( 2554, 48421)";" 45877 ( 4596,  87158)";"40%"
"2015-02-11";"90";"106477 ( 27663, 185291)";"2106 (-114, 4326)";" 556827 (118388,  995267)";"10863 ( -649, 22375)";"124894 ( -7345, 257134)";" 83941 (-4562, 172444)";"16182 ( -532, 32896)";"25031 ( 2514, 47548)";" 45056 ( 4525,  85586)";"40%"
"2015-02-10";"89";"104371 ( 27767, 180974)";"2068 (-110, 4247)";" 545965 (118983,  972946)";"10678 ( -656, 22012)";"122779 ( -7448, 253005)";" 82438 (-4426, 169303)";"15880 ( -475, 32234)";"24579 ( 2482, 46677)";" 44243 ( 4467,  84019)";"40%"
"2015-02-09";"88";"102302 ( 27867, 176738)";"2031 (-106, 4167)";" 535287 (119588,  950986)";"10495 ( -659, 21648)";"120681 ( -7502, 248864)";" 80952 (-4266, 166170)";"15581 ( -416, 31578)";"24133 ( 2457, 45810)";" 43440 ( 4422,  82458)";"40%"
"2015-02-08";"87";"100272 ( 27963, 172580)";"1994 (-101, 4089)";" 524792 (120196,  929388)";"10313 ( -658, 21284)";"118601 ( -7511, 244713)";" 79482 (-4084, 163048)";"15287 ( -354, 30928)";"23692 ( 2438, 44947)";" 42646 ( 4388,  80904)";"40%"
"2015-02-07";"86";" 98278 ( 28054, 168501)";"1957 ( -95, 4010)";" 514479 (120805,  908153)";"10133 ( -653, 20919)";"116541 ( -7475, 240556)";" 78030 (-3880, 159940)";"14996 ( -290, 30283)";"23257 ( 2425, 44088)";" 41862 ( 4366,  79358)";"40%"
"2015-02-06";"85";" 96320 ( 28140, 164501)";"1921 ( -90, 3932)";" 504346 (121409,  887282)";" 9955 ( -644, 20554)";"114500 ( -7397, 236396)";" 76595 (-3657, 156847)";"14710 ( -224, 29645)";"22826 ( 2419, 43234)";" 41087 ( 4354,  77821)";"40%"
"2015-02-05";"84";" 94399 ( 28219, 160579)";"1886 ( -83, 3854)";" 494391 (122006,  866776)";" 9779 ( -632, 20189)";"112479 ( -7279, 232236)";" 75178 (-3416, 153772)";"14428 ( -157, 29013)";"22401 ( 2418, 42385)";" 40323 ( 4352,  76294)";"40%"
"2015-02-04";"83";" 92514 ( 28292, 156735)";"1850 ( -77, 3777)";" 484612 (122591,  846633)";" 9604 ( -617, 19825)";"110478 ( -7123, 228080)";" 73779 (-3158, 150716)";"14150 (  -88, 28388)";"21982 ( 2421, 41543)";" 39568 ( 4358,  74778)";"40%"
"2015-02-03";"82";" 90663 ( 28359, 152968)";"1816 ( -69, 3701)";" 475008 (123162,  826854)";" 9431 ( -598, 19461)";"108499 ( -6931, 223930)";" 72398 (-2886, 147681)";"13876 (  -18, 27770)";"21568 ( 2430, 40707)";" 38823 ( 4374,  73273)";"40%"
"2015-02-02";"81";" 88848 ( 28418, 149277)";"1781 ( -62, 3625)";" 465577 (123714,  807439)";" 9261 ( -577, 19099)";"106542 ( -6706, 219789)";" 71035 (-2600, 144670)";"13607 (   54, 27160)";"21160 ( 2443, 39878)";" 38089 ( 4397,  71781)";"40%"
"2015-02-01";"80";" 87066 ( 28469, 145663)";"1748 ( -54, 3550)";" 456316 (124245,  788386)";" 9092 ( -553, 18737)";"104606 ( -6450, 215662)";" 69691 (-2301, 141683)";"13341 (  125, 26557)";"20758 ( 2459, 39057)";" 37364 ( 4427,  70302)";"40%"
"2015-01-31";"79";" 85319 ( 28513, 142124)";"1714 ( -46, 3475)";" 447224 (124753,  769695)";" 8925 ( -527, 18377)";"102693 ( -6164, 211549)";" 68365 (-1992, 138723)";"13080 (  197, 25962)";"20361 ( 2479, 38243)";" 36650 ( 4463,  68837)";"40%"
"2015-01-30";"78";" 83604 ( 28549, 138660)";"1681 ( -38, 3401)";" 438299 (125233,  751365)";" 8760 ( -499, 18019)";"100802 ( -5851, 207456)";" 67058 (-1674, 135790)";"12823 (  270, 25376)";"19970 ( 2503, 37438)";" 35946 ( 4505,  67388)";"40%"
"2015-01-29";"77";" 81923 ( 28576, 135270)";"1649 ( -30, 3328)";" 429539 (125685,  733392)";" 8597 ( -468, 17663)";" 98935 ( -5513, 203384)";" 65770 (-1348, 132888)";"12570 (  342, 24797)";"19585 ( 2529, 36641)";" 35253 ( 4553,  65953)";"40%"
"2015-01-28";"76";" 80274 ( 28595, 131953)";"1617 ( -21, 3256)";" 420941 (126106,  715777)";" 8437 ( -435, 17309)";" 97092 ( -5153, 199336)";" 64501 (-1015, 130017)";"12321 (  414, 24227)";"19205 ( 2558, 35853)";" 34570 ( 4605,  64535)";"40%"
"2015-01-27";"75";" 78657 ( 28605, 128708)";"1586 ( -13, 3184)";" 412504 (126493,  698516)";" 8278 ( -401, 16958)";" 95272 ( -4772, 195315)";" 63251 ( -677, 127178)";"12076 (  486, 23666)";"18832 ( 2589, 35074)";" 33897 ( 4661,  63133)";"40%"
"2015-01-26";"74";" 77071 ( 28607, 125535)";"1555 (  -4, 3114)";" 404226 (126846,  681607)";" 8122 ( -365, 16609)";" 93476 ( -4372, 191323)";" 62019 ( -334, 124373)";"11836 (  558, 23114)";"18464 ( 2622, 34305)";" 33235 ( 4720,  61749)";"40%"
"2015-01-25";"73";" 75516 ( 28599, 122433)";"1524 (   5, 3044)";" 396104 (127162,  665047)";" 7967 ( -328, 16263)";" 91704 ( -3955, 187363)";" 60807 (   11, 121603)";"11599 (  628, 22570)";"18102 ( 2657, 33546)";" 32583 ( 4783,  60383)";"40%"
"2015-01-24";"72";" 73992 ( 28583, 119401)";"1494 (  13, 2975)";" 388137 (127440,  648834)";" 7815 ( -290, 15920)";" 89957 ( -3524, 183438)";" 59614 (  359, 118869)";"11367 (  698, 22036)";"17745 ( 2693, 32797)";" 31941 ( 4848,  59035)";"40%"
"2015-01-23";"71";" 72498 ( 28558, 116437)";"1465 (  22, 2907)";" 380322 (127679,  632964)";" 7665 ( -250, 15581)";" 88234 ( -3080, 179548)";" 58440 (  707, 116173)";"11138 (  766, 21511)";"17395 ( 2730, 32059)";" 31310 ( 4914,  57706)";"40%"
"2015-01-22";"70";" 71033 ( 28523, 113542)";"1436 (  31, 2841)";" 372657 (127878,  617435)";" 7517 ( -210, 15245)";" 86536 ( -2626, 175698)";" 57285 ( 1055, 113514)";"10914 (  834, 20994)";"17050 ( 2768, 31331)";" 30689 ( 4983,  56396)";"40%"
"2015-01-21";"69";" 69597 ( 28480, 110713)";"1407 (  40, 2775)";" 365139 (128036,  602242)";" 7372 ( -169, 14912)";" 84863 ( -2162, 171889)";" 56148 ( 1402, 110895)";"10694 (  900, 20488)";"16711 ( 2807, 30614)";" 30079 ( 5052,  55106)";"40%"
"2015-01-20";"68";" 68189 ( 28428, 107950)";"1379 (  49, 2710)";" 357768 (128153,  587383)";" 7228 ( -128, 14584)";" 83215 ( -1692, 168122)";" 55031 ( 1746, 108315)";"10477 (  964, 19990)";"16377 ( 2845, 29909)";" 29479 ( 5122,  53836)";"40%"
"2015-01-19";"67";" 66810 ( 28368, 105252)";"1352 (  57, 2646)";" 350540 (128227,  572852)";" 7087 (  -86, 14259)";" 81592 ( -1215, 164399)";" 53932 ( 2088, 105776)";"10265 ( 1028, 19502)";"16049 ( 2884, 29214)";" 28889 ( 5192,  52586)";"40%"
"2015-01-18";"66";" 65458 ( 28298, 102618)";"1325 (  66, 2584)";" 343453 (128259,  558647)";" 6948 (  -43, 13939)";" 79994 (  -735, 160723)";" 52853 ( 2427, 103278)";"10056 ( 1089, 19023)";"15727 ( 2923, 28531)";" 28309 ( 5261,  51357)";"40%"
"2015-01-17";"65";" 64134 ( 28220, 100047)";"1298 (  74, 2522)";" 336505 (128247,  544762)";" 6811 (   -1, 13623)";" 78421 (  -253, 157095)";" 51791 ( 2760, 100822)";" 9851 ( 1149, 18554)";"15411 ( 2961, 27860)";" 27739 ( 5331,  50148)";"40%"
"2015-01-16";"64";" 62836 ( 28134,  97538)";"1272 (  82, 2461)";" 329694 (128193,  531195)";" 6676 (   41, 13311)";" 76873 (   231, 153516)";" 50749 ( 3089,  98408)";" 9651 ( 1207, 18094)";"15100 ( 2999, 27200)";" 27180 ( 5399,  48960)";"40%"
"2015-01-15";"63";" 61564 ( 28039,  95089)";"1246 (  90, 2402)";" 323017 (128096,  517939)";" 6544 (   84, 13004)";" 75351 (   714, 149988)";" 49724 ( 3412,  96036)";" 9453 ( 1264, 17643)";"14794 ( 3037, 26552)";" 26630 ( 5466,  47794)";"40%"
"2015-01-14";"62";" 60318 ( 27936,  92699)";"1221 (  98, 2343)";" 316474 (127956,  504991)";" 6414 (  126, 12701)";" 73853 (  1195, 146511)";" 48718 ( 3729,  93708)";" 9260 ( 1318, 17202)";"14495 ( 3073, 25916)";" 26090 ( 5532,  46648)";"40%"
"2015-01-13";"61";" 59097 ( 27825,  90369)";"1196 ( 106, 2286)";" 310060 (127773,  492347)";" 6285 (  168, 12403)";" 72380 (  1672, 143088)";" 47730 ( 4039,  91422)";" 9070 ( 1371, 16769)";"14200 ( 3109, 25291)";" 25560 ( 5596,  45524)";"40%"
"2015-01-12";"60";" 57901 ( 27707,  88095)";"1172 ( 114, 2230)";" 303775 (127549,  480001)";" 6160 (  209, 12110)";" 70932 (  2146, 139718)";" 46760 ( 4341,  89180)";" 8884 ( 1422, 16347)";"13911 ( 3143, 24679)";" 25040 ( 5658,  44422)";"40%"
"2015-01-11";"59";" 56729 ( 27580,  85878)";"1148 ( 121, 2175)";" 297615 (127282,  467948)";" 6036 (  250, 11822)";" 69509 (  2614, 136404)";" 45808 ( 4636,  86980)";" 8702 ( 1470, 15933)";"13627 ( 3177, 24078)";" 24529 ( 5718,  43341)";"40%"
"2015-01-10";"58";" 55581 ( 27447,  83715)";"1124 ( 128, 2121)";" 291579 (126975,  456184)";" 5914 (  290, 11538)";" 68110 (  3076, 133145)";" 44874 ( 4922,  84825)";" 8523 ( 1517, 15528)";"13349 ( 3209, 23489)";" 24028 ( 5776,  42281)";"40%"
"2015-01-09";"57";" 54457 ( 27306,  81607)";"1101 ( 135, 2068)";" 285665 (126627,  444704)";" 5795 (  329, 11260)";" 66736 (  3530, 129942)";" 43956 ( 5200,  82712)";" 8347 ( 1562, 15133)";"13076 ( 3240, 22912)";" 23537 ( 5831,  41242)";"40%"
"2015-01-08";"56";" 53355 ( 27158,  79552)";"1079 ( 142, 2016)";" 279871 (126239,  433502)";" 5677 (  368, 10987)";" 65386 (  3977, 126796)";" 43057 ( 5470,  80643)";" 8175 ( 1604, 14746)";"12808 ( 3269, 22347)";" 23054 ( 5884,  40225)";"40%"
"2015-01-07";"55";" 52276 ( 27004,  77549)";"1057 ( 148, 1965)";" 274193 (125813,  422574)";" 5562 (  406, 10718)";" 64060 (  4414, 123707)";" 42174 ( 5730,  78617)";" 8007 ( 1645, 14368)";"12545 ( 3296, 21794)";" 22581 ( 5934,  39229)";"40%"
"2015-01-06";"54";" 51220 ( 26843,  75596)";"1035 ( 155, 1916)";" 268631 (125348,  411915)";" 5449 (  443, 10455)";" 62759 (  4841, 120676)";" 41308 ( 5981,  76634)";" 7841 ( 1683, 13999)";"12287 ( 3322, 21252)";" 22117 ( 5980,  38254)";"40%"
"2015-01-05";"53";" 50185 ( 26676,  73693)";"1014 ( 161, 1867)";" 263182 (124846,  401519)";" 5338 (  479, 10196)";" 61480 (  5259, 117702)";" 40459 ( 6223,  74694)";" 7679 ( 1720, 13639)";"12035 ( 3347, 20722)";" 21662 ( 6024,  37300)";"40%"
"2015-01-04";"52";" 49171 ( 26503,  71838)";" 993 ( 166, 1819)";" 257844 (124308,  391381)";" 5229 (  514,  9943)";" 60226 (  5665, 114787)";" 39626 ( 6455,  72796)";" 7521 ( 1755, 13287)";"11787 ( 3370, 20204)";" 21216 ( 6065,  36367)";"40%"
"2015-01-03";"51";" 48178 ( 26325,  70031)";" 972 ( 172, 1773)";" 252616 (123735,  381496)";" 5122 (  548,  9695)";" 58995 (  6060, 111929)";" 38809 ( 6678,  70941)";" 7365 ( 1787, 12944)";"11544 ( 3391, 19697)";" 20779 ( 6103,  35454)";"40%"
"2015-01-02";"50";" 47206 ( 26140,  68271)";" 952 ( 177, 1728)";" 247494 (123128,  371860)";" 5017 (  582,  9452)";" 57786 (  6443, 109129)";" 38009 ( 6891,  69127)";" 7213 ( 1818, 12608)";"11305 ( 3410, 19201)";" 20350 ( 6138,  34562)";"40%"
"2015-01-01";"49";" 46253 ( 25951,  66556)";" 933 ( 182, 1683)";" 242477 (122488,  362467)";" 4914 (  614,  9214)";" 56601 (  6814, 106388)";" 37224 ( 7094,  67354)";" 7064 ( 1846, 12281)";"11072 ( 3427, 18717)";" 19930 ( 6169,  33690)";"40%"
"2014-12-31";"48";" 45321 ( 25757,  64885)";" 913 ( 187, 1640)";" 237563 (121815,  353311)";" 4813 (  644,  8981)";" 55438 (  7173, 103704)";" 36455 ( 7288,  65622)";" 6918 ( 1873, 11962)";"10843 ( 3443, 18243)";" 19518 ( 6198,  32838)";"40%"
"2014-12-30";"47";" 44407 ( 25558,  63257)";" 894 ( 191, 1598)";" 232750 (121113,  344388)";" 4714 (  674,  8753)";" 54298 (  7518, 101077)";" 35701 ( 7472,  63930)";" 6775 ( 1898, 11651)";"10619 ( 3457, 17781)";" 19114 ( 6223,  32005)";"40%"
"2014-12-29";"46";" 43513 ( 25354,  61672)";" 876 ( 196, 1556)";" 228037 (120380,  335693)";" 4617 (  703,  8530)";" 53179 (  7851,  98507)";" 34963 ( 7647,  62279)";" 6634 ( 1921, 11348)";"10399 ( 3469, 17329)";" 18719 ( 6245,  31193)";"40%"
"2014-12-28";"45";" 42637 ( 25146,  60127)";" 858 ( 200, 1516)";" 223420 (119619,  327221)";" 4521 (  730,  8312)";" 52082 (  8170,  95994)";" 34239 ( 7812,  60666)";" 6497 ( 1942, 11052)";"10184 ( 3480, 16888)";" 18331 ( 6264,  30399)";"40%"
"2014-12-27";"44";" 41779 ( 24934,  58624)";" 840 ( 204, 1477)";" 218899 (118831,  318966)";" 4428 (  757,  8099)";" 51007 (  8477,  93537)";" 33530 ( 7967,  59093)";" 6363 ( 1961, 10764)";" 9973 ( 3488, 16458)";" 17952 ( 6279,  29624)";"40%"
"2014-12-26";"43";" 40939 ( 24719,  57159)";" 823 ( 207, 1438)";" 214471 (118017,  310925)";" 4336 (  782,  7891)";" 49953 (  8769,  91136)";" 32835 ( 8113,  57557)";" 6231 ( 1979, 10483)";" 9767 ( 3495, 16038)";" 17580 ( 6291,  28868)";"40%"
"2014-12-25";"42";" 40116 ( 24500,  55733)";" 806 ( 211, 1401)";" 210135 (117178,  303091)";" 4247 (  806,  7688)";" 48919 (  9049,  88790)";" 32155 ( 8250,  56060)";" 6102 ( 1995, 10209)";" 9564 ( 3500, 15628)";" 17216 ( 6301,  28130)";"40%"
"2014-12-24";"41";" 39311 ( 24277,  54344)";" 789 ( 214, 1364)";" 205888 (116316,  295460)";" 4159 (  828,  7489)";" 47907 (  9315,  86498)";" 31488 ( 8378,  54599)";" 5976 ( 2009,  9942)";" 9366 ( 3504, 15228)";" 16859 ( 6307,  27411)";"40%"
"2014-12-23";"40";" 38522 ( 24052,  52991)";" 773 ( 217, 1329)";" 201729 (115431,  288028)";" 4072 (  850,  7295)";" 46914 (  9568,  84261)";" 30836 ( 8497,  53175)";" 5852 ( 2022,  9683)";" 9172 ( 3506, 14838)";" 16510 ( 6310,  26709)";"40%"
"2014-12-22";"39";" 37749 ( 23824,  51674)";" 757 ( 219, 1294)";" 197657 (114524,  280789)";" 3988 (  870,  7106)";" 45942 (  9808,  82076)";" 30196 ( 8607,  51786)";" 5731 ( 2033,  9430)";" 8982 ( 3506, 14458)";" 16168 ( 6311,  26024)";"40%"
"2014-12-21";"38";" 36993 ( 23593,  50392)";" 741 ( 222, 1260)";" 193669 (113598,  273740)";" 3905 (  890,  6921)";" 44989 ( 10035,  79944)";" 29570 ( 8709,  50432)";" 5613 ( 2043,  9183)";" 8796 ( 3505, 14087)";" 15833 ( 6308,  25357)";"40%"
"2014-12-20";"37";" 36252 ( 23360,  49144)";" 726 ( 224, 1227)";" 189763 (112652,  266874)";" 3824 (  908,  6741)";" 44056 ( 10248,  77863)";" 28958 ( 8802,  49113)";" 5497 ( 2051,  8943)";" 8614 ( 3502, 13726)";" 15505 ( 6303,  24706)";"40%"
"2014-12-19";"36";" 35526 ( 23124,  47928)";" 710 ( 226, 1195)";" 185939 (111689,  260189)";" 3745 (  925,  6565)";" 43141 ( 10450,  75833)";" 28357 ( 8887,  47828)";" 5384 ( 2058,  8710)";" 8435 ( 3497, 13373)";" 15184 ( 6295,  24072)";"40%"
"2014-12-18";"35";" 34816 ( 22887,  46745)";" 696 ( 228, 1164)";" 182194 (110709,  253679)";" 3667 (  941,  6393)";" 42246 ( 10638,  73854)";" 27770 ( 8964,  46575)";" 5273 ( 2063,  8482)";" 8261 ( 3491, 13030)";" 14869 ( 6284,  23454)";"40%"
"2014-12-17";"34";" 34120 ( 22647,  45593)";" 681 ( 230, 1133)";" 178527 (109713,  247341)";" 3591 (  956,  6226)";" 41369 ( 10814,  71923)";" 27195 ( 9034,  45355)";" 5164 ( 2068,  8261)";" 8090 ( 3484, 12695)";" 14561 ( 6271,  22852)";"40%"
"2014-12-16";"33";" 33439 ( 22407,  44471)";" 667 ( 231, 1103)";" 174936 (108703,  241169)";" 3516 (  970,  6063)";" 40510 ( 10978,  70041)";" 26632 ( 9096,  44167)";" 5058 ( 2070,  8045)";" 7922 ( 3475, 12369)";" 14260 ( 6255,  22265)";"40%"
"2014-12-15";"32";" 32771 ( 22164,  43379)";" 653 ( 232, 1075)";" 171420 (107679,  235160)";" 3443 (  983,  5904)";" 39668 ( 11130,  68206)";" 26080 ( 9151,  43010)";" 4954 ( 2072,  7836)";" 7759 ( 3465, 12052)";" 13965 ( 6237,  21693)";"40%"
"2014-12-14";"31";" 32118 ( 21921,  42315)";" 640 ( 233, 1046)";" 167976 (106642,  229310)";" 3372 (  994,  5749)";" 38845 ( 11271,  66419)";" 25541 ( 9198,  41883)";" 4852 ( 2072,  7631)";" 7598 ( 3454, 11743)";" 13677 ( 6217,  21137)";"40%"
"2014-12-13";"30";" 31478 ( 21676,  41280)";" 627 ( 234, 1019)";" 164604 (105594,  223614)";" 3302 ( 1005,  5599)";" 38038 ( 11400,  64676)";" 25013 ( 9239,  40786)";" 4752 ( 2072,  7433)";" 7441 ( 3441, 11441)";" 13394 ( 6194,  20594)";"40%"
"2014-12-12";"29";" 30851 ( 21430,  40272)";" 614 ( 235,  992)";" 161302 (104536,  218069)";" 3233 ( 1015,  5452)";" 37248 ( 11518,  62979)";" 24496 ( 9273,  39718)";" 4655 ( 2070,  7240)";" 7288 ( 3427, 11148)";" 13118 ( 6169,  20066)";"40%"
"2014-12-11";"28";" 30238 ( 21184,  39291)";" 601 ( 236,  966)";" 158069 (103468,  212670)";" 3166 ( 1024,  5308)";" 36475 ( 11625,  61325)";" 23990 ( 9301,  38679)";" 4559 ( 2067,  7052)";" 7137 ( 3413, 10862)";" 12847 ( 6143,  19552)";"40%"
"2014-12-10";"27";" 29637 ( 20937,  38336)";" 589 ( 236,  941)";" 154903 (102391,  207414)";" 3101 ( 1032,  5169)";" 35719 ( 11722,  59715)";" 23495 ( 9322,  37667)";" 4466 ( 2063,  6869)";" 6990 ( 3397, 10584)";" 12582 ( 6114,  19051)";"40%"
"2014-12-09";"26";" 29048 ( 20690,  37406)";" 577 ( 237,  917)";" 151802 (101306,  202298)";" 3036 ( 1039,  5033)";" 34978 ( 11809,  58147)";" 23010 ( 9338,  36682)";" 4375 ( 2059,  6691)";" 6846 ( 3379, 10313)";" 12323 ( 6083,  18563)";"40%"
"2014-12-08";"25";" 28471 ( 20442,  36500)";" 565 ( 237,  893)";" 148766 (100215,  197317)";" 2973 ( 1046,  4901)";" 34253 ( 11886,  56620)";" 22536 ( 9348,  35724)";" 4285 ( 2053,  6518)";" 6705 ( 3361, 10049)";" 12070 ( 6051,  18089)";"40%"
"2014-12-07";"24";" 27907 ( 20195,  35619)";" 553 ( 237,  869)";" 145792 ( 99117,  192467)";" 2912 ( 1051,  4772)";" 33543 ( 11953,  55133)";" 22072 ( 9353,  34792)";" 4198 ( 2046,  6349)";" 6567 ( 3342,  9793)";" 11821 ( 6016,  17627)";"40%"
"2014-12-06";"23";" 27354 ( 19947,  34760)";" 542 ( 237,  847)";" 142881 ( 98015,  187747)";" 2851 ( 1056,  4647)";" 32848 ( 12011,  53685)";" 21618 ( 9352,  33884)";" 4112 ( 2039,  6185)";" 6433 ( 3322,  9543)";" 11579 ( 5980,  17177)";"40%"
"2014-12-05";"22";" 26812 ( 19699,  33925)";" 531 ( 236,  825)";" 140029 ( 96907,  183151)";" 2792 ( 1060,  4525)";" 32168 ( 12060,  52276)";" 21174 ( 9346,  33002)";" 4028 ( 2031,  6026)";" 6301 ( 3302,  9299)";" 11341 ( 5943,  16739)";"40%"
"2014-12-04";"21";" 26281 ( 19451,  33111)";" 520 ( 236,  803)";" 137237 ( 95796,  178677)";" 2735 ( 1063,  4407)";" 31503 ( 12100,  50905)";" 20739 ( 9335,  32143)";" 3946 ( 2022,  5871)";" 6171 ( 3280,  9063)";" 11108 ( 5904,  16313)";"40%"
"2014-12-03";"20";" 25762 ( 19204,  32319)";" 509 ( 236,  782)";" 134502 ( 94682,  174322)";" 2678 ( 1065,  4291)";" 30852 ( 12133,  49571)";" 20314 ( 9320,  31308)";" 3866 ( 2012,  5720)";" 6045 ( 3258,  8832)";" 10881 ( 5864,  15898)";"40%"
"2014-12-02";"19";" 25253 ( 18957,  31548)";" 499 ( 235,  762)";" 131824 ( 93566,  170082)";" 2623 ( 1067,  4179)";" 30214 ( 12157,  48272)";" 19897 ( 9300,  30495)";" 3788 ( 2002,  5574)";" 5921 ( 3235,  8608)";" 10658 ( 5822,  15494)";"40%"
"2014-12-01";"18";" 24754 ( 18711,  30797)";" 488 ( 235,  742)";" 129201 ( 92448,  165954)";" 2569 ( 1068,  4069)";" 29591 ( 12173,  47008)";" 19490 ( 9276,  29704)";" 3711 ( 1991,  5431)";" 5800 ( 3211,  8390)";" 10441 ( 5780,  15102)";"40%"
"2014-11-30";"17";" 24266 ( 18466,  30066)";" 478 ( 234,  723)";" 126632 ( 91329,  161935)";" 2516 ( 1069,  3963)";" 28981 ( 12182,  45779)";" 19092 ( 9248,  28936)";" 3636 ( 1980,  5292)";" 5682 ( 3186,  8178)";" 10228 ( 5736,  14720)";"40%"
"2014-11-29";"16";" 23787 ( 18221,  29354)";" 469 ( 233,  704)";" 124116 ( 90209,  158023)";" 2464 ( 1069,  3860)";" 28383 ( 12184,  44583)";" 18702 ( 9216,  28188)";" 3563 ( 1968,  5158)";" 5566 ( 3161,  7971)";" 10019 ( 5691,  14348)";"40%"
"2014-11-28";"15";" 23319 ( 17977,  28661)";" 459 ( 232,  686)";" 121652 ( 89090,  154214)";" 2413 ( 1068,  3759)";" 27799 ( 12179,  43419)";" 18321 ( 9181,  27460)";" 3491 ( 1955,  5026)";" 5453 ( 3136,  7770)";"  9815 ( 5645,  13986)";"40%"
"2014-11-27";"14";" 22860 ( 17734,  27985)";" 450 ( 231,  669)";" 119239 ( 87971,  150506)";" 2364 ( 1067,  3661)";" 27228 ( 12168,  42287)";" 17947 ( 9142,  26753)";" 3420 ( 1942,  4899)";" 5342 ( 3110,  7574)";"  9616 ( 5598,  13634)";"40%"
"2014-11-26";"13";" 22410 ( 17492,  27328)";" 441 ( 230,  651)";" 116875 ( 86854,  146896)";" 2315 ( 1065,  3566)";" 26668 ( 12150,  41186)";" 17582 ( 9100,  26065)";" 3352 ( 1928,  4775)";" 5233 ( 3083,  7384)";"  9420 ( 5550,  13291)";"40%"
"2014-11-25";"12";" 21969 ( 17251,  26688)";" 432 ( 229,  635)";" 114560 ( 85739,  143381)";" 2268 ( 1063,  3473)";" 26121 ( 12127,  40115)";" 17225 ( 9054,  25396)";" 3284 ( 1914,  4654)";" 5127 ( 3056,  7199)";"  9229 ( 5501,  12957)";"40%"
"2014-11-24";"11";" 21538 ( 17011,  26065)";" 423 ( 227,  618)";" 112292 ( 84625,  139958)";" 2221 ( 1060,  3383)";" 25586 ( 12098,  39074)";" 16876 ( 9006,  24745)";" 3219 ( 1900,  4537)";" 5024 ( 3029,  7018)";"  9042 ( 5452,  12633)";"40%"
"2014-11-23";"10";" 21115 ( 16772,  25458)";" 414 ( 226,  603)";" 110071 ( 83515,  136626)";" 2176 ( 1056,  3295)";" 25062 ( 12063,  38060)";" 16534 ( 8955,  24113)";" 3154 ( 1885,  4423)";" 4922 ( 3001,  6843)";"  8860 ( 5402,  12317)";"40%"
"2014-11-22";"9";" 20700 ( 16534,  24866)";" 406 ( 225,  587)";" 107895 ( 82408,  133382)";" 2131 ( 1053,  3210)";" 24549 ( 12023,  37075)";" 16199 ( 8901,  23497)";" 3091 ( 1870,  4312)";" 4823 ( 2973,  6672)";"  8681 ( 5351,  12010)";"40%"
"2014-11-21";"8";" 20294 ( 16298,  24291)";" 398 ( 223,  572)";" 105763 ( 81304,  130223)";" 2088 ( 1049,  3127)";" 24048 ( 11979,  36117)";" 15872 ( 8845,  22899)";" 3029 ( 1855,  4204)";" 4725 ( 2944,  6506)";"  8506 ( 5300,  11712)";"40%"
"2014-11-20";"7";" 19897 ( 16063,  23730)";" 390 ( 222,  558)";" 103675 ( 80204,  127147)";" 2045 ( 1044,  3046)";" 23557 ( 11930,  35185)";" 15552 ( 8786,  22317)";" 2969 ( 1839,  4099)";" 4630 ( 2915,  6345)";"  8334 ( 5248,  11421)";"40%"
"2014-11-19";"6";" 19507 ( 15830,  23184)";" 382 ( 220,  544)";" 101630 ( 79109,  124152)";" 2004 ( 1039,  2968)";" 23077 ( 11876,  34279)";" 15239 ( 8726,  21751)";" 2910 ( 1823,  3997)";" 4537 ( 2886,  6188)";"  8167 ( 5196,  11138)";"40%"
"2014-11-18";"5";" 19125 ( 15598,  22652)";" 374 ( 219,  530)";"  99627 ( 78018,  121235)";" 1963 ( 1034,  2892)";" 22608 ( 11818,  33398)";" 14932 ( 8663,  21201)";" 2852 ( 1807,  3898)";" 4446 ( 2857,  6035)";"  8003 ( 5143,  10863)";"40%"
"2014-11-17";"4";" 18751 ( 15368,  22134)";" 367 ( 217,  517)";"  97664 ( 76932,  118395)";" 1923 ( 1028,  2818)";" 22148 ( 11756,  32541)";" 14632 ( 8599,  20666)";" 2796 ( 1790,  3801)";" 4357 ( 2828,  5886)";"  7843 ( 5090,  10595)";"40%"
"2014-11-16";"3";" 18384 ( 15139,  21629)";" 359 ( 215,  504)";"  95741 ( 75852,  115629)";" 1884 ( 1023,  2746)";" 21699 ( 11691,  31707)";" 14339 ( 8532,  20146)";" 2740 ( 1773,  3708)";" 4270 ( 2798,  5742)";"  7686 ( 5037,  10335)";"40%"
"2014-11-15";"2";" 18025 ( 14912,  21138)";" 352 ( 213,  491)";"  93856 ( 74777,  112936)";" 1846 ( 1016,  2676)";" 21259 ( 11622,  30897)";" 14052 ( 8464,  19640)";" 2686 ( 1756,  3616)";" 4185 ( 2768,  5601)";"  7532 ( 4983,  10081)";"40%"
"2014-11-14";"1";" 17672 ( 14686,  20659)";" 345 ( 212,  479)";"  92011 ( 73708,  110313)";" 1809 ( 1010,  2607)";" 20829 ( 11549,  30109)";" 13771 ( 8395,  19148)";" 2633 ( 1739,  3528)";" 4101 ( 2739,  5464)";"  7382 ( 4929,   9835)";"40%"
"2014-11-13";"0";" 17327 ( 14462,  20192)";" 338 ( 210,  467)";"  90202 ( 72645,  107759)";" 1772 ( 1003,  2541)";" 20408 ( 11474,  29343)";" 13496 ( 8324,  18669)";" 2582 ( 1722,  3441)";" 4020 ( 2709,  5330)";"  7235 ( 4876,   9595)";"40%"
"2014-11-12";"-1";" 16989 ( 14240,  19738)";" 332 ( 208,  455)";"  88430 ( 71589,  105271)";" 1736 (  996,  2477)";" 19997 ( 11396,  28598)";" 13228 ( 8252,  18204)";" 2531 ( 1705,  3357)";" 3940 ( 2679,  5201)";"  7091 ( 4822,   9361)";"40%"
"2014-11-11";"-2";" 16657 ( 14019,  19296)";" 325 ( 206,  444)";"  86693 ( 70539,  102848)";" 1702 (  989,  2414)";" 19594 ( 11315,  27873)";" 12965 ( 8178,  17751)";" 2481 ( 1687,  3276)";" 3862 ( 2649,  5075)";"  6951 ( 4767,   9134)";"40%"
"2014-11-10";"-3";" 16332 ( 13800,  18865)";" 319 ( 204,  433)";"  84992 ( 69495,  100488)";" 1667 (  981,  2353)";" 19200 ( 11231,  27169)";" 12707 ( 8104,  17311)";" 2433 ( 1669,  3196)";" 3785 ( 2618,  4952)";"  6813 ( 4713,   8913)";"40%"
"2014-11-09";"-4";" 16014 ( 13583,  18445)";" 312 ( 202,  422)";"  83325 ( 68459,   98190)";" 1634 (  974,  2294)";" 18815 ( 11145,  26484)";" 12456 ( 8028,  16883)";" 2385 ( 1652,  3119)";" 3710 ( 2588,  4832)";"  6678 ( 4659,   8698)";"40%"
"2014-11-08";"-5";" 15702 ( 13368,  18036)";" 306 ( 200,  412)";"  81691 ( 67430,   95952)";" 1601 (  966,  2236)";" 18437 ( 11057,  25818)";" 12209 ( 7952,  16467)";" 2339 ( 1634,  3044)";" 3637 ( 2558,  4716)";"  6547 ( 4605,   8489)";"40%"
"2014-11-07";"-6";" 15396 ( 13154,  17637)";" 300 ( 198,  402)";"  80090 ( 66408,   93771)";" 1569 (  958,  2180)";" 18068 ( 10967,  25170)";" 11968 ( 7875,  16062)";" 2293 ( 1616,  2971)";" 3565 ( 2528,  4603)";"  6418 ( 4551,   8285)";"40%"
"2014-11-06";"-7";" 15096 ( 12943,  17249)";" 294 ( 196,  392)";"  78521 ( 65394,   91647)";" 1538 (  950,  2126)";" 17707 ( 10875,  24540)";" 11733 ( 7797,  15669)";" 2249 ( 1598,  2899)";" 3495 ( 2498,  4493)";"  6292 ( 4496,   8087)";"40%"
"2014-11-05";"-8";" 14801 ( 12733,  16870)";" 288 ( 194,  382)";"  76983 ( 64387,   89579)";" 1507 (  942,  2073)";" 17354 ( 10781,  23928)";" 11502 ( 7718,  15286)";" 2205 ( 1580,  2830)";" 3427 ( 2468,  4386)";"  6168 ( 4443,   7894)";"40%"
"2014-11-04";"-9";" 14513 ( 12525,  16502)";" 283 ( 192,  373)";"  75476 ( 63388,   87564)";" 1477 (  933,  2021)";" 17009 ( 10685,  23332)";" 11276 ( 7639,  14913)";" 2163 ( 1562,  2763)";" 3360 ( 2438,  4281)";"  6048 ( 4389,   7706)";"40%"
"2014-11-03";"-10";" 14230 ( 12318,  16143)";" 277 ( 190,  364)";"  73999 ( 62397,   85601)";" 1448 (  925,  1971)";" 16671 ( 10588,  22753)";" 11055 ( 7559,  14551)";" 2121 ( 1544,  2698)";" 3294 ( 2408,  4180)";"  5929 ( 4335,   7524)";"40%"
"2014-11-02";"-11";" 13953 ( 12114,  15793)";" 272 ( 188,  355)";"  72551 ( 61414,   83688)";" 1419 (  916,  1922)";" 16340 ( 10490,  22190)";" 10839 ( 7479,  14199)";" 2080 ( 1526,  2634)";" 3230 ( 2379,  4081)";"  5814 ( 4281,   7346)";"40%"
"2014-11-01";"-12";" 13682 ( 11912,  15452)";" 266 ( 186,  347)";"  71132 ( 60438,   81826)";" 1391 (  907,  1875)";" 16016 ( 10391,  21642)";" 10628 ( 7399,  13856)";" 2040 ( 1509,  2572)";" 3167 ( 2349,  3985)";"  5701 ( 4228,   7173)";"40%"
"2014-10-31";"-13";" 13415 ( 11711,  15119)";" 261 ( 184,  338)";"  69741 ( 59471,   80011)";" 1364 (  898,  1829)";" 15700 ( 10290,  21110)";" 10421 ( 7318,  13523)";" 2001 ( 1491,  2512)";" 3105 ( 2319,  3892)";"  5590 ( 4175,   7005)";"40%"
"2014-10-30";"-14";" 13154 ( 11512,  14796)";" 256 ( 182,  330)";"  68377 ( 58512,   78243)";" 1337 (  889,  1784)";" 15390 ( 10189,  20592)";" 10218 ( 7237,  13199)";" 1963 ( 1473,  2453)";" 3045 ( 2290,  3800)";"  5482 ( 4122,   6841)";"40%"
"2014-10-29";"-15";" 12898 ( 11315,  14480)";" 251 ( 180,  322)";"  67041 ( 57561,   76520)";" 1310 (  880,  1740)";" 15087 ( 10086,  20088)";" 10020 ( 7156,  12884)";" 1925 ( 1455,  2396)";" 2986 ( 2261,  3712)";"  5375 ( 4070,   6681)";"40%"
"2014-10-28";"-16";" 12646 ( 11121,  14172)";" 246 ( 178,  315)";"  65730 ( 56618,   74842)";" 1285 (  871,  1698)";" 14790 (  9983,  19598)";"  9826 ( 7075,  12577)";" 1889 ( 1437,  2341)";" 2929 ( 2232,  3626)";"  5272 ( 4017,   6526)";"40%"
"2014-10-27";"-17";" 12400 ( 10928,  13873)";" 242 ( 176,  307)";"  64446 ( 55684,   73207)";" 1259 (  862,  1657)";" 14500 (  9879,  19121)";"  9636 ( 6994,  12279)";" 1853 ( 1419,  2287)";" 2872 ( 2203,  3542)";"  5170 ( 3965,   6375)";"40%"
"2014-10-26";"-18";" 12159 ( 10737,  13580)";" 237 ( 174,  300)";"  63186 ( 54758,   71614)";" 1235 (  853,  1617)";" 14216 (  9775,  18658)";"  9451 ( 6913,  11988)";" 1818 ( 1401,  2234)";" 2817 ( 2174,  3460)";"  5071 ( 3913,   6228)";"40%"
"2014-10-25";"-19";" 11922 ( 10548,  13295)";" 232 ( 172,  293)";"  61951 ( 53841,   70062)";" 1211 (  844,  1578)";" 13939 (  9670,  18207)";"  9269 ( 6831,  11706)";" 1783 ( 1384,  2183)";" 2763 ( 2146,  3381)";"  4973 ( 3862,   6085)";"40%"
"2014-10-24";"-20";" 11689 ( 10361,  13018)";" 228 ( 170,  286)";"  60741 ( 52932,   68549)";" 1187 (  834,  1540)";" 13667 (  9565,  17769)";"  9091 ( 6750,  11431)";" 1750 ( 1366,  2133)";" 2710 ( 2117,  3303)";"  4878 ( 3811,   5946)";"40%"
"2014-10-23";"-21";" 11461 ( 10176,  12747)";" 224 ( 168,  279)";"  59554 ( 52032,   67075)";" 1164 (  825,  1503)";" 13401 (  9459,  17342)";"  8917 ( 6669,  11164)";" 1717 ( 1349,  2085)";" 2658 ( 2089,  3228)";"  4785 ( 3760,   5810)";"40%"
"2014-10-22";"-22";" 11238 (  9993,  12483)";" 219 ( 166,  273)";"  58390 ( 51140,   65639)";" 1141 (  816,  1467)";" 13140 (  9353,  16927)";"  8746 ( 6588,  10904)";" 1685 ( 1331,  2038)";" 2608 ( 2061,  3154)";"  4694 ( 3710,   5678)";"40%"
"2014-10-21";"-23";" 11018 (  9812,  12225)";" 215 ( 164,  267)";"  57248 ( 50257,   64239)";" 1119 (  807,  1432)";" 12886 (  9247,  16524)";"  8580 ( 6508,  10651)";" 1653 ( 1314,  1992)";" 2558 ( 2033,  3083)";"  4605 ( 3660,   5549)";"40%"
"2014-10-20";"-24";" 10803 (  9633,  11974)";" 211 ( 162,  260)";"  56129 ( 49383,   62874)";" 1098 (  797,  1398)";" 12636 (  9141,  16131)";"  8416 ( 6427,  10405)";" 1622 ( 1297,  1947)";" 2510 ( 2006,  3013)";"  4517 ( 3610,   5424)";"40%"
"2014-10-19";"-25";" 10592 (  9456,  11729)";" 207 ( 160,  254)";"  55031 ( 48518,   61545)";" 1077 (  788,  1365)";" 12392 (  9035,  15749)";"  8256 ( 6347,  10166)";" 1592 ( 1279,  1904)";" 2462 ( 1978,  2946)";"  4432 ( 3561,   5302)";"40%"
"2014-10-18";"-26";" 10385 (  9281,  11489)";" 203 ( 158,  249)";"  53955 ( 47661,   60248)";" 1056 (  779,  1333)";" 12154 (  8929,  15378)";"  8100 ( 6267,   9933)";" 1562 ( 1262,  1862)";" 2416 ( 1951,  2880)";"  4348 ( 3512,   5184)";"40%"
"2014-10-17";"-27";" 10182 (  9108,  11256)";" 199 ( 156,  243)";"  52899 ( 46813,   58984)";" 1036 (  769,  1302)";" 11920 (  8823,  15017)";"  7947 ( 6187,   9706)";" 1533 ( 1245,  1821)";" 2370 ( 1924,  2816)";"  4266 ( 3464,   5068)";"40%"
"2014-10-16";"-28";"  9983 (  8937,  11028)";" 196 ( 154,  237)";"  51863 ( 45975,   57752)";" 1016 (  760,  1271)";" 11691 (  8717,  14665)";"  7797 ( 6108,   9486)";" 1505 ( 1229,  1781)";" 2325 ( 1898,  2753)";"  4186 ( 3416,   4956)";"40%"
"2014-10-15";"-29";"  9787 (  8769,  10805)";" 192 ( 152,  232)";"  50847 ( 45145,   56550)";"  996 (  751,  1242)";" 11467 (  8611,  14323)";"  7650 ( 6029,   9271)";" 1477 ( 1212,  1742)";" 2282 ( 1871,  2692)";"  4107 ( 3368,   4846)";"40%"
"2014-10-14";"-30";"  9595 (  8602,  10588)";" 188 ( 150,  227)";"  49851 ( 44324,   55378)";"  977 (  742,  1213)";" 11248 (  8506,  13991)";"  7507 ( 5951,   9063)";" 1450 ( 1195,  1704)";" 2239 ( 1845,  2633)";"  4030 ( 3321,   4740)";"40%"
"2014-10-13";"-31";"  9407 (  8438,  10376)";" 185 ( 148,  222)";"  48874 ( 43513,   54235)";"  959 (  732,  1185)";" 11034 (  8401,  13667)";"  7366 ( 5872,   8860)";" 1423 ( 1179,  1668)";" 2197 ( 1819,  2576)";"  3955 ( 3274,   4636)";"40%"
"2014-10-12";"-32";"  9222 (  8276,  10169)";" 181 ( 146,  217)";"  47915 ( 42711,   53120)";"  940 (  723,  1158)";" 10824 (  8296,  13352)";"  7228 ( 5795,   8662)";" 1397 ( 1162,  1632)";" 2156 ( 1793,  2520)";"  3881 ( 3228,   4535)";"40%"
"2014-10-11";"-33";"  9041 (  8116,   9966)";" 178 ( 144,  212)";"  46975 ( 41918,   52032)";"  923 (  714,  1131)";" 10619 (  8192,  13046)";"  7094 ( 5717,   8470)";" 1371 ( 1146,  1597)";" 2116 ( 1768,  2465)";"  3809 ( 3182,   4437)";"40%"
"2014-10-10";"-34";"  8863 (  7958,   9768)";" 175 ( 142,  207)";"  46052 ( 41134,   50970)";"  905 (  705,  1105)";" 10418 (  8088,  12748)";"  6962 ( 5640,   8283)";" 1346 ( 1129,  1563)";" 2077 ( 1742,  2412)";"  3739 ( 3136,   4341)";"40%"
"2014-10-09";"-35";"  8688 (  7803,   9574)";" 171 ( 140,  203)";"  45147 ( 40360,   49934)";"  888 (  696,  1080)";" 10221 (  7984,  12458)";"  6833 ( 5564,   8101)";" 1322 ( 1113,  1530)";" 2039 ( 1717,  2360)";"  3669 ( 3091,   4248)";"40%"
"2014-10-08";"-36";"  8517 (  7649,   9385)";" 168 ( 138,  198)";"  44259 ( 39596,   48922)";"  871 (  687,  1056)";" 10028 (  7881,  12175)";"  6706 ( 5488,   7924)";" 1298 ( 1097,  1498)";" 2001 ( 1692,  2310)";"  3602 ( 3046,   4157)";"40%"
"2014-10-07";"-37";"  8349 (  7498,   9200)";" 165 ( 136,  194)";"  43388 ( 38841,   47935)";"  855 (  678,  1032)";"  9840 (  7778,  11901)";"  6582 ( 5413,   7752)";" 1274 ( 1081,  1467)";" 1964 ( 1668,  2260)";"  3535 ( 3002,   4069)";"40%"
"2014-10-06";"-38";"  8184 (  7349,   9018)";" 162 ( 134,  190)";"  42533 ( 38095,   46970)";"  839 (  669,  1009)";"  9655 (  7676,  11634)";"  6461 ( 5338,   7584)";" 1251 ( 1066,  1437)";" 1928 ( 1643,  2213)";"  3471 ( 2958,   3983)";"40%"
"2014-10-05";"-39";"  8022 (  7202,   8841)";" 159 ( 132,  186)";"  41694 ( 37360,   46027)";"  823 (  660,   987)";"  9474 (  7574,  11374)";"  6342 ( 5263,   7421)";" 1229 ( 1050,  1408)";" 1893 ( 1619,  2166)";"  3407 ( 2915,   3899)";"40%"
"2014-10-04";"-40";"  7863 (  7058,   8667)";" 156 ( 130,  182)";"  40870 ( 36634,   45107)";"  808 (  651,   965)";"  9297 (  7473,  11121)";"  6226 ( 5189,   7263)";" 1207 ( 1034,  1379)";" 1858 ( 1595,  2121)";"  3345 ( 2872,   3818)";"40%"
"2014-10-03";"-41";"  7706 (  6916,   8497)";" 153 ( 129,  178)";"  40063 ( 35918,   44207)";"  793 (  642,   943)";"  9124 (  7373,  10875)";"  6112 ( 5115,   7109)";" 1185 ( 1019,  1351)";" 1824 ( 1572,  2077)";"  3284 ( 2829,   3738)";"40%"
"2014-10-02";"-42";"  7553 (  6776,   8330)";" 151 ( 127,  174)";"  39270 ( 35213,   43327)";"  778 (  634,   923)";"  8954 (  7273,  10636)";"  6001 ( 5042,   6959)";" 1164 ( 1003,  1324)";" 1791 ( 1548,  2034)";"  3224 ( 2787,   3661)";"40%"
"2014-10-01";"-43";"  7403 (  6638,   8167)";" 148 ( 125,  171)";"  38491 ( 34517,   42466)";"  764 (  625,   903)";"  8788 (  7174,  10403)";"  5891 ( 4970,   6813)";" 1143 (  988,  1298)";" 1759 ( 1525,  1992)";"  3165 ( 2745,   3586)";"40%"
"2014-09-30";"-44";"  7255 (  6503,   8007)";" 145 ( 123,  167)";"  37728 ( 33831,   41625)";"  750 (  616,   883)";"  8626 (  7075,  10176)";"  5784 ( 4898,   6671)";" 1123 (  973,  1272)";" 1727 ( 1502,  1952)";"  3108 ( 2704,   3513)";"40%"
"2014-09-29";"-45";"  7110 (  6369,   7850)";" 142 ( 121,  164)";"  36978 ( 33155,   40801)";"  736 (  608,   864)";"  8467 (  6977,   9956)";"  5680 ( 4826,   6533)";" 1103 (  958,  1248)";" 1696 ( 1479,  1912)";"  3052 ( 2663,   3442)";"40%"
"2014-09-28";"-46";"  6967 (  6238,   7696)";" 140 ( 120,  160)";"  36242 ( 32489,   39995)";"  722 (  599,   845)";"  8311 (  6880,   9742)";"  5577 ( 4755,   6399)";" 1083 (  943,  1223)";" 1665 ( 1457,  1873)";"  2997 ( 2622,   3372)";"40%"
"2014-09-27";"-47";"  6827 (  6109,   7545)";" 137 ( 118,  157)";"  35520 ( 31834,   39206)";"  709 (  591,   827)";"  8158 (  6783,   9533)";"  5477 ( 4685,   6268)";" 1064 (  928,  1200)";" 1635 ( 1434,  1836)";"  2943 ( 2582,   3305)";"40%"
"2014-09-26";"-48";"  6690 (  5983,   7397)";" 135 ( 116,  154)";"  34811 ( 31188,   38433)";"  696 (  582,   810)";"  8009 (  6687,   9330)";"  5378 ( 4615,   6142)";" 1045 (  913,  1177)";" 1606 ( 1412,  1800)";"  2891 ( 2542,   3239)";"40%"
"2014-09-25";"-49";"  6555 (  5858,   7251)";" 133 ( 114,  151)";"  34115 ( 30553,   37677)";"  683 (  574,   793)";"  7862 (  6592,   9133)";"  5282 ( 4545,   6018)";" 1027 (  899,  1155)";" 1577 ( 1390,  1764)";"  2839 ( 2503,   3175)";"40%"
"2014-09-24";"-50";"  6422 (  5736,   7109)";" 130 ( 112,  148)";"  33432 ( 29928,   36935)";"  671 (  566,   776)";"  7719 (  6497,   8941)";"  5187 ( 4476,   5898)";" 1009 (  884,  1134)";" 1549 ( 1369,  1730)";"  2788 ( 2464,   3113)";"40%"
"2014-09-23";"-51";"  6292 (  5616,   6969)";" 128 ( 111,  145)";"  32761 ( 29313,   36209)";"  659 (  558,   760)";"  7578 (  6403,   8754)";"  5095 ( 4408,   5782)";"  991 (  870,  1113)";" 1522 ( 1347,  1696)";"  2739 ( 2425,   3053)";"40%"
"2014-09-22";"-52";"  6164 (  5498,   6831)";" 126 ( 109,  142)";"  32102 ( 28708,   35496)";"  647 (  549,   744)";"  7441 (  6309,   8573)";"  5004 ( 4340,   5669)";"  974 (  856,  1092)";" 1495 ( 1326,  1663)";"  2690 ( 2387,   2994)";"40%"
"2014-09-21";"-53";"  6039 (  5382,   6696)";" 123 ( 107,  139)";"  31455 ( 28113,   34798)";"  635 (  541,   729)";"  7306 (  6217,   8396)";"  4916 ( 4273,   5559)";"  957 (  842,  1073)";" 1468 ( 1305,  1632)";"  2643 ( 2349,   2937)";"40%"
"2014-09-20";"-54";"  5915 (  5268,   6563)";" 121 ( 106,  137)";"  30820 ( 27527,   34113)";"  624 (  533,   714)";"  7174 (  6125,   8224)";"  4829 ( 4206,   5452)";"  941 (  828,  1053)";" 1442 ( 1284,  1601)";"  2596 ( 2311,   2881)";"40%"
"2014-09-19";"-55";"  5794 (  5156,   6433)";" 119 ( 104,  134)";"  30196 ( 26952,   33440)";"  612 (  525,   700)";"  7045 (  6033,   8057)";"  4744 ( 4139,   5348)";"  924 (  814,  1035)";" 1417 ( 1263,  1571)";"  2551 ( 2274,   2827)";"40%"
"2014-09-18";"-56";"  5675 (  5046,   6304)";" 117 ( 102,  132)";"  29584 ( 26387,   32781)";"  601 (  517,   686)";"  6919 (  5943,   7895)";"  4660 ( 4073,   5247)";"  908 (  800,  1017)";" 1392 ( 1243,  1541)";"  2506 ( 2237,   2774)";"40%"
"2014-09-17";"-57";"  5558 (  4938,   6178)";" 115 ( 101,  129)";"  28982 ( 25831,   32134)";"  591 (  509,   672)";"  6795 (  5853,   7737)";"  4578 ( 4008,   5149)";"  893 (  786,   999)";" 1368 ( 1223,  1513)";"  2462 ( 2201,   2723)";"40%"
"2014-09-16";"-58";"  5443 (  4832,   6054)";" 113 (  99,  127)";"  28392 ( 25285,   31498)";"  580 (  502,   659)";"  6674 (  5763,   7584)";"  4498 ( 3943,   5053)";"  877 (  773,   982)";" 1344 ( 1203,  1485)";"  2419 ( 2165,   2673)";"40%"
"2014-09-15";"-59";"  5330 (  4729,   5932)";" 111 (  97,  124)";"  27812 ( 24749,   30874)";"  570 (  494,   646)";"  6555 (  5675,   7435)";"  4420 ( 3879,   4961)";"  862 (  760,   965)";" 1321 ( 1183,  1458)";"  2377 ( 2129,   2625)";"40%"
"2014-09-14";"-60";"  5220 (  4627,   5812)";" 109 (  96,  122)";"  27242 ( 24222,   30261)";"  560 (  486,   633)";"  6438 (  5587,   7290)";"  4343 ( 3815,   4870)";"  848 (  746,   949)";" 1298 ( 1163,  1432)";"  2336 ( 2094,   2578)";"40%"
"2014-09-13";"-61";"  5111 (  4527,   5695)";" 107 (  94,  120)";"  26682 ( 23705,   29659)";"  550 (  479,   621)";"  6324 (  5499,   7149)";"  4267 ( 3752,   4783)";"  833 (  733,   933)";" 1275 ( 1144,  1406)";"  2295 ( 2059,   2532)";"40%"
"2014-09-12";"-62";"  5003 (  4428,   5579)";" 105 (  93,  118)";"  26132 ( 23197,   29067)";"  540 (  471,   609)";"  6212 (  5413,   7012)";"  4194 ( 3689,   4698)";"  819 (  720,   918)";" 1253 ( 1125,  1382)";"  2256 ( 2024,   2487)";"40%"
"2014-09-11";"-63";"  4898 (  4332,   5464)";" 103 (  91,  116)";"  25592 ( 22698,   28486)";"  531 (  464,   598)";"  6103 (  5327,   6879)";"  4121 ( 3627,   4615)";"  805 (  708,   903)";" 1232 ( 1106,  1357)";"  2217 ( 1990,   2443)";"40%"
"2014-09-10";"-64";"  4795 (  4237,   5352)";" 102 (  90,  114)";"  25061 ( 22209,   27914)";"  521 (  456,   586)";"  5995 (  5242,   6749)";"  4050 ( 3566,   4535)";"  792 (  695,   888)";" 1210 ( 1087,  1334)";"  2179 ( 1956,   2401)";"40%"
"2014-09-09";"-65";"  4693 (  4145,   5242)";" 100 (  88,  112)";"  24540 ( 21728,   27353)";"  512 (  449,   576)";"  5890 (  5157,   6624)";"  3981 ( 3505,   4457)";"  778 (  682,   874)";" 1190 ( 1068,  1311)";"  2142 ( 1923,   2360)";"40%"
"2014-09-08";"-66";"  4593 (  4054,   5133)";"  98 (  86,  110)";"  24028 ( 21256,   26800)";"  503 (  441,   565)";"  5787 (  5073,   6501)";"  3913 ( 3444,   4381)";"  765 (  670,   860)";" 1169 ( 1050,  1289)";"  2105 ( 1890,   2320)";"40%"
"2014-09-07";"-67";"  4495 (  3964,   5026)";"  97 (  85,  108)";"  23525 ( 20793,   26257)";"  494 (  434,   555)";"  5686 (  4990,   6383)";"  3846 ( 3385,   4307)";"  752 (  658,   847)";" 1150 ( 1032,  1267)";"  2069 ( 1857,   2281)";"40%"
"2014-09-06";"-68";"  4398 (  3877,   4920)";"  95 (  83,  106)";"  23030 ( 20338,   25723)";"  486 (  427,   545)";"  5587 (  4908,   6267)";"  3780 ( 3326,   4235)";"  740 (  646,   834)";" 1130 ( 1014,  1246)";"  2034 ( 1825,   2243)";"40%"
"2014-09-05";"-69";"  4304 (  3791,   4816)";"  93 (  82,  105)";"  22544 ( 19892,   25197)";"  477 (  420,   535)";"  5491 (  4826,   6155)";"  3716 ( 3267,   4165)";"  727 (  634,   821)";" 1111 (  996,  1225)";"  2000 ( 1793,   2206)";"40%"
"2014-09-04";"-70";"  4210 (  3707,   4714)";"  92 (  81,  103)";"  22067 ( 19454,   24680)";"  469 (  413,   526)";"  5396 (  4745,   6046)";"  3653 ( 3210,   4097)";"  715 (  622,   808)";" 1092 (  979,  1205)";"  1966 ( 1762,   2170)";"40%"
"2014-09-03";"-71";"  4119 (  3624,   4613)";"  90 (  79,  101)";"  21598 ( 19025,   24171)";"  461 (  406,   517)";"  5303 (  4665,   5940)";"  3592 ( 3153,   4030)";"  703 (  611,   796)";" 1074 (  962,  1186)";"  1933 ( 1731,   2134)";"40%"
"2014-09-02";"-72";"  4028 (  3543,   4514)";"  89 (  78,  100)";"  21137 ( 18603,   23670)";"  453 (  399,   508)";"  5211 (  4586,   5837)";"  3531 ( 3097,   3966)";"  692 (  600,   784)";" 1056 (  945,  1167)";"  1900 ( 1700,   2100)";"40%"
"2014-09-01";"-73";"  3940 (  3463,   4417)";"  87 (  76,   98)";"  20683 ( 18190,   23177)";"  445 (  392,   499)";"  5122 (  4507,   5737)";"  3472 ( 3041,   3903)";"  680 (  588,   772)";" 1038 (  928,  1148)";"  1868 ( 1670,   2067)";"40%"
"2014-08-31";"-74";"  3853 (  3385,   4320)";"  86 (  75,   96)";"  20238 ( 17784,   22692)";"  438 (  385,   490)";"  5034 (  4429,   5639)";"  3414 ( 2986,   3841)";"  669 (  577,   760)";" 1021 (  911,  1130)";"  1837 ( 1640,   2034)";"40%"
"2014-08-30";"-75";"  3767 (  3308,   4225)";"  84 (  74,   95)";"  19800 ( 17386,   22215)";"  430 (  378,   482)";"  4948 (  4352,   5544)";"  3357 ( 2932,   3782)";"  658 (  567,   749)";" 1004 (  895,  1112)";"  1807 ( 1611,   2002)";"40%"
"2014-08-29";"-76";"  3683 (  3233,   4132)";"  83 (  72,   94)";"  19370 ( 16995,   21744)";"  423 (  372,   474)";"  4864 (  4276,   5452)";"  3301 ( 2879,   3723)";"  647 (  556,   738)";"  987 (  879,  1095)";"  1777 ( 1582,   1971)";"40%"
"2014-08-28";"-77";"  3600 (  3159,   4040)";"  82 (  71,   92)";"  18947 ( 16612,   21281)";"  416 (  365,   467)";"  4782 (  4201,   5362)";"  3246 ( 2826,   3666)";"  636 (  546,   727)";"  971 (  863,  1078)";"  1747 ( 1554,   1941)";"40%"
"2014-08-27";"-78";"  3518 (  3087,   3949)";"  80 (  70,   91)";"  18531 ( 16236,   20825)";"  409 (  359,   459)";"  4701 (  4127,   5275)";"  3193 ( 2774,   3611)";"  626 (  535,   716)";"  955 (  848,  1062)";"  1718 ( 1526,   1911)";"40%"
"2014-08-26";"-79";"  3438 (  3016,   3860)";"  79 (  68,   89)";"  18122 ( 15868,   20376)";"  402 (  352,   452)";"  4622 (  4054,   5190)";"  3140 ( 2723,   3556)";"  615 (  525,   706)";"  939 (  832,  1045)";"  1690 ( 1498,   1882)";"40%"
"2014-08-25";"-80";"  3359 (  2947,   3772)";"  78 (  67,   88)";"  17720 ( 15506,   19934)";"  395 (  346,   444)";"  4544 (  3981,   5107)";"  3088 ( 2673,   3504)";"  605 (  515,   696)";"  923 (  817,  1030)";"  1662 ( 1471,   1853)";"40%"
"2014-08-24";"-81";"  3282 (  2878,   3685)";"  76 (  66,   87)";"  17325 ( 15151,   19498)";"  389 (  340,   437)";"  4468 (  3910,   5026)";"  3038 ( 2624,   3452)";"  595 (  505,   685)";"  908 (  802,  1014)";"  1635 ( 1444,   1826)";"40%"
"2014-08-23";"-82";"  3205 (  2811,   3600)";"  75 (  65,   85)";"  16936 ( 14803,   19069)";"  382 (  334,   431)";"  4393 (  3839,   4947)";"  2988 ( 2575,   3401)";"  585 (  496,   675)";"  893 (  788,   999)";"  1608 ( 1418,   1798)";"40%"
"2014-08-22";"-83";"  3130 (  2746,   3515)";"  74 (  63,   84)";"  16554 ( 14461,   18646)";"  376 (  328,   424)";"  4320 (  3770,   4870)";"  2939 ( 2527,   3352)";"  576 (  486,   665)";"  879 (  773,   984)";"  1582 ( 1392,   1772)";"40%"
"2014-08-21";"-84";"  3057 (  2681,   3432)";"  73 (  62,   83)";"  16178 ( 14127,   18230)";"  370 (  322,   417)";"  4248 (  3701,   4796)";"  2892 ( 2480,   3303)";"  566 (  477,   656)";"  864 (  759,   970)";"  1556 ( 1366,   1746)";"40%"
"2014-08-20";"-85";"  2984 (  2618,   3350)";"  71 (  61,   82)";"  15809 ( 13798,   17819)";"  363 (  316,   411)";"  4178 (  3633,   4722)";"  2845 ( 2434,   3256)";"  557 (  467,   646)";"  850 (  745,   956)";"  1531 ( 1341,   1720)";"40%"
"2014-08-19";"-86";"  2913 (  2556,   3269)";"  70 (  60,   81)";"  15445 ( 13475,   17415)";"  357 (  310,   405)";"  4109 (  3567,   4651)";"  2799 ( 2388,   3209)";"  547 (  458,   636)";"  837 (  731,   942)";"  1506 ( 1317,   1695)";"40%"
"2014-08-18";"-87";"  2842 (  2495,   3190)";"  69 (  59,   80)";"  15088 ( 13159,   17016)";"  352 (  304,   399)";"  4041 (  3501,   4581)";"  2754 ( 2343,   3164)";"  538 (  449,   627)";"  823 (  718,   928)";"  1481 ( 1292,   1670)";"40%"
"2014-08-17";"-88";"  2773 (  2435,   3111)";"  68 (  58,   78)";"  14736 ( 12849,   16623)";"  346 (  299,   393)";"  3975 (  3437,   4514)";"  2709 ( 2299,   3120)";"  529 (  441,   617)";"  810 (  705,   914)";"  1457 ( 1268,   1646)";"40%"
"2014-08-16";"-89";"  2705 (  2376,   3034)";"  67 (  57,   77)";"  14390 ( 12544,   16236)";"  340 (  293,   387)";"  3910 (  3373,   4447)";"  2666 ( 2256,   3076)";"  520 (  432,   608)";"  796 (  692,   901)";"  1434 ( 1245,   1622)";"40%"
"2014-08-15";"-90";"  2638 (  2319,   2958)";"  66 (  56,   76)";"  14050 ( 12246,   15855)";"  335 (  288,   382)";"  3846 (  3311,   4382)";"  2623 ( 2213,   3033)";"  511 (  423,   599)";"  784 (  679,   888)";"  1410 ( 1222,   1599)";"40%"
"2014-08-14";"-91";"  2572 (  2262,   2883)";"  65 (  54,   75)";"  13715 ( 11953,   15478)";"  329 (  282,   376)";"  3784 (  3249,   4319)";"  2581 ( 2171,   2991)";"  502 (  415,   589)";"  771 (  666,   876)";"  1388 ( 1199,   1576)";"40%"
"2014-08-13";"-92";"  2507 (  2206,   2808)";"  64 (  53,   74)";"  13386 ( 11665,   15107)";"  324 (  277,   371)";"  3723 (  3189,   4257)";"  2540 ( 2130,   2950)";"  493 (  407,   580)";"  758 (  654,   863)";"  1365 ( 1177,   1554)";"40%"
"2014-08-12";"-93";"  2444 (  2152,   2735)";"  63 (  52,   73)";"  13062 ( 11383,   14742)";"  319 (  272,   366)";"  3663 (  3129,   4197)";"  2500 ( 2090,   2909)";"  484 (  398,   571)";"  746 (  641,   851)";"  1343 ( 1154,   1531)";"40%"
"2014-08-11";"-94";"  2381 (  2098,   2663)";"  62 (  51,   72)";"  12744 ( 11106,   14381)";"  314 (  267,   360)";"  3604 (  3071,   4138)";"  2460 ( 2050,   2870)";"  476 (  390,   561)";"  734 (  629,   839)";"  1321 ( 1133,   1509)";"40%"
"2014-08-10";"-95";"  2319 (  2046,   2592)";"  61 (  50,   71)";"  12430 ( 10834,   14026)";"  309 (  262,   355)";"  3547 (  3014,   4080)";"  2421 ( 2011,   2830)";"  467 (  382,   552)";"  722 (  617,   827)";"  1300 ( 1111,   1488)";"40%"
"2014-08-09";"-96";"  2258 (  1994,   2523)";"  60 (  49,   70)";"  12121 ( 10567,   13676)";"  304 (  257,   351)";"  3491 (  2957,   4024)";"  2382 ( 1973,   2792)";"  458 (  374,   542)";"  710 (  606,   815)";"  1278 ( 1090,   1466)";"40%"
"2014-08-08";"-97";"  2198 (  1943,   2454)";"  59 (  49,   69)";"  11817 ( 10305,   13330)";"  299 (  252,   346)";"  3436 (  2902,   3970)";"  2345 ( 1935,   2754)";"  449 (  366,   533)";"  698 (  594,   803)";"  1257 ( 1069,   1445)";"40%"
"2014-08-07";"-98";"  2140 (  1893,   2386)";"  58 (  48,   68)";"  11518 ( 10048,   12989)";"  294 (  247,   341)";"  3382 (  2848,   3916)";"  2307 ( 1898,   2716)";"  441 (  359,   523)";"  687 (  583,   791)";"  1237 ( 1049,   1424)";"40%"
"2014-08-06";"-99";"  2082 (  1844,   2319)";"  57 (  47,   67)";"  11224 (  9795,   12653)";"  290 (  243,   337)";"  3330 (  2795,   3865)";"  2270 ( 1862,   2679)";"  432 (  351,   513)";"  676 (  571,   780)";"  1216 ( 1029,   1403)";"40%"
"2014-08-05";"-100";"  2025 (  1796,   2253)";"  56 (  46,   66)";"  10934 (  9547,   12321)";"  285 (  238,   332)";"  3279 (  2743,   3814)";"  2234 ( 1826,   2642)";"  423 (  343,   502)";"  664 (  560,   768)";"  1196 ( 1009,   1382)";"40%"
"2014-08-04";"-101";"  1968 (  1748,   2188)";"  55 (  45,   65)";"  10649 (  9303,   11994)";"  281 (  234,   328)";"  3229 (  2692,   3766)";"  2198 ( 1791,   2605)";"  414 (  336,   492)";"  653 (  549,   756)";"  1175 (  989,   1362)";"40%"
"2014-08-03";"-102";"  1913 (  1702,   2125)";"  54 (  44,   65)";"  10368 (  9064,   11672)";"  277 (  230,   324)";"  3181 (  2642,   3719)";"  2162 ( 1756,   2568)";"  405 (  328,   481)";"  642 (  538,   745)";"  1155 (  969,   1341)";"40%"
"2014-08-02";"-103";"  1859 (  1656,   2062)";"  53 (  43,   64)";"  10091 (  8828,   11353)";"  273 (  225,   320)";"  3134 (  2594,   3674)";"  2126 ( 1722,   2531)";"  395 (  320,   470)";"  630 (  528,   733)";"  1135 (  950,   1320)";"40%"
"2014-08-01";"-104";"  1806 (  1611,   2001)";"  52 (  42,   63)";"   9818 (  8597,   11039)";"  269 (  221,   317)";"  3089 (  2546,   3631)";"  2090 ( 1688,   2493)";"  386 (  313,   459)";"  619 (  517,   721)";"  1114 (  930,   1299)";"40%"
"2014-07-31";"-105";"  1753 (  1566,   1940)";"  52 (  41,   62)";"   9549 (  8369,   10729)";"  265 (  217,   313)";"  3045 (  2500,   3590)";"  2055 ( 1654,   2455)";"  376 (  305,   448)";"  608 (  506,   709)";"  1094 (  911,   1277)";"40%"
"2014-07-30";"-106";"  1702 (  1522,   1881)";"  51 (  41,   61)";"   9284 (  8145,   10422)";"  262 (  213,   310)";"  3004 (  2456,   3552)";"  2019 ( 1621,   2416)";"  367 (  298,   436)";"  596 (  495,   697)";"  1073 (  892,   1255)";"40%"
"2014-07-29";"-107";"  1651 (  1479,   1823)";"  50 (  40,   60)";"   9022 (  7924,   10120)";"  258 (  210,   307)";"  2964 (  2412,   3517)";"  1982 ( 1587,   2376)";"  357 (  290,   423)";"  585 (  485,   685)";"  1052 (  872,   1232)";"40%"
"2014-07-28";"-108";"  1601 (  1436,   1766)";"  49 (  39,   59)";"   8763 (  7706,    9820)";"  255 (  206,   304)";"  2928 (  2370,   3485)";"  1944 ( 1554,   2334)";"  347 (  282,   411)";"  573 (  474,   672)";"  1031 (  853,   1209)";"40%"
"2014-07-27";"-109";"  1553 (  1394,   1711)";"  48 (  38,   57)";"   8508 (  7492,    9525)";"  252 (  203,   302)";"  2894 (  2330,   3457)";"  1906 ( 1521,   2290)";"  336 (  275,   398)";"  560 (  463,   658)";"  1009 (  834,   1184)";"40%"
"2014-07-26";"-110";"  1505 (  1353,   1657)";"  47 (  37,   56)";"   8256 (  7279,    9232)";"  250 (  199,   300)";"  2863 (  2292,   3434)";"  1865 ( 1487,   2243)";"  326 (  267,   384)";"  548 (  452,   643)";"   986 (  814,   1158)";"40%"
"2014-07-25";"-111";"  1458 (  1312,   1604)";"  46 (  36,   55)";"   8006 (  7069,    8942)";"  248 (  196,   299)";"  2837 (  2256,   3417)";"  1823 ( 1453,   2193)";"  315 (  259,   371)";"  534 (  441,   628)";"   962 (  794,   1130)";"40%"
"2014-07-24";"-112";"  1412 (  1272,   1553)";"  44 (  35,   53)";"   7758 (  6861,    8655)";"  246 (  194,   299)";"  2815 (  2223,   3406)";"  1777 ( 1418,   2137)";"  304 (  252,   357)";"  520 (  430,   611)";"   937 (  773,   1100)";"40%"
"2014-07-23";"-113";"  1368 (  1232,   1504)";"  43 (  34,   52)";"   7512 (  6654,    8369)";"  245 (  191,   299)";"  2798 (  2192,   3404)";"  1729 ( 1381,   2076)";"  294 (  244,   343)";"  506 (  418,   593)";"   910 (  752,   1068)";"40%"
"2014-07-22";"-114";"  1325 (  1194,   1456)";"  42 (  34,   50)";"   7267 (  6447,    8086)";"  244 (  189,   300)";"  2789 (  2165,   3412)";"  1675 ( 1343,   2007)";"  283 (  237,   329)";"  490 (  406,   573)";"   881 (  730,   1032)";"40%"
"2014-07-21";"-115";"  1283 (  1156,   1411)";"  40 (  32,   48)";"   7022 (  6241,    7804)";"  240 (  185,   294)";"  2787 (  2142,   3432)";"  1616 ( 1303,   1929)";"  272 (  229,   316)";"  472 (  393,   551)";"   850 (  708,    992)";"40%"
"2014-07-20";"-116";"  1243 (  1119,   1367)";"  39 (  31,   46)";"   6782 (  6036,    7529)";"  230 (  179,   282)";"  2678 (  2074,   3283)";"  1555 ( 1262,   1847)";"  262 (  222,   303)";"  454 (  380,   528)";"   818 (  685,    951)";"40%"
"2014-07-19";"-117";"  1205 (  1084,   1326)";"  37 (  30,   44)";"   6552 (  5837,    7267)";"  221 (  173,   269)";"  2574 (  2008,   3140)";"  1496 ( 1222,   1769)";"  253 (  215,   291)";"  437 (  368,   506)";"   787 (  663,    911)";"40%"
"2014-07-18";"-118";"  1167 (  1049,   1286)";"  36 (  29,   42)";"   6331 (  5643,    7018)";"  213 (  168,   258)";"  2474 (  1945,   3004)";"  1439 ( 1184,   1695)";"  244 (  208,   279)";"  421 (  356,   485)";"   757 (  641,    873)";"40%"
"2014-07-17";"-119";"  1132 (  1016,   1248)";"  34 (  29,   40)";"   6118 (  5455,    6781)";"  205 (  163,   247)";"  2379 (  1883,   2875)";"  1386 ( 1147,   1624)";"  235 (  201,   268)";"  405 (  345,   465)";"   729 (  621,    838)";"40%"
"2014-07-16";"-120";"  1097 (   983,   1211)";"  33 (  28,   39)";"   5913 (  5271,    6555)";"  197 (  157,   236)";"  2288 (  1823,   2752)";"  1334 ( 1111,   1557)";"  226 (  195,   257)";"  390 (  334,   446)";"   702 (  601,    804)";"40%"
"2014-07-15";"-121";"  1064 (   952,   1176)";"  32 (  27,   37)";"   5716 (  5093,    6340)";"  189 (  152,   226)";"  2200 (  1766,   2634)";"  1284 ( 1076,   1493)";"  218 (  189,   247)";"  376 (  323,   428)";"   676 (  581,    771)";"40%"
"2014-07-14";"-122";"  1032 (   922,   1143)";"  31 (  26,   36)";"   5527 (  4921,    6134)";"  182 (  148,   217)";"  2116 (  1710,   2522)";"  1237 ( 1042,   1432)";"  210 (  183,   238)";"  362 (  313,   411)";"   651 (  563,    740)";"40%"
"2014-07-13";"-123";"  1001 (   892,   1111)";"  30 (  25,   34)";"   5345 (  4753,    5937)";"  175 (  143,   207)";"  2036 (  1656,   2416)";"  1191 ( 1009,   1374)";"  203 (  177,   229)";"  349 (  302,   395)";"   627 (  544,    710)";"40%"
"2014-07-12";"-124";"   972 (   864,   1080)";"  29 (  24,   33)";"   5170 (  4590,    5750)";"  169 (  138,   199)";"  1959 (  1604,   2314)";"  1148 (  977,   1319)";"  196 (  171,   220)";"  336 (  293,   379)";"   604 (  527,    682)";"40%"
"2014-07-11";"-125";"   943 (   837,   1050)";"  27 (  24,   31)";"   5001 (  4432,    5570)";"  162 (  134,   190)";"  1885 (  1554,   2217)";"  1106 (  946,   1266)";"  189 (  165,   212)";"  324 (  283,   364)";"   583 (  510,    655)";"40%"
"2014-07-10";"-126";"   916 (   810,   1021)";"  26 (  23,   30)";"   4839 (  4280,    5398)";"  156 (  130,   183)";"  1815 (  1505,   2125)";"  1066 (  916,   1216)";"  182 (  160,   204)";"  312 (  274,   350)";"   562 (  493,    630)";"40%"
"2014-07-09";"-127";"   889 (   785,    994)";"  26 (  22,   29)";"   4683 (  4132,    5234)";"  150 (  126,   175)";"  1747 (  1457,   2037)";"  1027 (  887,   1168)";"  176 (  155,   197)";"  301 (  265,   336)";"   541 (  477,    605)";"40%"
"2014-07-08";"-128";"   864 (   760,    967)";"  25 (  21,   28)";"   4532 (  3989,    5076)";"  145 (  122,   168)";"  1682 (  1411,   1954)";"   990 (  858,   1123)";"  170 (  150,   190)";"  290 (  257,   323)";"   522 (  462,    582)";"40%"
"2014-07-07";"-129";"   839 (   737,    942)";"  24 (  21,   27)";"   4388 (  3851,    4924)";"  140 (  118,   161)";"  1620 (  1367,   1874)";"   955 (  830,   1079)";"  164 (  145,   183)";"  280 (  248,   311)";"   503 (  447,    560)";"40%"
"2014-07-06";"-130";"   815 (   714,    917)";"  23 (  20,   26)";"   4248 (  3718,    4778)";"  134 (  114,   155)";"  1561 (  1324,   1798)";"   921 (  804,   1038)";"  158 (  140,   177)";"  270 (  240,   299)";"   486 (  432,    539)";"40%"
"2014-07-05";"-131";"   793 (   692,    893)";"  22 (  19,   25)";"   4114 (  3589,    4638)";"  129 (  111,   148)";"  1504 (  1282,   1726)";"   888 (  777,    999)";"  153 (  135,   171)";"  260 (  232,   288)";"   468 (  418,    519)";"40%"
"2014-07-04";"-132";"   770 (   671,    870)";"  21 (  19,   24)";"   3984 (  3465,    4503)";"  125 (  107,   142)";"  1449 (  1241,   1657)";"   857 (  752,    962)";"  147 (  130,   165)";"  251 (  224,   278)";"   452 (  404,    500)";"40%"
"2014-07-03";"-133";"   749 (   651,    848)";"  21 (  18,   23)";"   3859 (  3345,    4373)";"  120 (  104,   137)";"  1396 (  1201,   1591)";"   827 (  727,    927)";"  142 (  126,   159)";"  242 (  217,   268)";"   436 (  391,    482)";"40%"
"2014-07-02";"-134";"   729 (   631,    826)";"  20 (  17,   22)";"   3739 (  3230,    4248)";"  116 (  100,   132)";"  1346 (  1163,   1529)";"   798 (  703,    893)";"  138 (  121,   154)";"  234 (  210,   258)";"   421 (  378,    464)";"40%"
"2014-07-01";"-135";"   709 (   612,    805)";"  19 (  17,   21)";"   3623 (  3119,    4128)";"  112 (   97,   126)";"  1298 (  1126,   1470)";"   770 (  679,    861)";"  133 (  117,   149)";"  226 (  203,   249)";"   406 (  365,    448)";"40%"
"2014-06-30";"-136";"   690 (   594,    785)";"  19 (  16,   21)";"   3511 (  3012,    4011)";"  108 (   94,   122)";"  1251 (  1089,   1413)";"   744 (  656,    831)";"  129 (  113,   144)";"  218 (  196,   240)";"   392 (  353,    432)";"40%"
"2014-06-29";"-137";"   671 (   577,    765)";"  18 (  16,   20)";"   3404 (  2909,    3899)";"  104 (   91,   117)";"  1207 (  1054,   1360)";"   718 (  634,    802)";"  124 (  109,   140)";"  211 (  189,   232)";"   379 (  341,    418)";"40%"
"2014-06-28";"-138";"   653 (   560,    746)";"  17 (  15,   19)";"   3300 (  2809,    3790)";"  100 (   88,   113)";"  1164 (  1020,   1309)";"   693 (  612,    775)";"  120 (  105,   135)";"  203 (  183,   224)";"   366 (  329,    403)";"40%"
"2014-06-27";"-139";"   636 (   544,    728)";"  17 (  15,   19)";"   3199 (  2714,    3685)";"   97 (   85,   109)";"  1123 (   986,   1260)";"   670 (  591,    749)";"  116 (  101,   131)";"  197 (  176,   217)";"   354 (  318,    390)";"40%"
"2014-06-26";"-140";"   619 (   528,    710)";"  16 (  14,   18)";"   3102 (  2622,    3583)";"   93 (   82,   105)";"  1084 (   953,   1214)";"   647 (  571,    724)";"  112 (   98,   127)";"  190 (  170,   209)";"   342 (  307,    377)";"40%"
"2014-06-25";"-141";"   603 (   514,    693)";"  16 (  14,   17)";"   3009 (  2533,    3485)";"   90 (   79,   101)";"  1046 (   922,   1170)";"   625 (  551,    700)";"  109 (   94,   124)";"  184 (  164,   203)";"   330 (  296,    365)";"40%"
"2014-06-24";"-142";"   588 (   499,    676)";"  15 (  13,   17)";"   2919 (  2448,    3390)";"   87 (   77,    97)";"  1010 (   891,   1129)";"   604 (  531,    677)";"  105 (   91,   120)";"  177 (  159,   196)";"   319 (  286,    353)";"40%"
"2014-06-23";"-143";"   573 (   485,    660)";"  15 (  13,   16)";"   2832 (  2366,    3297)";"   84 (   74,    94)";"   975 (   860,   1089)";"   584 (  512,    656)";"  102 (   87,   116)";"  171 (  153,   190)";"   309 (  276,    342)";"40%"
"2014-06-22";"-144";"   558 (   472,    644)";"  14 (  12,   16)";"   2748 (  2288,    3208)";"   81 (   72,    91)";"   941 (   831,   1052)";"   565 (  494,    635)";"   99 (   84,   113)";"  166 (  148,   184)";"   298 (  266,    331)";"40%"
"2014-06-21";"-145";"   544 (   459,    629)";"  14 (  12,   15)";"   2667 (  2212,    3122)";"   78 (   69,    88)";"   909 (   803,   1016)";"   546 (  476,    616)";"   95 (   81,   110)";"  160 (  143,   178)";"   289 (  257,    321)";"40%"
"2014-06-20";"-146";"   530 (   447,    614)";"  13 (  11,   15)";"   2588 (  2139,    3038)";"   76 (   67,    85)";"   878 (   775,    982)";"   528 (  459,    597)";"   92 (   78,   107)";"  155 (  138,   173)";"   279 (  248,    311)";"40%"
"2014-06-19";"-147";"   517 (   435,    599)";"  13 (  11,   14)";"   2513 (  2069,    2956)";"   73 (   64,    82)";"   848 (   748,    949)";"   511 (  443,    579)";"   89 (   75,   104)";"  150 (  133,   167)";"   270 (  239,    301)";"40%"
"2014-06-18";"-148";"   505 (   424,    585)";"  12 (  11,   14)";"   2439 (  2002,    2877)";"   71 (   62,    79)";"   820 (   722,    918)";"   494 (  427,    562)";"   87 (   73,   101)";"  145 (  128,   162)";"   261 (  230,    292)";"40%"
"2014-06-17";"-149";"   492 (   413,    572)";"  12 (  10,   14)";"   2369 (  1937,    2801)";"   68 (   60,    77)";"   792 (   696,    889)";"   478 (  411,    545)";"   84 (   70,    98)";"  141 (  123,   158)";"   253 (  222,    284)";"40%"
"2014-06-16";"-150";"   480 (   402,    559)";"  12 (  10,   13)";"   2300 (  1874,    2726)";"   66 (   58,    74)";"   766 (   671,    861)";"   463 (  396,    529)";"   81 (   67,    95)";"  136 (  119,   153)";"   245 (  214,    275)";"40%"
"2014-06-15";"-151";"   469 (   392,    546)";"  11 (   9,   13)";"   2234 (  1814,    2654)";"   64 (   56,    72)";"   741 (   647,    834)";"   448 (  382,    514)";"   79 (   65,    93)";"  132 (  115,   149)";"   237 (  207,    267)";"40%"
"2014-06-14";"-152";"   458 (   382,    533)";"  11 (   9,   12)";"   2170 (  1757,    2584)";"   62 (   54,    70)";"   716 (   624,    808)";"   434 (  368,    499)";"   76 (   63,    90)";"  128 (  111,   144)";"   230 (  199,    260)";"40%"
"2014-06-13";"-153";"   447 (   373,    521)";"  10 (   9,   12)";"   2109 (  1701,    2516)";"   60 (   52,    68)";"   693 (   602,    783)";"   420 (  355,    485)";"   74 (   60,    88)";"  123 (  107,   140)";"   222 (  192,    252)";"40%"
"2014-06-12";"-154";"   436 (   363,    509)";"  10 (   8,   12)";"   2049 (  1648,    2450)";"   58 (   50,    66)";"   670 (   580,    760)";"   407 (  342,    472)";"   72 (   58,    85)";"  120 (  103,   136)";"   215 (  185,    245)";"40%"
"2014-06-11";"-155";"   426 (   355,    498)";"  10 (   8,   11)";"   1991 (  1596,    2386)";"   56 (   48,    64)";"   648 (   559,    737)";"   394 (  329,    458)";"   70 (   56,    83)";"  116 (   99,   132)";"   209 (  179,    238)";"40%"
"2014-06-10";"-156";"   416 (   346,    487)";"  10 (   8,   11)";"   1935 (  1547,    2323)";"   54 (   46,    62)";"   627 (   539,    716)";"   382 (  317,    446)";"   67 (   54,    81)";"  112 (   96,   129)";"   202 (  173,    232)";"40%"
"2014-06-09";"-157";"   407 (   338,    476)";"   9 (   8,   11)";"   1881 (  1499,    2263)";"   52 (   45,    60)";"   607 (   519,    695)";"   370 (  306,    434)";"   65 (   52,    79)";"  109 (   92,   125)";"   196 (  166,    225)";"40%"
"2014-06-08";"-158";"   398 (   330,    465)";"   9 (   7,   11)";"   1829 (  1454,    2204)";"   51 (   43,    58)";"   587 (   500,    675)";"   358 (  295,    422)";"   64 (   50,    77)";"  105 (   89,   122)";"   190 (  161,    219)";"40%"
"2014-06-07";"-159";"   389 (   322,    455)";"   9 (   7,   10)";"   1778 (  1410,    2146)";"   49 (   42,    57)";"   569 (   482,    655)";"   347 (  284,    410)";"   62 (   48,    75)";"  102 (   86,   118)";"   184 (  155,    213)";"40%"
"2014-06-06";"-160";"   380 (   315,    445)";"   8 (   7,   10)";"   1729 (  1367,    2091)";"   48 (   40,    55)";"   551 (   465,    637)";"   337 (  274,    399)";"   60 (   47,    73)";"   99 (   83,   115)";"   178 (  149,    207)";"40%"
"2014-06-05";"-161";"   372 (   308,    435)";"   8 (   7,   10)";"   1681 (  1326,    2036)";"   46 (   39,    54)";"   533 (   448,    619)";"   326 (  264,    389)";"   58 (   45,    71)";"   96 (   80,   112)";"   173 (  144,    202)";"40%"
"2014-06-04";"-162";"   364 (   301,    426)";"   8 (   6,    9)";"   1635 (  1287,    1984)";"   45 (   37,    52)";"   517 (   431,    602)";"   316 (  254,    378)";"   56 (   43,    69)";"   93 (   77,   109)";"   168 (  139,    196)";"40%"
"2014-06-03";"-163";"   356 (   294,    417)";"   8 (   6,    9)";"   1591 (  1249,    1932)";"   43 (   36,    51)";"   500 (   416,    585)";"   307 (  245,    368)";"   55 (   42,    67)";"   90 (   75,   106)";"   163 (  134,    191)";"40%"
"2014-06-02";"-164";"   348 (   288,    408)";"   7 (   6,    9)";"   1548 (  1213,    1882)";"   42 (   34,    49)";"   485 (   401,    569)";"   298 (  236,    359)";"   53 (   40,    66)";"   88 (   72,   103)";"   158 (  130,    186)";"40%"
"2014-06-01";"-165";"   341 (   282,    399)";"   7 (   6,    9)";"   1506 (  1178,    1834)";"   41 (   33,    48)";"   470 (   386,    554)";"   289 (  228,    350)";"   52 (   39,    64)";"   85 (   70,   101)";"   153 (  125,    181)";"40%"
"2014-05-31";"-166";"   333 (   276,    391)";"   7 (   5,    9)";"   1465 (  1144,    1786)";"   39 (   32,    47)";"   455 (   372,    539)";"   280 (  220,    341)";"   50 (   38,    63)";"   83 (   67,    98)";"   149 (  121,    176)";"40%"
"2014-05-30";"-167";"   326 (   270,    383)";"   7 (   5,    8)";"   1426 (  1111,    1740)";"   38 (   31,    45)";"   442 (   359,    524)";"   272 (  212,    332)";"   49 (   36,    61)";"   80 (   65,    95)";"   144 (  117,    172)";"40%"
"2014-05-29";"-168";"   320 (   264,    375)";"   7 (   5,    8)";"   1388 (  1080,    1695)";"   37 (   30,    44)";"   428 (   346,    510)";"   264 (  204,    323)";"   47 (   35,    59)";"   78 (   63,    93)";"   140 (  113,    167)";"40%"
"2014-05-28";"-169";"   313 (   259,    367)";"   6 (   5,    8)";"   1351 (  1050,    1652)";"   36 (   29,    43)";"   415 (   333,    497)";"   256 (  197,    315)";"   46 (   34,    58)";"   76 (   60,    91)";"   136 (  109,    163)";"40%"
"2014-05-27";"-170";"   307 (   254,    360)";"   6 (   5,    8)";"   1315 (  1020,    1609)";"   35 (   28,    42)";"   403 (   321,    484)";"   249 (  190,    307)";"   45 (   33,    57)";"   73 (   58,    88)";"   132 (  105,    159)";"40%"
"2014-05-26";"-171";"   300 (   249,    352)";"   6 (   5,    7)";"   1280 (   992,    1568)";"   34 (   27,    41)";"   390 (   310,    471)";"   241 (  184,    299)";"   43 (   32,    55)";"   71 (   56,    86)";"   128 (  102,    155)";"40%"
"2014-05-25";"-172";"   294 (   244,    345)";"   6 (   4,    7)";"   1246 (   965,    1527)";"   33 (   26,    40)";"   379 (   299,    459)";"   234 (  177,    292)";"   42 (   30,    54)";"   69 (   55,    84)";"   124 (   98,    151)";"40%"
"2014-05-24";"-173";"   289 (   239,    338)";"   6 (   4,    7)";"   1213 (   939,    1488)";"   32 (   25,    39)";"   368 (   288,    447)";"   228 (  171,    285)";"   41 (   29,    53)";"   67 (   53,    82)";"   121 (   95,    147)";"40%"
"2014-05-23";"-174";"   283 (   234,    332)";"   6 (   4,    7)";"   1182 (   914,    1450)";"   31 (   24,    38)";"   357 (   278,    436)";"   221 (  165,    278)";"   40 (   28,    51)";"   65 (   51,    80)";"   117 (   92,    143)";"40%"
"2014-05-22";"-175";"   277 (   230,    325)";"   5 (   4,    7)";"   1151 (   889,    1412)";"   30 (   23,    37)";"   346 (   268,    424)";"   215 (  159,    271)";"   39 (   27,    50)";"   63 (   49,    78)";"   114 (   89,    140)";"40%"
"2014-05-21";"-176";"   272 (   225,    319)";"   5 (   4,    7)";"   1121 (   866,    1376)";"   29 (   22,    36)";"   336 (   258,    414)";"   209 (  154,    264)";"   38 (   27,    49)";"   62 (   48,    76)";"   111 (   86,    136)";"40%"
"2014-05-20";"-177";"   267 (   221,    313)";"   5 (   4,    6)";"   1092 (   843,    1341)";"   28 (   21,    35)";"   326 (   249,    403)";"   203 (  148,    258)";"   37 (   26,    48)";"   60 (   46,    74)";"   108 (   83,    133)";"40%"
"2014-05-19";"-178";"   262 (   217,    307)";"   5 (   4,    6)";"   1064 (   821,    1306)";"   27 (   21,    34)";"   317 (   241,    393)";"   197 (  143,    251)";"   36 (   25,    47)";"   58 (   44,    72)";"   105 (   80,    130)";"40%"
"2014-05-18";"-179";"   257 (   213,    301)";"   5 (   3,    6)";"   1036 (   800,    1272)";"   27 (   20,    33)";"   308 (   232,    383)";"   192 (  138,    245)";"   35 (   24,    46)";"   57 (   43,    70)";"   102 (   77,    126)";"40%"
"2014-05-17";"-180";"   252 (   209,    296)";"   5 (   3,    6)";"   1010 (   780,    1240)";"   26 (   19,    32)";"   299 (   224,    374)";"   186 (  134,    239)";"   34 (   23,    44)";"   55 (   42,    69)";"    99 (   75,    123)";"40%"
"2014-05-16";"-181";"   247 (   205,    290)";"   5 (   3,    6)";"    984 (   760,    1208)";"   25 (   19,    32)";"   290 (   216,    364)";"   181 (  129,    234)";"   33 (   22,    43)";"   54 (   40,    67)";"    96 (   72,    120)";"40%"
"2014-05-15";"-182";"   243 (   201,    285)";"   4 (   3,    6)";"    959 (   741,    1176)";"   24 (   18,    31)";"   282 (   209,    355)";"   176 (  125,    228)";"   32 (   22,    42)";"   52 (   39,    65)";"    94 (   70,    117)";"40%"
"2014-05-14";"-183";"   238 (   197,    280)";"   4 (   3,    6)";"    934 (   723,    1146)";"   24 (   17,    30)";"   274 (   202,    347)";"   172 (  120,    223)";"   31 (   21,    41)";"   51 (   38,    64)";"    91 (   68,    115)";"40%"
"2014-05-13";"-184";"   234 (   193,    275)";"   4 (   3,    5)";"    911 (   705,    1116)";"   23 (   17,    29)";"   266 (   195,    338)";"   167 (  116,    217)";"   30 (   20,    40)";"   49 (   36,    62)";"    89 (   66,    112)";"40%"
"2014-05-12";"-185";"   230 (   190,    270)";"   4 (   3,    5)";"    888 (   688,    1088)";"   22 (   16,    29)";"   259 (   188,    330)";"   162 (  112,    212)";"   30 (   20,    40)";"   48 (   35,    61)";"    86 (   63,    109)";"40%"
"2014-05-11";"-186";"   226 (   186,    266)";"   4 (   3,    5)";"    865 (   671,    1059)";"   22 (   16,    28)";"   252 (   181,    322)";"   158 (  109,    207)";"   29 (   19,    39)";"   47 (   34,    59)";"    84 (   61,    107)";"40%"
"2014-05-10";"-187";"   222 (   183,    261)";"   4 (   3,    5)";"    843 (   655,    1032)";"   21 (   15,    27)";"   245 (   175,    314)";"   154 (  105,    202)";"   28 (   18,    38)";"   45 (   33,    58)";"    82 (   59,    104)";"40%"
"2014-05-09";"-188";"   218 (   180,    257)";"   4 (   3,    5)";"    822 (   639,    1005)";"   21 (   15,    27)";"   238 (   169,    307)";"   150 (  102,    198)";"   27 (   18,    37)";"   44 (   32,    56)";"    80 (   58,    102)";"40%"
"2014-05-08";"-189";"   214 (   176,    253)";"   4 (   2,    5)";"    802 (   624,     979)";"   20 (   14,    26)";"   231 (   164,    299)";"   146 (   98,    193)";"   27 (   17,    36)";"   43 (   31,    55)";"    77 (   56,     99)";"40%"
"2014-05-07";"-190";"   211 (   173,    249)";"   4 (   2,    5)";"    782 (   610,     954)";"   19 (   14,    25)";"   225 (   158,    292)";"   142 (   95,    189)";"   26 (   17,    35)";"   42 (   30,    54)";"    75 (   54,     97)";"40%"
"2014-05-06";"-191";"   207 (   170,    245)";"   3 (   2,    5)";"    762 (   595,     929)";"   19 (   13,    25)";"   219 (   153,    285)";"   138 (   92,    184)";"   25 (   16,    34)";"   41 (   29,    53)";"    73 (   52,     95)";"40%"
"2014-05-05";"-192";"   204 (   167,    241)";"   3 (   2,    5)";"    743 (   582,     905)";"   18 (   13,    24)";"   213 (   147,    278)";"   134 (   89,    180)";"   25 (   15,    34)";"   40 (   28,    51)";"    72 (   51,     92)";"40%"
"2014-05-04";"-193";"   200 (   164,    237)";"   3 (   2,    4)";"    725 (   568,     882)";"   18 (   12,    24)";"   207 (   143,    272)";"   131 (   86,    176)";"   24 (   15,    33)";"   39 (   27,    50)";"    70 (   49,     90)";"40%"
"2014-05-03";"-194";"   197 (   160,    234)";"   3 (   2,    4)";"    707 (   555,     859)";"   17 (   12,    23)";"   202 (   138,    266)";"   127 (   83,    172)";"   23 (   14,    32)";"   38 (   26,    49)";"    68 (   47,     88)";"40%"
"2014-05-02";"-195";"   194 (   157,    231)";"   3 (   2,    4)";"    689 (   543,     836)";"   17 (   11,    22)";"   196 (   133,    259)";"   124 (   80,    168)";"   23 (   14,    31)";"   37 (   26,    48)";"    66 (   46,     86)";"40%"
"2014-05-01";"-196";"   191 (   155,    227)";"   3 (   2,    4)";"    673 (   530,     815)";"   17 (   11,    22)";"   191 (   129,    253)";"   121 (   78,    164)";"   22 (   14,    31)";"   36 (   25,    47)";"    64 (   45,     84)";"40%"
"2014-04-30";"-197";"   188 (   152,    224)";"   3 (   2,    4)";"    656 (   518,     793)";"   16 (   11,    21)";"   186 (   124,    247)";"   118 (   75,    161)";"   22 (   13,    30)";"   35 (   24,    46)";"    63 (   43,     82)";"40%"
"2014-04-29";"-198";"   185 (   149,    221)";"   3 (   2,    4)";"    640 (   507,     773)";"   16 (   10,    21)";"   181 (   120,    242)";"   115 (   73,    157)";"   21 (   13,    29)";"   34 (   23,    45)";"    61 (   42,     81)";"40%"
