"day","R0","cases.estimated","cases.reported","cases.reported2","R0.sd","cases.estimated.sd","cases.reported.sd","cases.estimated.l95","cases.estimated.u95","cases.reported.l95","cases.reported.u95","R0.l95","R0.u95","days.to.today","date","cases.observed","new.cases.estimated","new.cases.reported"
55,1.58110518894811,24.3736607111162,12.1938736862389,148.919605340731,0.0395735629493465,7.20488676199752,0.478591542739897,10.2520826576011,38.4952387646313,11.2558342624687,13.1319131100091,1.50354100556739,1.65866937232883,-154,2014-05-15,NA,NA,NA
56,1.58110518894811,25.6705666804241,13.0421643831447,170.303150208234,0.0395735629493465,7.25068773854337,0.452877920929655,11.4592187128791,39.8819146479691,12.1545236581226,13.9298051081668,1.50354100556739,1.65866937232883,-153,2014-05-16,NA,1.29690596930794,0.848290696905819
57,1.58110518894811,27.0041493664572,13.9089931290662,193.643168868072,0.0395735629493465,7.29653014189461,0.427877323144768,12.7029502883438,41.3053484445706,13.0703535757024,14.7476326824299,1.50354100556739,1.65866937232883,-152,2014-05-17,NA,1.33358268603305,0.866828745921483
58,1.58110518894811,28.3755126431079,14.7948426990766,219.050470087482,0.0395735629493465,7.3420913911349,0.403855911261544,13.9850135164835,42.7660117697323,14.003285113004,15.5864002851492,1.50354100556739,1.65866937232883,-151,2014-05-18,NA,1.37136327665075,0.885849570010423
59,1.58110518894811,29.7857790275804,15.7001988965157,246.641442548323,0.0395735629493465,7.38709686594756,0.381047448710821,15.3070691703232,44.2644888848376,14.9533458970425,16.447051895989,1.50354100556739,1.65866937232883,-150,2014-05-19,NA,1.41026638447249,0.905356197439128
60,1.58110518894811,31.2360932569348,16.6255527606437,276.538359140166,0.0395735629493465,7.43130792954957,0.35965892623281,16.6707297150177,45.801456798852,15.9206212652274,17.33048425606,1.50354100556739,1.65866937232883,-149,2014-05-20,NA,1.45031422935438,0.925353864127944
61,1.58110518894811,32.7276252559234,17.5714023209779,308.869692946528,0.0395735629493465,7.47451265653032,0.339872653886211,18.077580449124,47.3776700627228,16.9052519193609,18.2375527225949,1.50354100556739,1.65866937232883,-148,2014-05-21,NA,1.4915319989886,0.945849560334235
62,1.58110518894811,34.2615726591506,18.5382540175575,343.770446223596,0.0395735629493465,7.51651859865961,0.32184500013109,19.5291962057778,48.9939491125235,17.9074378173006,19.1690702178144,1.50354100556739,1.65866937232883,-147,2014-05-22,NA,1.53394740322723,0.966851696579585
63,1.58110518894811,35.8391629765134,19.5266238549414,381.382492896894,0.0395735629493465,7.55714714185213,0.305702019172731,21.0271545784833,50.6511713745436,18.9274478973629,20.12579981252,1.50354100556739,1.65866937232883,-146,2014-05-23,NA,1.57759031736279,0.988369837383917
64,1.58110518894811,37.461655503506,20.5370383627691,421.854935948853,0.0395735629493465,7.59622909887117,0.291532562508261,22.5730464697185,52.3502645372934,19.9656345402529,21.1084421852853,1.50354100556739,1.65866937232883,-145,2014-05-24,NA,1.62249252699253,1.01041450782768
65,1.58110518894811,39.1303430450802,21.5700354123151,465.344480882094,0.0395735629493465,7.63360124636498,0.279380016404599,24.1684846022049,54.0922014879556,21.0224505801621,22.1176202444681,1.50354100556739,1.65866937232883,-144,2014-05-25,NA,1.66868754157429,1.03299704954599
66,1.58110518894811,40.8465535129552,22.6261649310074,512.015826666037,0.0395735629493465,7.66910359025392,0.269234434810482,25.8151104760576,55.8779965498529,22.0984654387789,23.1538644232359,1.50354100556739,1.65866937232883,-143,2014-05-26,NA,1.716210467875,1.05612951869231
67,1.58110518894811,42.6116513379432,23.7059894827647,562.042072571728,0.0395735629493465,7.70257723994767,0.261027229950811,27.5145999476458,57.7087027282406,23.1943761120611,24.2176028534683,1.50354100556739,1.65866937232883,-142,2014-05-27,NA,1.76509782498795,1.07982455175733
68,1.58110518894811,44.427038941432,24.8100848673427,615.605147808028,0.0395735629493465,7.73386265743976,0.254630483797484,29.2686681328501,59.585409750014,24.3110091190997,25.3091606155858,1.50354100556739,1.65866937232883,-141,2014-05-28,NA,1.81538760348884,1.10409538457801
69,1.58110518894811,46.2941581212191,25.9390406504698,672.896260907258,0.0395735629493465,7.76279826426752,0.249862043003893,31.0790735232547,61.5092427191834,25.4493110461822,26.4287702547574,1.50354100556739,1.65866937232883,-140,2014-05-29,NA,1.86711917978704,1.12895578312705
70,1.58110518894811,48.2144913599904,27.0934606321589,734.116369420366,0.0395735629493465,7.78921932144568,0.246496235307568,32.9476214899569,63.4813612300239,26.6103280109561,27.5765932533618,1.50354100556739,1.65866937232883,-139,2014-05-30,NA,1.92033323877134,1.15441998168913
71,1.58110518894811,50.1895631776332,28.2739633277615,799.476674341191,0.0395735629493465,7.8129570216115,0.24427869654993,34.8761674152747,65.5029589399918,27.7951770825236,28.7527495729994,1.50354100556739,1.65866937232883,-138,2014-05-31,NA,1.9750718176428,1.18050269560259
72,1.58110518894811,52.2209414525311,29.4811824168437,869.199138017432,0.0395735629493465,7.83383767949318,0.242943043154984,36.8666196007245,67.5752633043378,29.0050140522599,29.9573507814275,1.50354100556739,1.65866937232883,-137,2014-06-01,NA,2.03137827489792,1.20721908908219
73,1.58110518894811,54.3102387681932,30.7157671942804,943.517028330984,0.0395735629493465,7.85168208138951,0.242227161466863,38.9209418886698,69.6995356477167,30.2410019578053,31.1905324307554,1.50354100556739,1.65866937232883,-136,2014-06-02,NA,2.08929731566209,1.23458477743669
74,1.58110518894811,56.4591139342573,31.9783831110638,1022.67549599794,0.0395735629493465,7.86630524733335,0.241887577124423,41.041155649484,71.8770722190307,31.5042834599,32.4524827622277,1.50354100556739,1.65866937232883,-135,2014-06-03,NA,2.14887516606411,1.26261591678343
75,1.58110518894811,58.6692729979364,33.2697120022022,1106.9321611857,0.0395735629493465,7.87751515224721,0.241711555829912,43.2293432995319,74.1092026963409,32.7959573527755,33.7434666516288,1.50354100556739,1.65866937232883,-134,2014-06-04,NA,2.21015906367909,1.29132889113835
76,1.58110518894811,60.9424708291572,34.5904526415707,1196.5577492225,0.0395735629493465,7.88511263781409,0.241526962786918,45.4876500590416,76.3972915992728,34.1170597945083,35.063845488633,1.50354100556739,1.65866937232883,-133,2014-06-05,NA,2.27319783122076,1.32074063936849
77,1.58110518894811,63.2805126817798,35.9413212675304,1291.83675718433,0.0395735629493465,7.88889124709493,0.241210962628269,47.8182858374738,78.7427395260859,35.468547780779,36.4140947542818,1.50354100556739,1.65866937232883,-132,2014-06-06,NA,2.33804185262263,1.35086862595975
78,1.58110518894811,65.6852552091964,37.3230517805212,1393.06813005543,0.0395735629493465,7.8886358798114,0.240698658006451,50.2235288847661,81.1469815336268,36.8512824108285,37.7948211502138,1.50354100556739,1.65866937232883,-131,2014-06-07,NA,2.40474252741659,1.38173051299075
79,1.58110518894811,68.1586091158229,38.736396870022,1500.56603883906,0.0395735629493465,7.88412479880694,0.239992431578489,52.7057245101613,83.6114937214845,38.2660117041282,39.2067820359158,1.50354100556739,1.65866937232883,-130,2014-06-08,NA,2.47335390662647,1.41334508950084
80,1.58110518894811,70.7025395485792,40.1821278263425,1614.66060047683,0.0395735629493465,7.87512686154339,0.23917320982947,55.2672908999542,86.1377881972043,39.7133483350768,40.6509073176083,1.50354100556739,1.65866937232883,-129,2014-06-09,NA,2.54393043275635,1.44573095632055
81,1.58110518894811,73.3190680062696,41.6610352154719,1735.69869615908,0.0395735629493465,7.8614018385517,0.238413368535325,57.9107204027083,88.7274156098309,41.1937450131426,42.1283254178011,1.50354100556739,1.65866937232883,-128,2014-06-10,NA,2.61652845769035,1.47890738912933
82,1.58110518894811,76.0102740864629,43.1739294443373,1864.04482322315,0.0395735629493465,7.84270030835857,0.237990669021003,60.6385814820801,91.3819666908457,42.7074677330561,43.6403911556184,1.50354100556739,1.65866937232883,-127,2014-06-11,NA,2.6912060801933,1.51289422886541
83,1.58110518894811,78.7782971186067,44.7216412472564,2000.08198305285,0.0395735629493465,7.81876322776339,0.238300659969095,63.4535211921904,94.1030730450229,44.254571953717,45.1887105407958,1.50354100556739,1.65866937232883,-126,2014-06-12,NA,2.76802303214377,1.5477118029191
84,1.58110518894811,81.6253378847888,46.3050222081277,2144.21261581553,0.0395735629493465,7.78932159233789,0.239862711405917,66.3582675638065,96.8924082057711,45.8348912937721,46.7751531224833,1.50354100556739,1.65866937232883,-125,2014-06-13,NA,2.84704076618215,1.58338096087135
85,1.58110518894811,84.5536603636865,47.9249452815605,2296.85958128199,0.0395735629493465,7.75409612419966,0.243312641307922,69.3556319602552,99.7516887671179,47.448052504597,48.4018380585241,1.50354100556739,1.65866937232883,-124,2014-06-14,107,2.92832247889774,1.61992307343279
86,1.58110518894811,87.5655936161553,49.5823053781571,2458.46719425463,0.0395735629493465,7.71279691678662,0.249374501115809,72.4485116592535,102.682675573057,49.0935313559701,50.0710794003441,1.50354100556739,1.65866937232883,-123,2014-06-15,33,3.01193325246874,1.65736009659656
87,1.58110518894811,90.6635336621839,51.2780199296675,2629.50230963033,0.0395735629493465,7.66512311480139,0.258808274503286,75.6398923571732,105.687174967195,50.7707557116411,51.785284147694,1.50354100556739,1.65866937232883,-122,2014-06-16,33,3.09794004602865,1.69571455151042
88,1.58110518894811,93.8499453434928,53.013029431532,2810.45545873173,0.0395735629493465,7.61076263498957,0.272340271082323,78.9328505789132,108.767040108072,52.4792425002107,53.5468163628534,1.50354100556739,1.65866937232883,-121,2014-06-17,NA,3.18641168130883,1.73500950186449
89,1.58110518894811,97.1273643328883,54.7882980507879,3001.84204839804,0.0395735629493465,7.5493918532382,0.290594384097449,82.3305563005414,111.924172365235,54.2187330579569,55.3578630436189,1.50354100556739,1.65866937232883,-120,2014-06-18,NA,3.27741898939551,1.7752686192559
90,1.58110518894811,100.498399189683,56.6048142430503,3204.20362061608,0.0395735629493465,7.48067531239852,0.314046375312414,85.8362755773818,115.160522801984,55.989283347438,57.2203451386626,1.50354100556739,1.65866937232883,-119,2014-06-19,NA,3.37103485679465,1.8165161922624
91,1.58110518894811,103.965733454008,58.4635913744413,3418.10917516073,0.0395735629493465,7.40426546146935,0.343014231603508,89.4533731495285,118.478093758488,57.7912834804984,59.1358992683842,1.50354100556739,1.65866937232883,-118,2014-06-20,NA,3.4673342643255,1.85877713139099
92,1.58110518894811,107.532127806181,60.3656683622668,3644.15655986215,0.0395735629493465,7.31980242208874,0.377681133987003,93.1853150588874,121.878940553475,59.6254133396523,61.1059233848814,1.50354100556739,1.65866937232883,-117,2014-06-21,NA,3.56639435217286,1.90207698782553
93,1.58110518894811,111.200422281589,62.3121103288095,3882.97393127844,0.0395735629493465,7.22691378240732,0.418135921342182,97.0356712680702,125.365173295107,61.4925639229788,63.1316567346401,1.50354100556739,1.65866937232883,-116,2014-06-22,51,3.66829447540728,1.94644196654263
94,2.39992500074999,115.083194610323,64.3618987663142,4142.66828914595,0.00273757193781417,7.12843107247733,0.462899925114435,101.111469708268,129.054919512379,63.4546149130899,65.2691826195385,2.39455935975188,2.40529064174811,-115,2014-06-23,NA,3.88277232873492,2.04978843750473
95,2.39992500074999,119.287682516786,66.5703166565774,4431.86769679414,0.00273757193781417,7.02675205996127,0.510526235518082,105.515248479262,133.06011655431,65.569685234962,67.5709480781929,2.39455935975188,2.40529064174811,-114,2014-06-24,NA,4.20448790646269,2.20841789026325
96,2.39992500074999,123.813619140115,68.9356302687693,4752.43601405872,0.00273757193781417,6.92096014195625,0.561153727823288,110.248537261881,137.378701018349,67.8357689622357,70.035491575303,2.39455935975188,2.40529064174811,-113,2014-06-25,NA,4.52593662332876,2.3653136121919
97,2.39992500074999,128.665819742395,71.4587745819551,5106.73463581675,0.00273757193781417,6.81026662338135,0.61495614647243,115.317697160568,142.013942324223,70.2534605348691,72.664088629041,2.39455935975188,2.40529064174811,-112,2014-06-26,NA,4.85220060228029,2.52314431318575
98,2.39992500074999,133.853203247829,74.1427939081497,5497.60563749494,0.00273757193781417,6.69397463305138,0.672122748147607,120.733012967048,146.97339352861,72.8254333217804,75.460154494519,2.39455935975188,2.40529064174811,-111,2014-06-27,NA,5.1873835054339,2.68401932619466
99,2.39992500074999,139.388127912851,76.9924580921213,5928.37567319161,0.00273757193781417,6.57145113453398,0.732850683668776,126.508083689164,152.268172136537,75.5560707521305,78.4288454321121,2.39455935975188,2.40529064174811,-110,2014-06-28,NA,5.53492466502172,2.84966418397158
100,2.39992500074999,145.285830004943,80.013940937331,6402.8665065911,0.00273757193781417,6.44209740516574,0.797347018810709,132.659319090818,157.912340919068,78.451140780462,81.5767410942,2.39455935975188,2.40529064174811,-109,2014-06-29,NA,5.89770209209195,3.02148284520965
101,2.39992500074999,151.564109245842,83.2146323150444,6925.42467885158,0.00273757193781417,6.30534756919914,0.865821877492074,139.205628010212,163.922590481472,81.5176214351599,84.9116431949289,2.39455935975188,2.40529064174811,-108,2014-06-30,NA,6.27827924089937,3.20069137771343
102,2.39992500074999,158.24308255204,86.6029895045301,7500.95856491991,0.00273757193781417,6.16064528296966,0.938495497142608,146.168217797419,170.317947306661,84.7635383301306,88.4424406789296,2.39455935975188,2.40529064174811,-107,2014-07-01,NA,6.67897330619786,3.38835718948573
103,2.39992500074999,165.344990782973,90.188418902671,8134.98234425886,0.00273757193781417,6.00743854344524,1.01559839267221,153.57041123782,177.119570328126,88.1978460530335,92.1789917523085,2.39455935975188,2.40529064174811,-106,2014-07-02,115,7.10190823093288,3.58542939814087
104,2.39992500074999,172.894130775371,93.9812235365327,8833.67460189124,0.00273757193781417,5.84517690661795,1.09737161778306,161.437584038399,184.350677512342,91.8303751656779,96.1320719073875,2.39455935975188,2.40529064174811,-105,2014-07-03,NA,7.54913999239773,3.79280463386166
105,2.39992500074999,180.916810301697,97.9925632996959,9603.94448356116,0.00273757193781417,5.67330548101034,1.18406989500466,169.797131558917,192.036489044477,95.6717863054867,100.313340293905,2.39455935975188,2.40529064174811,-104,2014-07-04,NA,8.02267952632647,4.01133976316322
106,2.39992500074999,189.441341000423,102.234435034947,10453.5077870103,0.00273757193781417,5.49126581503302,1.27596241930662,178.678460002958,200.204221997887,99.7335486931059,104.735321376788,2.39455935975188,2.40529064174811,-103,2014-07-05,NA,8.5245306987255,4.24187173525097
107,2.39992500074999,198.498073988672,106.719674229127,11390.9749143161,0.00273757193781417,5.29849840009178,1.37333417091975,188.113017124492,208.883130852851,104.027939254125,109.41140920413,2.39455935975188,2.40529064174811,-102,2014-07-06,131,9.056732988249,4.48523919418045
108,2.39992500074999,208.119453538068,111.46196557101,12425.9497842569,0.00273757193781417,5.0944480042046,1.47648748858977,198.134335449827,218.104571626309,108.568050093374,114.355881048646,2.39455935975188,2.40529064174811,-101,2014-07-07,NA,9.62137954939615,4.74229134188246
109,2.39992500074999,218.340093767922,116.475864551693,13569.1416043168,0.00273757193781417,4.87857474635457,1.5857431231143,208.778087265067,227.902100270776,113.367808030389,119.583921072997,2.39455935975188,2.40529064174811,-100,2014-07-08,142,10.2206402298538,5.013898980683
110,2.39992500074999,229.1968754656,121.776828385301,14832.4908346273,0.00273757193781417,4.65037176920466,1.70144146072889,220.082146797959,238.311604133241,118.442003122272,125.11165364833,2.39455935975188,2.40529064174811,-99,2014-07-09,NA,10.8567816976783,5.30096383360818
111,2.39992500074999,240.729056488857,127.381252807819,16229.3103382528,0.00273757193781417,4.40939325277838,1.82394390358852,232.086645713412,249.371467264303,123.806322756785,130.956182858852,2.39455935975188,2.40529064174811,-98,2014-07-10,NA,11.5321810232577,5.60442442251771
112,2.39992500074999,252.978394863825,133.306514161291,17774.4434037732,0.00273757193781417,4.15529988392406,1.95363403396295,244.834007091334,261.122782636316,129.477391454724,137.135636867859,2.39455935975188,2.40529064174811,-97,2014-07-11,NA,12.2493383749677,5.92526135347278
113,2.39992500074999,265.98928877435,139.571018636729,19484.4411846364,0.00273757193781417,3.88793243367147,2.09091877941393,258.368941204354,273.609636344346,135.472817829078,143.669219444381,2.39455935975188,2.40529064174811,-96,2014-07-12,172,13.0108939105252,6.26450447543806
114,2.39992500074999,279.808928570822,146.194256142873,21377.76125342,0.00273757193781417,3.6074326041892,2.23622991934287,272.738360666611,286.879496475033,141.811245500961,150.577266784785,2.39455935975188,2.40529064174811,-95,2014-07-13,NA,13.8196397964717,6.62323750614311
115,2.39992500074999,294.487460273893,153.196858423237,23474.9896523847,0.00273757193781417,3.3144492702882,2.39002544661845,287.991139704128,300.983780843658,148.512408547865,157.881308298609,2.39455935975188,2.40529064174811,-94,2014-07-14,174,14.678531703071,7.00260228036416
116,2.39992500074999,310.078161498875,160.600661744689,25799.0892950391,0.00273757193781417,3.01050118066092,2.5527910621494,304.177579184779,315.97874381297,155.597191262876,165.604132226502,2.39455935975188,2.40529064174811,-93,2014-07-15,NA,15.5907012249816,7.40380332145247
117,2.39992500074999,326.637630149736,168.428774197823,28375.6778302611,0.00273757193781417,2.69863903979894,2.72504173907093,321.34829763173,331.926962667742,163.087692389244,173.769856006402,2.39455935975188,2.40529064174811,-92,2014-07-16,NA,16.5594686508608,7.8281124531342
118,2.39992500074999,344.225986140169,176.705647605086,31233.3384248028,0.00273757193781417,2.38469563726147,2.90732338583133,339.551982691137,348.899989589202,171.007293768857,182.404001441316,2.39455935975188,2.40529064174811,-91,2014-07-17,196,17.5883559904339,8.27687340726297
119,2.39992500074999,362.907086439727,185.457154051726,34403.9673195742,0.00273757193781417,2.07968623547291,3.10021460686851,358.8309014182,366.983271461254,179.380733422264,191.533574681188,2.39455935975188,2.40529064174811,-90,2014-07-18,NA,18.6811002995572,8.75150644663944
120,2.39992500074999,382.748749578366,194.710665111899,37923.1616972213,0.00273757193781417,1.80423246263996,3.30432881283953,379.212453951592,386.285045205141,188.234180638733,201.187149585064,2.39455935975188,2.40529064174811,-89,2014-07-19,NA,19.8416631386396,9.25351106017271
121,2.39992500074999,403.823008261045,204.495142357428,41830.6558669897,0.00273757193781417,1.59500988317721,3.52031521385467,400.696788890018,406.949227632073,197.595324538273,211.394960176583,2.39455935975188,2.40529064174811,-88,2014-07-20,224,21.0742586826791,9.78447724552959
122,2.39992500074999,426.206369121315,214.841229155064,46170.8077136538,0.00273757193781417,1.50623672802793,3.74886233344228,423.25414513438,429.15859310825,207.493458981517,222.188999328611,2.39455935975188,2.40529064174811,-87,2014-07-21,NA,22.3833608602699,10.3460867976358
123,2.39992500074999,449.980078187563,225.781343061656,50993.1405581429,0.00273757193781417,1.58697753823316,3.99069961506836,446.869602212626,453.0905541625,217.959571816122,233.60311430719,2.39455935975188,2.40529064174811,-86,2014-07-22,NA,23.7737090662481,10.940113906592
124,2.39992500074999,475.230416889575,237.349780176234,56352.9517566449,0.00273757193781417,1.84283611264496,4.2465994558255,471.618458108791,478.842375670359,229.026445242816,245.673115109652,2.39455935975188,2.40529064174811,-85,2014-07-23,249,25.2503387020119,11.5684371145781
125,2.39992500074999,502.049014796274,249.58282483543,62311.9931754164,0.00273757193781417,2.2404445738384,4.517380057436,497.657743431551,506.440286160998,240.728759922856,258.436889748005,2.39455935975188,2.40529064174811,-84,2014-07-24,NA,26.8185979066992,12.2330446591961
126,2.39992500074999,530.533178221545,262.518864120269,68939.2315513634,0.00273757193781417,2.7431611261156,4.80390803064475,525.156582414358,535.909774028732,253.103204380206,271.934523860333,2.39455935975188,2.40529064174811,-83,2014-07-25,NA,28.4841634252707,12.9360392848391
127,2.39992500074999,560.786240559462,276.198509699153,76311.6992421083,0.00273757193781417,3.3268414598727,5.10710114202731,554.265631298111,567.306849820812,266.18859146078,286.208427937527,2.39455935975188,2.40529064174811,-82,2014-07-26,NA,30.2530623379167,13.6796455788841
128,2.39992500074999,592.917933948253,290.664726636098,84515.4457491629,0.00273757193781417,3.97831282855349,5.42793134860223,585.120440804288,600.715427092218,280.025981192838,301.303472079359,2.39455935975188,2.40529064174811,-81,2014-07-27,329,32.1316933887909,14.4662169369448
129,2.39992500074999,627.044783126279,305.962969371076,93646.6018512482,0.00273757193781417,4.69112377380631,5.76742792606842,617.850180529619,636.23938572294,294.658810635982,317.26712810617,2.39455935975188,2.40529064174811,-80,2014-07-28,NA,34.1268491780266,15.2982427349775
130,2.39992500074999,663.29052386481,322.141325752223,103812.569974795,0.00273757193781417,5.46266084394219,6.12668078128756,652.583708610684,673.997339118937,310.133031420899,334.149620083546,2.39455935975188,2.40529064174811,-79,2014-07-29,NA,36.2457407385309,16.1783563811468
131,2.39992500074999,701.786547136644,339.250669428593,115133.355726352,0.00273757193781417,6.29254837851723,6.50684398177832,689.45315231475,714.119941958538,326.497255224308,352.004083632879,2.39455935975188,2.40529064174811,-78,2014-07-30,391,38.4960232718339,17.1093436763706
132,2.39992500074999,742.672370202309,357.344820912972,127743.057241813,0.00273757193781417,7.18179122737814,6.90913948976315,728.596059396648,756.74868100797,343.802907513037,370.886734312908,2.39455935975188,2.40529064174811,-77,2014-07-31,NA,40.8858230656645,18.0941514843792
133,2.39992500074999,786.096136362492,376.480717864918,141791.531111465,0.00273757193781417,8.13231007460381,7.3348611017248,770.156808616269,802.035464108716,362.104390105537,390.857045624298,2.39455935975188,2.40529064174811,-76,2014-08-01,468,43.4237661601835,19.1358969519453
134,2.39992500074999,832.215145143617,396.71859513596,157446.255846863,0.00273757193781417,9.14668377276435,7.78537861723781,814.287644948999,850.142645338235,381.459253046174,411.977937225746,2.39455935975188,2.40529064174811,-75,2014-08-02,NA,46.1190087811248,20.2378772710421
135,2.39992500074999,881.196414677101,418.122175100171,174894.416305002,0.00273757193781417,10.2280037248836,8.26214224664913,861.149527376329,901.243301977873,401.928376296739,434.315973903604,2.39455935975188,2.40529064174811,-74,2014-08-03,NA,48.9812695334842,21.4035799642115
136,2.39992500074999,933.217278184605,440.758868844022,194345.235270343,0.00273757193781417,11.3797911312512,8.76668726947183,910.912887567352,955.521668801857,423.576161795858,457.941575892187,2.39455935975188,2.40529064174811,-73,2014-08-04,516,52.0208635075033,22.636693743851
137,2.39992500074999,988.466016572784,464.699988812233,216032.581487097,0.00273757193781417,12.6059509091448,9.3006389569363,963.75835279086,1013.17368035471,446.470736456638,482.929241167828,2.39455935975188,2.40529064174811,-72,2014-08-05,NA,55.2487383881792,23.9411199682108
138,2.39992500074999,1047.14252925505,490.02097353819,240217.886894481,0.00273757193781417,13.9107478858515,9.86571777245866,1019.87746339878,1074.40759511132,470.684166704171,509.357780372209,2.39455935975188,2.40529064174811,-71,2014-08-06,554,58.6765126822643,25.3209847259565
139,2.39992500074999,1109.4590454398,516.80162512172,267193.409685049,0.00273757193781417,15.298797090033,10.4637448649203,1079.47340314334,1139.44468773627,496.292685186476,537.310565056964,2.39455935975188,2.40529064174811,-70,2014-08-07,NA,62.316516184753,26.7806515835302
140,2.39992500074999,1175.64087823909,545.126360146929,297285.88412097,0.00273757193781417,16.7750633607672,11.0966478690861,1142.76175405198,1208.52000242619,523.37693032352,566.875789970338,2.39455935975188,2.40529064174811,-69,2014-08-08,NA,66.1818327992869,28.3247350252092
141,2.39992500074999,1245.92722408309,575.084474768961,330860.602866605,0.00273757193781417,18.3448674030802,11.7664670276761,1209.97128397305,1281.88316419312,552.022199394716,598.146750143206,2.39455935975188,2.40529064174811,-68,2014-08-09,599,70.2863458439983,29.9581146220319
142,2.39992500074999,1320.57201005512,606.7704247326,368325.982978594,0.00273757193781417,20.0138965446554,12.47536165466,1281.3447728276,1359.79924728264,582.318715889466,631.222133575733,2.39455935975188,2.40529064174811,-67,2014-08-10,NA,74.644785972034,31.685949963639
143,2.39992500074999,1399.84479190041,640.284121122477,410138.672705391,0.00273757193781417,21.7882190862023,13.2256169537746,1357.13988249145,1442.54970130936,614.361911893079,666.206330351875,2.39455935975188,2.40529064174811,-66,2014-08-11,670,79.2727818452863,33.5136963898772
144,2.39992500074999,1484.03170560534,675.731242682448,456809.262957202,0.00273757193781417,23.6743015560797,14.0196512095038,1437.63007455542,1530.43333665525,648.252726311821,703.209759053075,2.39455935975188,2.40529064174811,-65,2014-08-12,NA,84.1869137049312,35.447121559971
145,2.39992500074999,1573.4364755903,713.223565579366,508908.674792289,0.00273757193781417,25.6790284362034,14.8600233695697,1523.10557985534,1623.76737132526,684.097919775009,742.349211383723,2.39455935975188,2.40529064174811,-64,2014-08-13,786,89.4047699849586,37.4923228969182
146,2.39992500074999,1668.3814827127,752.879311526073,567075.302616956,0.00273757193781417,27.8097240869847,15.7494410371288,1613.87442350221,1722.88854192319,722.010407093301,783.748215958846,2.39455935975188,2.40529064174811,-63,2014-08-14,NA,94.9450071224044,39.6557459467069
147,2.39992500074999,1769.2088954359,794.823515218922,632023.002111152,0.00273757193781417,30.0741767065001,16.690768891443,1710.26350909116,1828.15428178064,762.109608191694,827.537422246151,2.39455935975188,2.40529064174811,-62,2014-08-15,NA,100.827412723195,41.9442036928493
148,2.39992500074999,1876.28186768142,839.188412085595,704550.022276271,0.00273757193781417,32.4806642318155,17.6870375566066,1812.61976578706,1939.94396957578,804.521818474646,873.855005696544,2.39455935975188,2.40529064174811,-61,2014-08-16,834,107.072972245527,44.3648968666726
149,2.39992500074999,1989.98580704991,886.113847380525,785548.992577741,0.00273757193781417,35.0379821407191,18.7414529379388,1921.3113620541,2058.66025204572,849.380599622164,922.847095138885,2.39455935975188,2.40529064174811,-60,2014-08-17,NA,113.703939368483,46.9254352949296
150,1.37716222837772,2107.06658207041,934.241913001602,873200.197442575,0.0434098160278226,37.6278718271999,19.8051870398311,2033.3159532891,2180.81721085172,895.423746403533,973.060079599671,1.29207898896318,1.46224546779225,-59,2014-08-18,972,117.080775020505,48.1280656210771
151,1.37716222837772,2224.35439437288,982.265269219936,965279.041374799,0.0434098160278226,40.1383780725578,20.832240856061,2145.68317335067,2303.0256153951,941.434077142057,1023.09646129782,1.29207898896318,1.46224546779225,-58,2014-08-19,NA,117.287812302471,48.0233562183346
152,1.37716222837772,2342.29611912975,1030.36699225803,1062132.69850584,0.0434098160278226,42.5892662699473,21.8302489902473,2258.82115724065,2425.77108101884,987.579704237145,1073.15428027891,1.29207898896318,1.46224546779225,-57,2014-08-20,1082,117.941724756864,48.1017230380937
153,1.37716222837772,2461.24958564689,1078.69183803062,1164096.24078432,0.0434098160278226,45.0013676971762,22.8070022240296,2373.04690496043,2549.45226633336,1033.99011367152,1123.39356238972,1.29207898896318,1.46224546779225,-56,2014-08-21,NA,118.953466517145,48.3248457725902
154,1.37716222837772,2581.50314517841,1127.35475706283,1271493.77953602,0.0434098160278226,47.3962159884686,23.7703862784484,2488.60656184101,2674.39972851581,1080.76479995707,1173.94471416859,1.29207898896318,1.46224546779225,-55,2014-08-22,NA,120.253559531518,48.6629190322096
155,1.37716222837772,2703.29075513114,1176.44743704378,1384640.06625694,0.0434098160278226,49.7959964812521,24.7284073500234,2605.69060202789,2800.8909082344,1127.97975863773,1224.91511544982,1.29207898896318,1.46224546779225,-54,2014-08-23,NA,121.787609952733,49.0926799809465
156,1.37716222837772,2826.80551852295,1226.04409879184,1503844.06952443,0.0434098160278226,52.2236093350703,25.6892456514827,2724.44724422621,2929.16379281969,1175.69317731493,1276.39502026874,1.29207898896318,1.46224546779225,-53,2014-08-24,NA,123.514763391807,49.5966617480617
157,1.37716222837772,2952.20704516399,1276.20470944825,1629409.28452531,0.0434098160278226,54.702683817358,26.6612848041249,2844.98978488197,3059.42430544601,1223.94859123217,1328.46082766434,1.29207898896318,1.46224546779225,-52,2014-08-25,1378,125.401526641039,50.1606106564157
158,1.37716222837772,3079.63009605242,1326.97864543445,1761637.02289893,0.0434098160278226,57.2576521018139,27.653163650649,2967.40509793286,3191.85509417197,1272.77844467917,1381.17884618972,1.29207898896318,1.46224546779225,-51,2014-08-26,NA,127.423050888427,50.773935986193
159,1.37716222837772,3209.19023327903,1378.40709685264,1900828.31109132,0.0434098160278226,59.9137326153083,28.673793568146,3091.75931735302,3326.62114920503,1322.20646145908,1434.60773224621,1.29207898896318,1.46224546779225,-50,2014-08-27,NA,129.56013722661,51.4284514181966
160,1.37716222837772,3340.98791604353,1430.52481171009,2047285.25004356,0.0434098160278226,62.6968626033479,29.7323582208557,3218.10206534097,3463.8737667461,1372.24938959721,1488.80023382297,1.29207898896318,1.46224546779225,-49,2014-08-28,NA,131.797682764508,52.1177148574477
161,1.37716222837772,3475.11223948981,1483.36166640105,2201312.83392864,0.0434098160278226,65.6335882423112,30.8382973028958,3346.47040653488,3603.75407244474,1422.91860368737,1543.80472911472,1.29207898896318,1.46224546779225,-48,2014-08-29,NA,134.124323446275,52.8368546909574
162,1.37716222837772,3611.64358131195,1536.9437779086,2363220.25758447,0.0434098160278226,68.7508985198298,32.0012676702101,3476.89182021308,3746.39534241081,1474.22129327499,1599.66626254222,1.29207898896318,1.46224546779225,-47,2014-08-30,NA,136.531341822139,53.5821115075562
163,1.37716222837772,3750.65570040914,1591.2943808639,2533322.1117816,0.0434098160278226,72.0760239783696,33.2310880440065,3609.38669341153,3891.92470740674,1526.16144829764,1656.42731343015,1.29207898896318,1.46224546779225,-46,2014-08-31,1698,139.012119097187,54.3506029552909
164,1.37716222837772,3892.21743499127,1646.43453216181,2711939.51937183,0.0434098160278226,75.6362147270363,34.5376704043076,3743.97045412628,4040.46441585627,1578.74069816936,1714.12836615425,1.29207898896318,1.46224546779225,-45,2014-09-01,NA,141.56173458214,55.1401512979119
165,1.37716222837772,4036.39397700543,1702.38363801805,2899401.08353867,0.0434098160278226,79.4585108541078,35.9309413612886,3880.65529573138,4192.13265827948,1631.95899294992,1772.80828308617,1.29207898896318,1.46224546779225,-44,2014-09-02,NA,144.176542014152,55.9491058562387
166,1.37716222837772,4183.24788737813,1759.15987102459,3096043.76504646,0.0434098160278226,83.5695237539924,37.4207592547912,4019.4516208203,4347.04415393595,1685.8151828852,1832.50455916398,1.29207898896318,1.46224546779225,-43,2014-09-03,1863,146.853910372699,56.7762330065452
167,1.37716222837772,4332.83989342336,1816.78049557535,3302213.68227641,0.0434098160278226,87.9952424844059,39.0168319241808,4160.36921815393,4505.3105686928,1740.30750500395,1893.25348614674,1.29207898896318,1.46224546779225,-42,2014-09-04,NA,149.592006045237,57.6206245507581
168,1.37716222837772,4485.22950627397,1875.26211821913,3518266.83414294,0.0434098160278226,92.760876315395,40.7286399878077,4303.4181886958,4667.04082385215,1795.43398384302,1955.09025259523,1.29207898896318,1.46224546779225,-41,2014-09-05,NA,152.389612850609,58.4816226437761
169,1.37716222837772,4640.47551016247,1934.62088441178,3744569.77712012,0.0434098160278226,97.8907410234881,42.5653699371212,4448.60965775643,4832.3413625685,1851.19275933503,2018.04900948854,1.29207898896318,1.46224546779225,-40,2014-09-06,NA,155.246003888495,59.3587661926595
170,1.37716222837772,4798.63634770928,1994.87263204867,3981500.26095678,0.0434098160278226,103.408192190843,44.5358603824277,4595.95629101523,5001.31640440334,1907.58234569911,2082.16291839823,1.29207898896318,1.46224546779225,-39,2014-09-07,2081,158.160837546816,60.2517476368828
171,1.37716222837772,4959.77041588206,2056.03300828943,4229447.81962138,0.0434098160278226,109.335603476491,46.6485631687225,4745.47263306813,5174.06819869598,1964.60182447873,2147.46419210012,1.29207898896318,1.46224546779225,-38,2014-09-08,NA,161.134068172773,61.1603762407603
172,1.37716222837772,5123.93631906289,2118.11756803782,4488814.36892359,0.0434098160278226,115.694388260303,48.9115210677773,4897.17531807269,5350.69732005308,2022.25098674497,2213.98414933066,1.29207898896318,1.46224546779225,-37,2014-09-09,NA,164.16590318083,62.0845597483872
173,1.37716222837772,5291.19304807754,2181.14184273899,4760014.74934437,0.0434098160278226,122.505053584209,51.3323601400192,5051.08314305249,5531.30295310259,2080.53041686455,2281.75326861343,1.29207898896318,1.46224546779225,-36,2014-09-10,2415,167.256729014654,63.024274701173
174,1.37716222837772,5461.60013024786,2245.12139705564,5043477.27023515,0.0434098160278226,129.787282441464,53.9182966910809,5207.21705666259,5715.98320383313,2139.44153554113,2350.80125857016,1.29207898896318,1.46224546779225,-35,2014-09-11,NA,170.407082170324,63.979554316656
175,1.37716222837772,5635.21774115525,2310.07187020085,5339644.23191581,0.0434098160278226,137.560027923647,56.6761539146131,5365.6000864249,5904.83539588559,2198.98660852821,2421.15713187349,1.29207898896318,1.46224546779225,-34,2014-09-12,NA,173.617610907381,64.9504731452075
176,1.37716222837772,5812.10690772016,2376.00905056913,5648972.64679737,0.0434098160278226,145.841658430635,59.6124014860832,5526.25725719611,6097.9565582442,2259.16874365641,2492.84935748186,1.29207898896318,1.46224546779225,-33,2014-09-13,NA,176.889166564911,65.937180368282
177,1.37716222837772,5992.32939585733,2442.94883187723,5971934.44586479,0.0434098160278226,154.650014383964,62.7331706076265,5689.21536766476,6295.4434240499,2319.99181748628,2565.90584626817,1.29207898896318,1.46224546779225,-32,2014-09-14,2720,180.222488137173,66.9397813080927
178,1.37716222837772,6175.94793521069,2510.90729484075,6309017.29424637,0.0434098160278226,164.002574470585,66.0443105943967,5854.50288924834,6497.39298117304,2381.46044607573,2640.35414360577,1.29207898896318,1.46224546779225,-31,2014-09-15,NA,183.618539353361,67.9584629635219
179,1.37716222837772,6363.02620095665,2579.90069781089,6660725.01091552,0.0434098160278226,173.916542642846,69.5514223463894,6022.14977737667,6703.90262453663,2443.57991001197,2716.22148560981,1.29207898896318,1.46224546779225,-30,2014-09-16,NA,187.078265745961,68.9934029701417
180,1.37716222837772,6553.62889481796,2649.94550403554,7027578.18787065,0.0434098160278226,184.408962545717,73.259903852549,6192.18732822835,6915.07046140756,2506.35609248454,2793.53491558653,1.29207898896318,1.46224546779225,-29,2014-09-17,3022,190.602693861303,70.0448062246487
181,1.37716222837772,6747.82177777339,2721.05839075161,7410114.74488705,0.0434098160278226,195.49680831683,77.1749895191771,6364.64803347241,7130.99552207438,2569.79541129403,2872.3213702092,1.29207898896318,1.46224546779225,-28,2014-09-18,NA,194.192882955439,71.112886716076
182,1.37716222837772,6945.67170745575,2793.25625982868,7808890.51404646,0.0434098160278226,207.197072761461,81.3017894903912,6539.56544484328,7351.77797006821,2633.90475242752,2952.60776722985,1.29207898896318,1.46224546779225,-27,2014-09-19,NA,197.849929682351,72.1978690770684
183,1.37716222837772,7147.24669713375,2866.55625607523,8224479.89163913,0.0434098160278226,219.526853896276,85.6453290909509,6716.97406349704,7577.51933077045,2698.69141105697,3034.42110109349,1.29207898896318,1.46224546779225,-26,2014-09-20,NA,201.574989678,73.2999962465456
184,1.37716222837772,7352.615798217,2940.97572127613,8657476.13811916,0.0434098160278226,232.503357907771,90.2105591574773,6896.90921671777,7808.32237971623,2764.16302532748,3117.78841722479,1.29207898896318,1.46224546779225,-25,2014-09-21,3280,205.369101083258,74.4194652009019
185,1.37716222837772,7561.84935911237,3016.53228493279,9108492.48567814,0.0434098160278226,246.144056547901,95.0024191076052,7079.40700827848,8044.29170994626,2830.32754348188,3202.7370263837,1.29207898896318,1.46224546779225,-24,2014-09-22,NA,209.233560895367,75.5565636566603
186,1.37716222837772,7775.01896197681,3093.24383752069,9578162.60900895,0.0434098160278226,260.46670080592,100.025849905204,7264.50422839721,8285.53369555641,2897.19317170649,3289.29450333489,1.29207898896318,1.46224546779225,-23,2014-09-23,3458,213.169602864437,76.7115525878944
187,1.37716222837772,7992.19736773665,3171.12850717249,10067141.1094983,0.0434098160278226,275.4893282373,105.285803868456,7452.23828439154,8532.15645108176,2964.76833159032,3377.48868275466,1.29207898896318,1.46224546779225,-22,2014-09-24,NA,217.178405759843,77.8846696518058
188,1.37716222837772,8213.45856114225,3250.20467251332,10576104.2316891,0.0434098160278226,291.23030850018,110.787266694826,7642.6471564819,8784.2699658026,3033.06162979146,3467.34771523518,1.29207898896318,1.46224546779225,-21,2014-09-25,3564,221.261193405599,79.0761653408322
189,1.37716222837772,8438.87794215572,3330.49102739483,11105750.959873,0.0434098160278226,307.708453261864,116.535300727014,7835.76937376247,9041.98651054898,3102.08183796989,3558.90021681978,1.29207898896318,1.46224546779225,-20,2014-09-26,NA,225.419381013473,80.2863548815112
190,1.37716222837772,8668.53204934889,3412.00647841221,11656803.0377702,0.0434098160278226,324.94290593755,122.535011500286,8031.6439537113,9305.42014498649,3171.83785587164,3652.17510095277,1.29207898896318,1.46224546779225,-19,2014-09-27,NA,229.654107193172,81.5154510173711
191,1.37716222837772,8902.49882655668,3494.77023633605,12230006.2801813,0.0434098160278226,342.95327367314,128.791596779506,8230.31041015733,9574.68724295604,3242.33870664822,3747.20176602388,1.29207898896318,1.46224546779225,-18,2014-09-28,3696,233.966777207788,82.763757923844
192,1.37716222837772,9140.85755328324,3578.80178745321,12826131.1247834,0.0434098160278226,361.759630117864,135.310350325016,8431.80867825223,9849.90642831425,3313.59350081618,3844.01007409024,1.29207898896318,1.46224546779225,-17,2014-09-29,NA,238.358726726558,84.0315511171593
193,1.37716222837772,9383.68875619115,3664.12085874518,13445973.1227568,0.0434098160278226,381.382446874841,142.096640584377,8636.17916031646,10131.1983520658,3385.6114431998,3942.63027429055,1.29207898896318,1.46224546779225,-16,2014-09-30,NA,242.831202907906,85.3190712919663
194,1.37716222837772,9631.07448649315,3750.74751178022,14090354.3973644,0.0434098160278226,401.842731248784,149.155959448216,8843.46273324553,10418.6862397408,3458.40183126172,4043.09319229872,1.29207898896318,1.46224546779225,-15,2014-10-01,3834,247.385730302005,86.6266530350454
195,1.37716222837772,9883.0982208331,3838.7021036304,14760124.1871661,0.0434098160278226,423.162014747823,156.493919209852,9053.70067192736,10712.4957697388,3531.97402197909,4145.43018528171,1.29207898896318,1.46224546779225,-14,2014-10-02,NA,252.023734339946,87.9545918501835
196,1.37716222837772,10139.8447941201,3928.00525955631,15456159.4590305,0.0434098160278226,445.362312093609,164.116239075926,9266.93466241661,11012.7549258236,3606.3374309675,4249.67308814513,1.29207898896318,1.46224546779225,-13,2014-10-03,NA,256.746573286991,89.3031559259093
197,1.37716222837772,10401.4004977169,4018.67790346987,16179365.9836076,0.0434098160278226,468.466142930369,172.028752743786,9483.20685757337,11319.5941378604,3681.50154809205,4355.85425884769,1.29207898896318,1.46224546779225,-12,2014-10-04,NA,261.555703596801,90.6726439135582
198,1.37716222837772,10667.8530869155,4110.74125654846,16930679.2076649,0.0434098160278226,492.496581452446,180.237425012839,9702.5597872687,11633.1463865623,3757.47590352329,4464.00660957362,1.29207898896318,1.46224546779225,-11,2014-10-05,3924,266.452589198603,92.0633530785867
199,1.37716222837772,10939.2918077748,4204.21684253976,17711065.1969146,0.0434098160278226,517.477238547096,188.748345210417,9925.03642022253,11953.5471953271,3834.27008592734,4574.16359915217,1.29207898896318,1.46224546779225,-10,2014-10-06,NA,271.438720859347,93.4755859912984
200,1.37716222837772,11215.8074147155,4299.12648980652,18521521.5838737,0.0434098160278226,543.432276750133,197.567731468412,10150.6801522853,12280.9346771458,3911.89373612844,4686.35924348461,1.29207898896318,1.46224546779225,-9,2014-10-07,4076,276.515606940673,94.9096472667661
201,1.37716222837772,11497.4921812823,4395.49233100042,19363078.5230799,0.0434098160278226,570.386434872019,206.701938056613,10379.5347689331,12615.4495936314,3990.35653240946,4800.62812959138,1.29207898896318,1.46224546779225,-8,2014-10-08,NA,281.684766566774,96.3658411938959
202,1.37716222837772,11784.4399375688,4493.33681183254,20236799.7468594,0.0434098160278226,598.365009231703,216.157447916889,10611.6445194747,12957.2353556629,4069.66821391544,4917.00540974964,1.29207898896318,1.46224546779225,-7,2014-10-09,NA,286.947756286518,97.8444808321237
203,1.37716222837772,12076.7460912555,4592.68269413129,21143783.6076581,0.0434098160278226,627.393862305392,225.940874312466,10847.0541211369,13306.4380613741,4149.83858047886,5035.52680778373,1.29207898896318,1.46224546779225,-6,2014-10-10,NA,292.306153686706,99.3458822987495
204,1.37716222837772,12374.5076302991,4693.55305263466,22085164.0957225,0.0434098160278226,657.499457521949,236.058971078001,11085.8086935561,13663.2065670421,4230.87746932178,5156.22863594754,1.29207898896318,1.46224546779225,-5,2014-10-11,NA,297.761539043593,100.870358503367
205,1.37716222837772,12677.8231546351,4795.97128163124,23062111.968964,0.0434098160278226,688.70885471308,246.518629584835,11327.9537993975,14027.6925098728,4312.79476764496,5279.14779561752,1.29207898896318,1.46224546779225,-4,2014-10-12,4249,303.315524336027,102.418228996581
206,1.37667138540004,12979.8357833123,4897.56477338693,24051174.3925245,0.0427949412539959,713.991511750025,255.017024929525,11580.4124202823,14379.2591463424,4397.73140452506,5397.3981422488,1.29279330054221,1.46054947025787,-3,2014-10-13,NA,302.01262867719,101.59349175569
207,1.37667138540004,13294.1614557238,5003.01596671208,25100927.5649808,0.0427949412539959,746.963810558551,266.005266498331,11830.1123870291,14758.2105244186,4481.64564437535,5524.38628904881,1.29279330054221,1.46054947025787,-2,2014-10-14,NA,314.3256724115,105.451193325147
208,1.37667138540004,13614.3276644907,5110.08119408108,26189851.6714306,0.0427949412539959,781.097229688356,277.347906661544,12083.3770943015,15145.2782346799,4566.47929702445,5653.6830911377,1.29279330054221,1.46054947025787,-1,2014-10-15,NA,320.166208766905,107.065227368998
209,1.37667138540004,13940.438356237,5218.78475799651,27319266.0288652,0.0427949412539959,816.423182693124,289.053072235015,12340.2489181585,15540.6277943156,4652.24073641588,5785.32877957714,1.29279330054221,1.46054947025787,0,2014-10-16,NA,326.110691746306,108.703563915435
210,1.37667138540004,14272.6050587494,5329.15324701019,28490552.1423137,0.0427949412539959,852.969264343395,301.127567974881,12600.7853006363,15944.4248168624,4738.94321377942,5919.36328024096,1.29279330054221,1.46054947025787,1,2014-10-17,NA,332.166702512322,110.368489013679
211,1.37667138540004,14610.9344052401,5441.21137451031,29705112.988677,0.0427949412539959,890.7656016656,313.578963861682,12865.0338259755,16356.8349845047,4826.59660534142,6055.82614367921,1.29279330054221,1.46054947025787,2,2014-10-18,NA,338.32934649076,112.058127500124
212,1.37667138540004,14955.536252036,5554.9846826588,30964401.4869754,0.0427949412539959,929.842627227251,326.414862409,13133.0447026706,16778.0278014014,4915.21155233716,6194.75781298044,1.29279330054221,1.46054947025787,3,2014-10-19,NA,344.601846795897,113.773308148486
213,1.37667138540004,15306.5223007579,5670.49907844069,32269917.1826341,0.0427949412539959,970.231468573561,339.643024420398,13404.8686223537,17208.1759791621,5004.79875057671,6336.19940630467,1.29279330054221,1.46054947025787,4,2014-10-20,NA,350.986048721894,115.51439578189
214,1.37667138540004,15664.0060719362,5787.78082040454,33623207.4642699,0.0427949412539959,1011.9638630037,353.271339379825,13680.5569004489,17647.4552434234,5095.36899522008,6480.192645589,1.29279330054221,1.46054947025787,5,2014-10-21,NA,357.483771178278,117.281741963851
215,1.37667138540004,16028.1028156952,5906.85648503014,35025868.5788133,0.0427949412539959,1055.07218571364,367.307832846866,13960.1613316965,18096.044299694,5186.93313265029,6626.77983741,1.29279330054221,1.46054947025787,6,2014-10-22,NA,364.096743759055,119.075664625602
216,1.37667138540004,16398.9296102619,6027.75299485752,36479547.3771127,0.0427949412539959,1099.58946992058,381.760671231088,14243.7342492176,18554.1249713063,5279.50207924459,6776.00391047046,1.29279330054221,1.46054947025787,7,2014-10-23,NA,370.826794566678,120.896509827382
217,1.37667138540004,16776.6053794369,6150.4976198394,37985942.8026183,0.0427949412539959,1145.54941078977,396.638161260492,14531.328534289,19021.8822245849,5373.08682376884,6927.90841590997,1.29279330054221,1.46054947025787,8,2014-10-24,NA,377.675769175006,122.744624981877
218,1.37667138540004,17161.2509059453,6275.11797733745,39546807.4024827,0.0427949412539959,1192.98637240561,411.948750427776,14822.9976160303,19499.5041958603,5467.69842649901,7082.53752817589,1.29279330054221,1.46054947025787,9,2014-10-25,NA,384.645526508408,124.620357498051
219,1.37667138540004,17552.9888503751,6401.64203392348,41163948.8994966,0.0427949412539959,1241.93539524145,427.701027588981,15118.7954757019,19987.1822250484,5563.34801984907,7239.93604799788,1.29279330054221,1.46054947025787,10,2014-10-26,NA,391.737944429806,126.524056586024
220,1.37667138540004,17951.9437698062,6530.09810705297,42839231.8034944,0.0427949412539959,1292.4322035382,443.903723522974,15418.7766508713,20485.110888741,5660.04680894794,7400.149405158,1.29279330054221,1.46054947025787,11,2014-10-27,NA,398.954919431031,128.456073129495
221,1.37667138540004,18358.2421361552,6660.5148666218,44574579.0630614,0.0427949412539959,1344.51321260964,460.565711458665,15722.9962394403,20993.4880328701,5757.80607216281,7563.22366108078,1.29279330054221,1.46054947025787,12,2014-10-28,NA,406.298366349023,130.416759568824
222,1.37667138540004,18772.0123539329,6792.92133631068,46371973.7569011,0.0427949412539959,1398.21553589733,477.6960075155,16031.5099035742,21512.5148042917,5856.63716158029,7729.20551104106,1.29279330054221,1.46054947025787,13,2014-10-29,NA,413.77021777775,132.40646968888
223,1.37667138540004,19193.3847785045,6927.34689506969,48233460.8304467,0.0427949412539959,1453.57699238384,495.303771250585,16344.3738734321,22042.3956835768,5956.55150341854,7898.14228672083,1.29279330054221,1.46054947025787,14,2014-10-30,NA,421.372424571524,134.425558759012
224,1.37667138540004,19622.4917335235,7063.82127831732,50161148.8726892,0.0427949412539959,1510.63611361072,513.398306074955,16661.6449508465,22583.3385162005,6057.56059841041,8070.08195822423,1.29279330054221,1.46054947025787,15,2014-10-31,NA,429.106955019,136.474383247634
225,1.37667138540004,20059.4675271224,7202.37457872674,52157211.9317008,0.0427949412539959,1569.43215012557,531.989059484885,16983.3805128763,23135.5545413685,6159.67602213636,8245.07313531711,1.29279330054221,1.46054947025787,16,2014-11-01,NA,436.975793598933,138.553300409416
226,1.37667138540004,20504.4484686626,7343.03724717714,54223891.377756,0.0427949412539959,1630.0050782981,551.085623406391,17309.6385151983,23699.2584221269,6262.90942530061,8423.16506905366,1.29279330054221,1.46054947025787,17,2014-11-02,NA,444.980941540205,140.662668450401
227,1.37667138540004,20957.5728849491,7485.84009352199,56363497.8099081,0.0427949412539959,1692.39560691561,570.697734467965,17640.4774953945,24274.6682745037,6367.27253396477,8604.4076530792,1.29279330054221,1.46054947025787,18,2014-11-03,NA,453.124416286537,142.802846344847
228,1.37667138540004,21418.9811357026,7630.81428711219,58578413.0055996,0.0427949412539959,1756.64518345834,590.835274170497,17975.9565761242,24862.0056952809,6472.77714973802,8788.85142448636,1.29279330054221,1.46054947025787,19,2014-11-04,NA,461.408250753437,144.974193590204
229,1.37667138540004,21888.81562856,7777.9913571639,60871091.9151724,0.0427949412539959,1822.7960001948,611.508269000532,18316.1354681782,25461.4957889418,6579.43514992286,8976.54756440495,1.29279330054221,1.46054947025787,20,2014-11-05,NA,469.834492857397,147.177070051715
230,1.37667138540004,22367.2208335133,7927.40319294512,63244064.7014434,0.0427949412539959,1890.89100004797,632.726890472438,18661.0744734193,26073.3671936073,6687.25848761914,9167.5478982711,1.29279330054221,1.46054947025787,21,2014-11-06,NA,478.40520495332,149.411835781218
231,1.37667138540004,22854.3432967417,8079.08204377074,65699938.8246985,0.0427949412539959,1960.97388220953,654.501455093665,19010.834487611,26697.8521058724,6796.25919178716,9361.90489575432,1.29279330054221,1.46054947025787,22,2014-11-07,NA,487.122463228425,151.678850825618
232,1.37667138540004,23350.3316537992,8233.06051879755,68241401.1734445,0.0427949412539959,2033.08910748048,676.842424247662,19365.4770031375,27335.186304461,6906.44936727214,9559.67167032297,1.29279330054221,1.46054947025787,23,2014-11-08,NA,495.988357057529,153.978475026815
233,1.37667138540004,23855.336642116,8389.37158660988,70871220.2412084,0.0427949412539959,2107.28190331649,699.760403989339,19725.0641116157,27985.6091726163,7017.84119479077,9760.90197842898,1.29279330054221,1.46054947025787,24,2014-11-09,NA,505.00498831673,156.311067812321
234,1.37667138540004,24369.5111127717,8548.0485745867,73592248.3496312,0.0427949412539959,2183.59826855422,723.266144747165,20089.6585064054,28649.3637191379,7130.44693088226,9965.65021829115,1.29279330054221,1.46054947025787,25,2014-11-10,NA,514.174470655689,158.676987976829
235,1.37667138540004,24893.0100414982,8709.12516804102,76407423.9180504,0.0427949412539959,2262.08497779597,747.370540926536,20459.3234850181,29326.6965979783,7244.27890782501,10173.971428257,1.29279330054221,1.46054947025787,26,2014-11-11,NA,523.498928726523,161.076593454316
236,1.37667138540004,25425.9905388661,8872.63540912143,79319773.7797086,0.0427949412539959,2342.78958542776,772.084630408616,20834.1229514276,30017.8581263045,7359.34953352054,10385.9212847223,1.29279330054221,1.46054947025787,27,2014-11-12,NA,532.980497367873,163.510241080408
237,1.37667138540004,25968.6118596086,9038.61369546622,82332415.5446666,0.0427949412539959,2425.76042924611,797.419593938523,21214.1214182863,30723.102300931,7475.67129134671,10601.5560995857,1.29279330054221,1.46054947025787,28,2014-11-13,NA,542.621320742583,165.978286344791
238,1.37667138540004,26521.0354110363,9207.09477859958,85448560.0094323,0.0427949412539959,2511.04663366659,823.386754397123,21599.3840090498,31442.6868130228,7593.25673998122,10820.9328172179,1.29279330054221,1.46054947025787,29,2014-11-14,NA,552.423551427662,168.481083133362
239,1.37667138540004,27083.4247604912,9378.11376205956,88671513.6132512,0.0427949412539959,2598.69811248794,849.997575949699,21989.9764600149,32176.8730609676,7712.11851319815,11044.109010921,1.29279330054221,1.46054947025787,30,2014-11-15,NA,562.389349454912,171.018983459975
240,1.37667138540004,27655.9456417919,9551.70609924692,92004680.9409268,0.0427949412539959,2688.76557118382,877.263663065973,22385.9651222716,32925.9261613121,7832.26931963761,11271.1428788562,1.29279330054221,1.46054947025787,31,2014-11-16,NA,572.520881300636,173.592337187365
241,1.37667138540004,28238.7659606144,9727.90759098398,95451567.2719586,0.0427949412539959,2781.30050869161,905.196759403623,22787.4169635789,33690.11495765,7953.72194255288,11502.0932394151,1.29279330054221,1.46054947025787,32,2014-11-17,NA,582.820318822593,176.201491737062
242,1.37667138540004,28832.055798758,9906.75438277219,99015781.1757098,0.0427949412539959,2876.35521867214,933.808746550239,23194.3995701606,34469.7120273554,8076.48923953372,11737.0195260107,1.29279330054221,1.46054947025787,33,2014-11-18,NA,593.289838143577,178.84679178821
243,1.37667138540004,29435.9874172263,10088.2829617337,102701037.152161,0.0427949412539959,2973.9827902262,963.111642621822,23606.9811483829,35264.9936860696,8200.58414219497,11975.9817812725,1.29279330054221,1.46054947025787,34,2014-11-19,NA,603.931618468239,181.528578961552
244,1.37667138540004,30050.7352581239,10272.530153242,106511158.318048,0.0427949412539959,3074.23710793873,993.117600681347,24025.230526564,36076.2399896838,8326.01965590653,12219.0406505774,1.29279330054221,1.46054947025787,35,2014-11-20,NA,614.74784089762,184.247191508221
245,1.37667138540004,30676.4759452004,10459.5331171959,110450079.137262,0.0427949412539959,3177.17285141037,1023.83890702843,24449.2171564361,36903.7347339648,8452.80885942015,12466.2573749716,1.29279330054221,1.46054947025787,36,2014-11-21,NA,625.740687076552,187.00296395391
246,1.37667138540004,31313.3882830865,10649.3293439585,114521848.195363,0.0427949412539959,3282.84549408921,1055.28797930608,24879.0111146716,37747.7654515013,8580.96490451856,12717.6937833984,1.29279330054221,1.46054947025787,37,2014-11-22,NA,636.912337886031,189.796226762601
247,1.37667138540004,31961.6532550982,10841.9566499277,118730631.017028,0.0427949412539959,3391.3113013603,1087.47736441587,25314.683104432,38608.6234057644,8710.50101567256,12973.4122841828,1.29279330054221,1.46054947025787,38,2014-11-23,NA,648.264972011712,192.627305969194
248,1.37667138540004,32621.4540195589,11037.4531727308,123080712.925623,0.0427949412539959,3502.62732794221,1120.41973625822,25756.3044567921,39486.6035823256,8841.43048966472,13233.4758557969,1.29279330054221,1.46054947025787,39,2014-11-24,NA,659.800764460677,195.496522803163
249,1.37667138540004,33292.9759046254,11235.8573660459,127576501.944188,0.0427949412539959,3616.85141453526,1154.1278932854,26203.9471321363,40382.0046771145,8973.76669520657,13497.9480368853,1.29279330054221,1.46054947025787,40,2014-11-25,NA,671.521885066548,198.404193315115
250,1.37667138540004,33976.4064014801,11437.2079940145,132222531.736171,0.0427949412539959,3734.0421836519,1188.61475584916,26657.6837215224,41295.1290814378,9107.52307255011,13766.8929154788,1.29279330054221,1.46054947025787,41,2014-11-26,NA,683.430496854678,201.350627968521
251,1.37667138540004,34671.935155832,11641.5441252365,137023464.584652,0.0427949412539959,3854.25903459858,1223.89336333823,27117.5874480187,42226.2828636452,9242.71313309356,14040.3751173794,1.29279330054221,1.46054947025787,42,2014-11-27,NA,695.528754351886,204.33613122202
252,1.37667138540004,35379.7539576808,11848.9051263415,141984094.408751,0.0427949412539959,3977.56213758399,1259.97687110084,27583.7321680162,43175.7757473455,9379.35045898387,14318.4597936992,1.29279330054221,1.46054947025787,43,2014-11-28,NA,707.81880184888,207.361001105024
253,1.37667138540004,36100.0567292639,12059.3306551186,147109349.815523,0.0427949412539959,4104.0124269073,1296.8785471433,28056.1923725255,44143.9210860022,9517.4487027177,14601.2126075194,1.29279330054221,1.46054947025787,44,2014-11-29,NA,720.30277158301,210.425528777061
254,1.37667138540004,36833.0395111009,12272.8606531888,152404297.18546,0.0427949412539959,4233.67159318099,1334.6117685946,28535.0431884662,45131.0358337357,9657.02158674334,14888.6997196342,1.29279330054221,1.46054947025787,45,2014-11-30,NA,732.982781837076,213.529998070184
255,1.37667138540004,37578.9004460973,12489.5353382156,157874143.789892,0.0427949412539959,4366.60207456566,1373.19001793444,29020.3603799486,46137.440512246,9798.08290306413,15180.9877733671,1.29279330054221,1.46054947025787,46,2014-12-01,NA,745.860934996337,216.674685026868
256,1.37667138540004,38337.8397615887,12709.3951956282,163524240.937845,0.0427949412539959,4502.8670469521,1412.62687896991,29512.2203495626,47163.4591736148,9940.64651284717,15478.1438784092,1.29279330054221,1.46054947025787,47,2014-12-02,NA,758.939315491443,219.859857412564
257,1.37667138540004,39110.0597492394,12932.4809698384,169360087.149916,0.0427949412539959,4642.53041304049,1452.93603255066,30010.7001396801,48209.4193587988,10084.7263460391,15780.2355936377,1.29279330054221,1.46054947025787,48,2014-12-03,NA,772.219987650729,223.085774210209
258,1.37667138540004,39895.7647427558,13158.8336549512,175387331.35694,0.0427949412539959,4785.65679029625,1494.13125202076,30515.8774337752,49275.6520517365,10230.3364009905,16087.3309089119,1.29279330054221,1.46054947025787,49,2014-12-04,NA,785.704993516381,226.352685112754
259,1.37667138540004,40695.1610933422,13388.4944849539,181611776.120783,0.0427949412539959,4932.31149774353,1536.22639840054,31027.8305577649,50362.4916289195,10377.4907440888,16399.4982258189,1.29279330054221,1.46054947025787,50,2014-12-05,NA,799.39635058635,229.660830002706
260,1.37667138540004,41508.4571427237,13621.5049233441,188039380.873544,0.0427949412539959,5082.56054149614,1579.23541527396,31546.6384813912,51470.2758040561,10526.2035094072,16716.8063372811,1.29279330054221,1.46054947025787,51,2014-12-06,NA,813.296049381483,233.010438390289
261,1.37667138540004,42335.8631937361,13857.9066522048,194676265.172631,0.0427949412539959,5236.47059902508,1623.17232338661,32072.3808196469,52599.3455678252,10676.4888983671,17039.3244060426,1.29279330054221,1.46054947025787,52,2014-12-07,NA,827.406051012396,236.401728860685
262,1.37667138540004,43177.5914784416,14097.7415607237,201528711.968677,0.0427949412539959,5394.10900215985,1668.05121495741,32605.1378342083,53750.0451226749,10828.3611794072,17367.1219420402,1.29279330054221,1.46054947025787,53,2014-12-08,NA,841.728284705576,239.834908518851
263,1.37667138540004,44033.8561235837,14341.0517331138,208603170.881798,0.0427949412539959,5555.54371868308,1713.88624766982,33144.9904349649,54922.7218122026,10981.8346876809,17700.2687785466,1.29279330054221,1.46054947025787,54,2014-12-09,NA,856.264645142117,243.310172390105
264,1.37667138540004,44904.8731133053,14587.8794359232,215906261.482359,0.0427949412539959,5720.84333250331,1760.6916383424,33692.0201815988,56117.7260450118,11136.9238247721,18038.8350470743,1.29279330054221,1.46054947025787,55,2014-12-10,NA,871.016989721582,246.827702809387
265,1.37667138540004,45790.8602490809,14838.2671047293,223444776.572385,0.0427949412539959,5890.07702237952,1808.48165627765,34246.309285217,57335.4112129447,11293.6430584251,18382.8911510335,1.29279330054221,1.46054947025787,56,2014-12-11,NA,885.987135775526,250.387668806128
