"days.to.today","cases.estimated","cases.estimated.sd","cases.reported","cases.reported.sd","cases.observed","cases.estimated.l95","cases.estimated.u95","cases.reported.l95","cases.reported.u95","new.cases.estimated","new.cases.reported"
-143,990.737780950447,20.4676760924824,343.172295055034,2.19683279449364,NA,950.621135809181,1030.85442609171,338.866502777826,347.478087332241,NA,NA
-142,1015.1042721042,20.5287261693077,358.078854349095,2.2256316726236,NA,974.867968812358,1055.34057539604,353.716616270753,362.441092427437,24.3664911537543,14.9065592940615
-141,1039.91673753472,20.56920364549,373.169476599238,2.24154340892451,NA,999.601098389564,1080.23237667989,368.776051517746,377.56290168073,24.8124654305238,15.0906222501432
-140,1065.18356626452,20.5879389238178,388.447093970744,2.24391395006924,NA,1024.83120597384,1105.53592655521,384.049022628609,392.84516531288,25.2668287297988,15.2776173715061
-139,1090.91335563555,20.5837310607373,403.914713014597,2.23208743680169,NA,1050.5692427565,1131.25746851459,399.539821638465,408.289604390728,25.7297893710236,15.4676190438524
-138,1117.1149051027,20.5553461193457,419.575409247835,2.20540301423776,NA,1076.82642670878,1157.40338349661,415.252819339929,423.897999155741,26.2015494671489,15.6606962332385
-137,1143.7972165764,20.5015166902853,435.432325780781,2.16319321724419,NA,1103.61424386344,1183.98018928936,431.192467074983,439.67218448658,26.6823114737074,15.8569165329461
-136,1170.96949241447,20.420941066572,451.488670594182,2.10478299782941,NA,1130.94444792399,1210.99453690495,447.363295918437,455.614045269928,27.1722758380633,16.056344813401
-135,1198.64113580007,20.3122841065082,467.747715295329,2.02949076112626,NA,1158.82905895132,1238.45321264883,463.769913403521,471.725517187136,27.671643385605,16.2590447011464
-134,1226.82175347075,20.1741786838382,484.212795282692,1.93663212802926,NA,1187.28036325043,1266.36314369107,480.416996311754,488.008594253629,28.1806176706791,16.4650799873631
-133,1255.52115490786,20.0052280255605,500.887307849502,1.825527063556,NA,1216.31090797776,1294.73140183795,497.309274804932,504.465340894072,28.6994014371057,16.67451256681
-132,1284.74936027186,19.8040106972739,517.774715393146,1.69551549427797,NA,1245.9334993052,1323.56522123851,514.451505024361,521.097925761931,29.228205363999,16.8874075436439
-131,1314.51660397138,19.569086166637,534.878546027127,1.54598756896358,NA,1276.16119508477,1352.87201285799,531.848410391959,537.908681662296,29.7672436995254,17.1038306339815
-130,1344.83333149623,19.2990023514093,552.20239032704,1.37644657789434,NA,1307.00728688747,1382.65937610499,549.504555034367,554.900225619713,30.3167275248475,17.3238442999128
-129,1375.71020645761,18.9923065039305,569.749903966296,1.18665702908548,NA,1338.48528570991,1412.93512720531,567.424056189288,572.075751743303,30.8768749613823,17.5475136392555
-128,1407.15811753176,18.647561011281,587.524810225599,0.977032845475332,NA,1370.60889794965,1443.70733711387,585.609825848467,589.43979460273,31.447911074152,17.7749062593033
-127,1439.18817670273,18.2633633100351,605.53089754333,0.749864910141523,NA,1403.39198461506,1474.9843687904,604.061162319453,607.000632767208,32.0300591709647,18.0060873177316
-126,1471.81172863419,17.8383741759462,623.772023354469,0.514431532335273,NA,1436.84851524933,1506.77494201904,622.763737551092,624.780309157846,32.6235519314596,18.2411258111385
-125,1505.04035680544,17.3713566504096,642.252116027252,0.317037989809697,NA,1470.99249777064,1539.08821584024,641.630721567225,642.873510487279,33.2286281712531,18.4800926727826
-124,1538.88588052042,16.8612292882467,660.975171699368,0.338969211238149,759,1505.83787111546,1571.93388992538,660.310792045341,661.639551353394,33.8455237149792,18.7230556721162
-123,1573.36036884235,16.3071425181485,679.945260511433,0.599576658819277,NA,1541.39836950677,1605.32236817792,678.770090260147,681.120430762719,34.4744883219262,18.9700888120652
-122,1608.47614850028,15.708585612625,699.166529376831,0.945175693958808,NA,1577.68732069954,1639.26497630103,697.313985016672,701.01907373699,35.1157796579394,19.2212688653982
-121,1644.24579774866,15.0655383716714,718.643197030398,1.33553916827128,NA,1614.71734254019,1673.77425295714,716.025540260586,721.26085380021,35.7696492483778,19.476667653567
-120,1680.68215703225,14.378696191495,738.37955830901,1.76251883911567,NA,1652.49991249692,1708.86440156758,734.925021384344,741.834095233677,36.4363592835916,19.7363612786122
-119,1717.79833665119,13.6498021413116,758.379986704705,2.22431414362289,NA,1691.04472445422,1744.55194884816,754.020330983204,762.739642426206,37.1161796189338,20.0004283956948
-118,1755.60771939407,12.8821477317234,778.6489341545,2.72092141397952,NA,1730.3587098399,1780.85672894825,773.3159281831,783.9819401259,37.8093827428866,20.2689474497948
-117,1794.12397200046,12.0813397947319,799.190935544573,3.25301154824252,NA,1770.44454600279,1817.80339799814,792.815032910018,805.566838179129,38.5162526063873,20.5420013900732
-116,1833.36105016336,11.2564886932048,820.010609671824,3.82156959642061,NA,1811.29833232468,1855.42376800204,812.52033326284,827.500886080809,39.2370781628968,20.8196741272512
-115,1872.97594640223,10.4698682447687,840.924057432446,4.39077465133245,NA,1852.45500464248,1893.49688816197,832.318139115834,849.529975749058,39.6148962388695,20.9134477606216
-114,1912.65807063569,9.7717618356118,861.767193393458,4.92751892308542,NA,1893.50541743789,1931.81072383349,852.10925630421,871.425130482705,39.6821242334643,20.8431359610116
-113,1952.46631975205,9.15898746862902,882.571504489444,5.43601989793082,NA,1934.51470431354,1970.41793519056,871.9169054895,893.226103489389,39.8082491163593,20.8043110959867
-112,1992.45387141674,8.63024632382592,903.36503135508,5.91969819834345,NA,1975.53858862204,2009.36915421143,891.762422886327,914.967639823834,39.9875516646844,20.7935268656361
-111,2032.66960641194,8.18550965981398,924.173172845138,6.3813023133685,NA,2016.62600747871,2048.71320534518,911.665820310936,936.68052537934,40.2157349952081,20.8081414900577
-110,2073.15906389981,7.82532997620849,945.019230165623,6.82303447613751,NA,2057.82141714644,2088.49671065318,931.646082592393,958.392377738852,40.489457487864,20.8460573204845
-109,2113.96529943885,7.55009095441148,965.924887781684,7.24667386785024,NA,2099.16712116821,2128.7634777095,951.721407000698,980.128368562671,40.8062355390434,20.9056576160616
-108,2155.1296406552,7.35931779892642,986.910630362569,7.65367068308713,NA,2140.70537776931,2169.5539035411,971.909435823719,1001.91182490142,41.1643412163517,20.9857425808851
-107,2196.69223552388,7.25111282544359,1007.99604434473,8.04521635829616,NA,2182.48005438601,2210.90441666175,992.227420282468,1023.76466840699,41.5625948686784,21.0854139821588
-106,2238.69264211135,7.22187008314564,1029.20013310733,8.42231300634317,779,2224.53777674838,2252.84750747431,1012.6923996149,1045.70786659977,42.0004065874664,21.2040887626043
-105,2281.17028446989,7.26633326704855,1050.54155728747,8.78581998638233,NA,2266.92827126648,2295.41229767331,1033.32135011416,1067.76176446078,42.477642358544,21.3414241801383
-104,2324.1648451098,7.37795784400099,1072.03883760742,9.13649385538741,NA,2309.70404773556,2338.62564248404,1054.13130965087,1089.94636556398,42.9945606399078,21.4972803199537
-103,2367.71663037839,7.54947066801946,1093.71053936787,9.4750212832729,NA,2352.91966786907,2382.51359288771,1075.13949765266,1112.28158108309,43.5517852685916,21.6717017604476
-102,2411.86688252168,7.77346962697895,1115.57542614359,9.80204541621268,844,2396.6308820528,2427.10288299056,1096.36341712782,1134.78743515937,44.1502521432853,21.8648867757224
-101,2456.65806347608,8.04294016460217,1137.65259590311,10.1181880602938,NA,2440.89390075346,2472.4222261987,1117.82094730493,1157.48424450129,44.7911809544034,22.077169759516
-100,2502.13411555447,8.35162539860651,1159.96160258307,10.4240682346225,888,2485.7649297732,2518.50330133574,1139.53042884321,1180.39277632293,45.4760520783861,22.3090066799632
-99,2548.34070408946,8.69424107362993,1182.52256599922,10.7203178588347,NA,2531.29999158515,2565.38141659378,1161.51074299591,1203.53438900254,46.2065885349984,22.5609634161494
-98,2595.32544647014,9.06656290630611,1205.35627257675,11.00759544964,NA,2577.55498317378,2613.0959097665,1183.78138549545,1226.93115965804,46.9847423806714,22.8337065775227
-97,2643.1381301326,9.46542534612652,1228.48426839487,11.2865981508148,NA,2624.58589645419,2661.69036381101,1206.36253601927,1250.60600077046,47.8126836624642,23.1279958181219
-96,2691.83092742435,9.88866758257581,1251.92894857237,11.558072686096,964,2672.4491389625,2711.21271588619,1229.27512610763,1274.58277103712,48.6927972917447,23.4446801775068
-95,2741.45860820488,10.3350529819747,1275.71364350867,11.8228254049646,NA,2721.20190436021,2761.71531204955,1252.54090571494,1298.8863813024,49.6276807805325,23.7846949362922
-94,2792.07875306606,10.80417958434,1299.86270344244,12.0817314500343,982,2770.90256108075,2813.25494505137,1276.18250980037,1323.54289708451,50.6201448611828,24.1490599337751
-93,2843.75196916705,11.2963915158698,1324.40158232145,12.3357433854623,NA,2821.61104179594,2865.89289653815,1300.22352528594,1348.57963935696,51.6732161009868,24.5388788790074
-92,2896.54211126632,11.8126958408537,1349.35692222292,12.5858993533015,NA,2873.38922741824,2919.69499511439,1324.68855949045,1374.02528495539,52.7901420992694,24.9553399014731
-91,2950.51650859512,12.3546865071922,1374.75663861295,12.833330708414,1048,2926.30132304102,2974.73169414921,1349.60331042445,1399.90996680144,53.9743973287987,25.3997163900228
-90,3005.74620076962,12.924475055311,1400.63000791992,13.0792691558679,NA,2980.41422966122,3031.07817187803,1374.99464037442,1426.26537546542,55.2296921745096,25.8733693069773
-89,3062.30618032516,13.5246273274598,1427.00775623282,13.3250533709982,NA,3035.79791076334,3088.81444988698,1400.89065162566,1453.12486083997,56.5599795555327,26.3777483128943
-88,3120.27565876712,14.1581052849449,1453.92215693801,13.572134477892,1093,3092.52577240863,3148.02554512561,1427.32077336135,1480.52354051468,57.969478441963,26.9144007051971
-87,3179.73833784514,14.8282124873337,1481.40712860074,13.8220813729138,NA,3150.67504136997,3208.80163432031,1454.31584910983,1508.49840809165,59.4626790780198,27.4849716627291
-86,3240.7826845958,15.5385437406174,1509.4983324152,14.0765844190154,NA,3210.32713886419,3271.23823032741,1481.90822695393,1537.08843787647,61.0443467506557,28.0912038144609
-85,3303.50223521259,16.2929379441637,1538.23328071541,14.3374578923746,1201,3271.56807684203,3335.43639358315,1510.13186324635,1566.33469818446,62.7195506167905,28.7349483002038
-84,3367.99591467964,17.0954346196569,1567.65145029687,14.6066412410952,NA,3334.48886282511,3401.50296653416,1539.02243346432,1596.28046712941,64.4936794670489,29.4181695814607
-83,3434.36836968146,17.9502344796597,1597.79439929333,14.8861985527946,NA,3399.18591010132,3469.55082926159,1568.61745012985,1626.97134845681,66.3724550018214,30.1429489964607
-82,3502.73032613345,18.8616644342137,1628.70589264554,15.1783161381397,NA,3465.76146384239,3539.69918842451,1598.95639301478,1658.45539227629,68.3619564519968,30.9114933522071
-81,3573.19896104846,19.8341481005284,1660.43203130857,15.4852984725449,1322,3534.32403077143,3612.0738913255,1630.08084630238,1690.78321631476,70.4686349150111,31.7261386630353
-80,3645.89830521102,20.8721807409856,1693.02139248489,15.8095613923019,NA,3604.98883095869,3686.80777946335,1662.03465215598,1724.0081328138,72.699344162555,32.5893611763177
-79,3720.95966542617,21.9803107489377,1726.52517558521,16.1536237138901,NA,3677.87825635825,3764.04107449409,1694.86407310599,1758.18627806444,75.061360215152,33.5037831003253
-78,3798.52206476138,23.1631280299772,1760.99735306753,16.520097614452,1437,3753.12233382263,3843.92179570014,1728.6179617432,1793.37674439186,77.5623993352101,34.4721774823158
-77,3878.73272012349,24.4252570050112,1796.49483458949,16.9116765224857,NA,3830.85921639367,3926.60622385332,1763.34794860541,1829.64172057356,80.210655362112,35.4974815219557
-76,3961.74754675149,25.7713556041781,1833.0776395442,17.3311219162896,1599,3911.2356897673,4012.25940373568,1799.10864058827,1867.04663850013,83.0148266279989,36.5828049547115
-75,4047.73168718163,27.2061201703689,1870.80907669498,17.7812497769311,NA,3994.40769164771,4101.05568271556,1835.95782713219,1905.66032625776,85.984140430141,37.7314371507794
-74,4136.86007555197,28.7342947735028,1909.75593547865,18.2649165725851,NA,4080.5408577959,4193.17929330803,1873.95669899639,1945.55517196092,89.1283883703345,38.9468587836755
-73,4229.31803873567,30.3606845133876,1949.98868933265,18.7850057251397,1702,4169.81109708943,4288.82498038191,1913.17007811138,1986.80730055392,92.457963183705,40.2327538539973
-72,4325.30192715347,32.0901728374555,1991.58170764703,19.3444148920055,NA,4262.40518839206,4388.19866591488,1953.6666544587,2029.49676083536,95.9838884177962,41.5930183143782
-71,4425.01979361759,33.9277412038401,2034.61348404648,19.9460450214736,1766,4358.52142085806,4491.51816637712,1995.51923580439,2073.70773228857,99.7178664641197,43.0317763994542
-70,4528.69210553218,35.8784924155725,2079.16687429077,20.5927902119537,NA,4458.37026039766,4599.0139506667,2038.80500547534,2119.5287431062,103.672311914588,44.5533902442858
-69,4636.55249462382,37.9476759214212,2125.32934534233,21.2875342357635,NA,4562.17504981783,4710.9299394298,2083.60577824024,2167.05291244443,107.860389091639,46.1624710515657
-68,4748.84856346527,40.1407127600986,2173.19324353705,22.0331470962747,1835,4670.17276645547,4827.52436047506,2130.00827522835,2216.37821184575,112.29606884145,47.8638981947156
-67,4865.84273478708,42.4632230044621,2222.85607544508,22.8324850740747,NA,4782.61481769833,4949.07065187582,2178.1044046999,2267.60774619027,116.99417132181,49.6628319080337
-66,4987.81314894448,44.9210561701793,2274.42080338155,23.6883930646,1963,4899.76787885093,5075.85841903803,2227.99155297493,2320.85005378816,121.970414157408,51.5647279364648
-65,5115.05461877257,47.5203201983836,2327.99615909864,24.6037118962736,NA,5021.91479118374,5208.1944463614,2279.77288378194,2376.21943441533,127.241469828087,53.5753557170897
-64,5247.87963972746,50.2674119743499,2383.69697433778,25.5812876412748,2115,5149.35551225774,5346.40376719719,2333.55765056089,2433.83629811468,132.825020954891,55.7008152391477
-63,5386.61945769897,53.1690518378714,2441.64452883191,26.6239833098271,NA,5282.40811609675,5490.8307993012,2389.46152154465,2493.82753611917,138.739817971513,57.9475544941261
-62,5531.62520437352,56.2323139916944,2501.96691944852,27.7346938309699,NA,5421.4098689498,5641.84053979724,2447.60691953982,2556.32691935722,145.005746674549,60.3223906166122
-61,5683.26909733004,59.464659913588,2564.79944880103,28.9163621553685,2225,5566.71836389941,5799.81983076067,2508.1233789765,2621.47551862555,151.643892956518,62.8325293525022
-60,5841.94571012306,62.8739732675164,2630.28503503306,30.1719967482141,NA,5718.71272251873,5965.17869772739,2571.14792140656,2689.42214865956,158.676612793017,65.4855862320383
-59,6005.4428550866,66.3276276376516,2697.49334758725,31.4505895912539,2458,5875.44070491681,6135.4450052564,2635.85019198839,2759.13650318611,163.497144963544,67.2083125541844
-58,6171.54220546748,69.69761000753,2765.50253042036,32.7015329203605,NA,6034.93488985272,6308.14952108224,2701.40752589646,2829.59753494427,166.099350380875,68.0091828331138
-57,6340.60167054216,72.9991443779965,2834.45227303906,33.928821686786,2599,6197.52334756129,6483.67999352304,2767.95178253296,2900.95276354516,169.059465074684,68.9497426186945
-56,6512.92721602203,76.2469175394977,2904.45952589025,35.1366744098813,NA,6363.48325764462,6662.37117439945,2835.59164404689,2973.32740773362,172.325545479869,70.0072528511973
-55,6688.78475076401,79.4551940989625,2975.62366446288,36.3294404750651,NA,6533.05257033005,6844.51693119798,2904.41796113176,3046.82936779401,175.857534741981,71.1641385726302
-54,6868.40923120048,82.6379742607834,3048.03043177061,37.5115698622084,NA,6706.43880164934,7030.37966075161,2974.50775484068,3121.55310870053,179.624480436465,72.4067673077225
-53,7052.01298837514,85.8093336294165,3121.75549256661,38.6876733773347,NA,6883.82669446148,7220.19928228879,3045.92765274703,3197.58333238619,183.60375717466,73.7250607960027
-52,7239.79001567039,88.9836233232439,3196.86630348471,39.8625527837439,3052,7065.38211395684,7414.19791738395,3118.73570002857,3274.99690694085,187.777027295257,75.1108109181027
-51,7431.921613855,92.1757540423411,3273.42448820195,41.0412730246118,NA,7251.25713593202,7612.58609177799,3192.98359307371,3353.86538333019,192.131598184609,76.5581847172384
-50,7628.57983338842,95.4014513943004,3351.48729290224,42.2292319108862,NA,7441.59298865559,7815.56667812124,3268.7179983569,3434.25658744757,196.658219533412,78.0628047002861
-49,7829.93015580329,98.6774394529736,3431.10871317276,43.4322108701789,NA,7636.52237447546,8023.33793713112,3345.9815798672,3516.23584647831,201.350322414872,79.6214202705191
-48,8036.13398679101,102.021616682814,3512.34052538004,44.6564263650953,NA,7836.17161809269,8236.09635548932,3424.81392970445,3599.86712105563,206.203830987721,81.2318122072847
-47,8247.35042050594,105.453197074044,3595.23301257382,45.9085720001981,NA,8040.66215424081,8454.03868677107,3505.25221145344,3685.21381369421,211.216433714932,82.8924871937843
-46,8463.73771448873,108.992809949551,3679.83556360469,47.1958482060157,3685,8250.11180698761,8677.36362198985,3587.3317011209,3772.33942608848,216.387293982794,84.6025510308664
-45,8685.45450779943,112.662570902323,3766.19716099912,48.5259832483193,NA,8464.63586883088,8906.27314676798,3671.08623383241,3861.30808816582,221.716793310694,86.3615973944279
-44,8912.6607742191,116.486115844916,3854.36675692317,49.9072425597193,NA,8684.34798716306,9140.97356127513,3756.54856150612,3952.18495234022,227.206266419669,88.169595924051
-43,9145.51862393561,120.48859993368,3944.39358357937,51.3484266514283,3978,8909.3609680656,9381.67627980562,3843.75066734257,4045.03649981617,232.857849716513,90.026826656198
-42,9384.19296474512,124.696664635355,4036.32740374303,52.8588584491043,NA,9139.78750205983,9628.59842743042,3932.72404118279,4139.93076630328,238.674340809512,91.9338201636638
-41,9628.85205771342,129.138372310816,4130.21871617367,54.4483595408809,NA,9375.74084798422,9881.96326744262,4023.49993147354,4236.9375008738,244.659092968301,93.8913124306396
-40,9879.66798871497,133.843112604377,4226.11892508603,56.1272164142384,NA,9617.33548801039,10142.0004894196,4116.10958091412,4336.12826925794,250.815931001553,95.9002089123578
-39,10136.8170807335,138.841484503756,4324.08048395024,57.906137682278,4366,9864.68777110618,10408.9463903609,4210.58445409298,4437.57651380751,257.149092018562,97.9615588642146
-38,10400.4802526791,144.165159692438,4424.15701636755,59.7962038625359,NA,10117.9165396819,10683.0439656763,4306.95645679698,4541.35757593812,263.663171945587,100.076532417303
-37,10670.8433584449,149.846737387775,4526.40342727535,61.8088129749664,NA,10377.1437531649,10964.542963725,4405.25815384441,4647.54870070628,270.363105765817,102.2464109078
-36,10948.0974720972,155.919584476038,4630.87599183996,63.9556191017691,4823,10642.4950865242,11253.6998576702,4505.5229784005,4756.22900527943,277.254113652252,104.472564564617
-35,11232.4391667372,162.417690586773,4737.63244036905,66.2484748165371,NA,10914.1004931871,11550.7778402872,4607.78542972863,4867.47945100946,284.341694639967,106.756448529084
-34,11524.0707597389,169.375523142965,4846.7320291179,68.699371675893,NA,11192.0947343787,11856.0467850991,4712.08126063315,4981.38279760265,291.631593001748,109.099588748856
-33,11823.2007131917,176.827926434786,4958.23566768096,71.3203942706905,NA,11476.6179773795,12169.7834490039,4818.44769491041,5098.02364045151,299.129953452815,111.503638563056
-32,12130.0436231779,184.809988633166,5072.2058913901,74.1236622746522,5317,11767.8160454569,12492.2712008989,4926.92351333179,5217.48826944842,306.842909986159,113.970223709144
-31,12444.8206580685,193.357005720607,5188.70700038877,77.1213047356188,NA,12065.8409268561,12823.8003892809,5037.54924310696,5339.86475767059,314.77703489064,116.501108998671
-30,12767.7597295628,202.504416387386,5307.80509767745,80.3254241138971,NA,12370.8510734435,13164.6683856821,5150.36726641422,5465.24292894069,322.939071494302,119.098097288679
-29,13099.0957298188,212.287810808235,5429.56815077507,83.7480859093887,5740,12683.0116206347,13515.179839003,5265.42190239267,5593.71439915747,331.336000256006,121.763053097613
-28,13439.0708450634,222.742940630263,5554.06608030126,87.4013102290128,NA,13002.4946814281,13875.6470086987,5382.75951225239,5725.37264835012,339.97511524459,124.497929526188
-27,13787.9348140183,233.905759928425,5681.37082686725,91.2970734895977,NA,13329.4795245586,14246.390103478,5502.42856282764,5860.31309090686,348.863968954898,127.304746565998
-26,14145.9451239268,245.812531021698,5811.55639410669,95.4473350471164,NA,13664.1525631242,14627.7376847293,5624.47961741434,5998.63317079903,358.010309908439,130.185567239432
-25,14513.3671702617,258.499857360876,5944.69887779599,99.8640397772241,6242,14006.7074498343,15020.026890689,5748.96535983263,6140.43239575935,367.422046334903,133.142483689302
-24,14890.4747758801,272.004883226227,6080.87662426931,104.559179786957,NA,14357.3452047567,15423.6043470035,5875.94063188688,6285.81261665175,377.107605618443,136.177746473327
-23,15277.5503408038,286.365398138024,6220.1702531692,109.544824758696,6553,14716.2741604533,15838.8265211544,6005.46239664216,6434.87810969625,387.075564923729,139.293628899889
-22,15674.8850807662,301.619941639681,6362.66271163846,114.833153504758,NA,15083.7099951524,16266.0601663799,6137.58973076913,6587.73569250778,397.334739962336,142.492458469252
-21,16082.779329342,317.807961371778,6508.43935030473,120.436505093173,6787,15459.8757250533,16705.6829336307,6272.38380032211,6744.49490028735,407.894248575831,145.776638666275
-20,16501.5429859537,334.97004161215,6657.58804991985,126.367455117696,NA,15845.0017043939,17158.0842675135,6409.90783788917,6905.26826195054,418.763656611687,149.148699615122
-19,16931.4955563284,353.147929111573,6810.19920117913,132.638822350965,NA,16239.3256152697,17623.6654973871,6550.22710937124,7070.17129298702,429.952570374691,152.611151259276
-18,17372.9667046955,372.384794137864,6966.36586590764,139.263756898766,7170,16643.0925081853,18102.8409012057,6693.40890238606,7239.32282942922,441.471148367131,156.166664728509
-17,17826.2964819691,392.725376185977,7126.18382128545,146.255788438803,NA,17056.5547446446,18596.0382192936,6839.5224759454,7412.8451666255,453.3297772736,159.817955377812
-16,18291.8355598835,414.21606218256,7289.75160541754,153.628851081036,NA,17479.9720780057,19103.6990417613,6988.63905729871,7590.86415353637,465.539077914407,163.567784132088
-15,18769.9458283027,436.905157835803,7457.17068930843,161.397374182577,7470,17913.6117189445,19626.2799376609,7140.83183591058,7773.50954270628,478.110268419186,167.419083890894
-14,19261.0006361124,460.843023580044,7628.54552156418,169.576325896261,NA,18357.7483098955,20164.2529623293,7296.17592280751,7960.91512032085,491.054807809734,171.374832255748
-13,19765.3850712404,486.082183801391,7803.98358595653,178.181246936617,NA,18812.6639909897,20718.1061514912,7454.74834196076,8153.2188299523,504.384435128009,175.43806439235
-12,20283.4964099536,512.677494393869,7983.59551671043,187.228303589903,NA,19278.6485209416,21288.3442989656,7616.62804167422,8350.56299174664,518.11133871317,179.611930753898
-11,20815.7445065973,540.686338556512,8167.49519129828,196.73434935309,8011,19755.9992830265,21875.4897301681,7781.89586656623,8553.09451603034,532.248096643692,183.899674587854
-10,21362.5521954976,570.168762079372,8355.79982588648,206.716965078518,NA,20245.0214218221,22480.0829691732,7950.63457433258,8760.96507744037,546.807688900335,188.304634588194
-9,21924.3556888541,601.187639402495,8548.63006783062,217.194508631299,8376,20746.0279156252,23102.683462083,8122.92883091327,8974.33130474796,561.803493356489,192.830241944142
-8,22501.6049969036,633.808852274055,8746.11009426859,228.186167847521,NA,21259.3396464464,23743.8703473607,8298.86520528745,9193.35498324973,577.249308049446,197.480026437968
-7,23094.7643817034,668.10143238709,8948.367720561,239.7120003094,NA,21785.2855742248,24404.2431891821,8478.53219995458,9418.20324116742,593.15938479987,202.257626292414
-6,23704.3128026681,704.137731796807,9155.53450415682,251.792981584944,NA,22324.2028483463,25084.4227569898,8662.02026025033,9649.04874806331,609.548420964635,207.166783595823
-5,24330.7443601682,741.993621695998,9367.74584611127,264.451062059893,NA,22876.4368616441,25785.0518586924,8849.42176447388,9886.06992774867,626.43155750016,212.211341954451
-4,24974.5687780829,781.748659462366,9585.14110410844,277.709212062599,8973,23442.3414055367,26506.7961506292,9040.83104846575,10129.4511597511,643.82441791469,217.395257997168
-3,25629.7455204974,817.550621154997,9805.46339375529,289.651331422841,NA,24027.3463030336,27232.1447379611,9237.74678416652,10373.1800033441,655.176742414424,220.322289646843
-2,26309.8094620957,860.919673568064,10033.6138773883,304.043963045545,NA,24622.4069019023,27997.2120222891,9437.687709819,10629.5400449575,680.063941598306,228.150483632979
-1,27008.8869307546,906.419079079921,10267.3889794478,319.101988785828,NA,25232.305535758,28785.4683257513,9641.94908142763,10892.8288774681,699.077468658947,233.775102059584
0,27727.565027883,954.146137199129,10506.9483451573,334.853396040294,NA,25857.4385989727,29597.6914567933,9850.63568891835,11163.2610013963,718.678097128413,239.559365709472
1,28466.4410845355,1004.19921490889,10752.4534885818,351.326258933541,NA,26498.2106233141,30434.6715457569,10063.854021072,11441.0529560915,738.876056652469,245.505143424461
2,29226.127427629,1056.68304018599,11004.0693474408,368.550481435724,NA,27155.0286688644,31297.2261863935,10281.7104038267,11726.4282910548,759.686343093475,251.615858858986
3,30007.2581839196,1111.70733813438,11261.9664860256,386.557326353568,NA,27828.3118011762,32186.204566663,10504.3141263726,12019.6188456786,781.13075629064,257.897138584845
4,30810.487673453,1169.38705973597,11526.3204952391,405.379476049875,NA,28518.4890363705,33102.4863105355,10731.7767221814,12320.8642682969,803.229489533405,264.354009213524
5,31636.4900878499,1229.84260894647,11797.3118236217,425.051088850692,NA,29225.9985743148,34046.981601385,10964.2116894744,12630.4119577691,826.002414396902,270.991328382581
6,32485.9607004377,1293.20013978747,12075.1261120152,445.607877427122,NA,29951.2884264542,35020.6329744211,11201.734672258,12948.5175517724,849.470612587767,277.814288393483
7,33359.6165264289,1359.59179037042,12359.9543436863,467.087166094181,NA,30694.8166173029,36024.416435555,11444.4634981417,13275.4451892309,873.655825991256,284.82823167113
8,34258.1969103108,1429.15593414188,12651.9929684479,489.527952568444,NA,31457.0512793927,37059.3425412289,11692.5181814138,13611.4677554821,898.580383881854,292.038624761602
9,35182.4641652348,1502.03742925238,12951.4440416943,512.970968228281,NA,32238.4708039001,38126.4575265695,11946.0209439669,13956.8671394218,924.267254924009,299.45107324641
10,36133.2041951774,1578.38787494791,13258.5153557131,537.45873969982,NA,33039.5639602795,39226.8444300753,12205.0962259014,14311.9344855247,950.740029942586,307.071314018724
11,37111.2271630609,1658.36587920477,13573.4205837622,563.035653066747,NA,33860.8300398195,40361.6242863022,12469.8707037514,14676.9704637731,978.022967883502,314.905228049174
12,38117.3681683629,1742.13732814314,13896.3794249703,589.748017696039,NA,34702.7790052023,41531.9573315234,12740.4733102861,15052.2855396545,1006.14100530198,322.958841208045
13,39152.4879252587,1829.87565970592,14227.6177471769,617.64413046154,NA,35565.9316322351,42739.0442182823,13017.0352514723,15438.2002428816,1035.11975689581,331.23832220666
14,40217.4734533308,1921.76214147425,14567.3677315926,646.774340321623,NA,36450.8196560413,43984.1272506204,13299.6900245622,15835.045438623,1064.98552807217,339.749984415657
15,41313.2387764817,2017.98615191008,14915.8680178547,677.191113016252,NA,37357.985918738,45268.4916342255,13588.5734363428,16243.1625993665,1095.76532315089,348.500286262059
16,42440.7256287688,2118.74546368297,15273.3638490676,708.949095462519,NA,38287.9845199502,46593.4667375874,13883.8236219611,16662.9040761742,1127.48685228706,357.495831212967
17,43600.9041680883,2224.24652892011,15640.10721712,742.105179806892,NA,39241.3809714049,47960.4273647717,14185.5810646985,17094.6333695415,1160.17853931955,366.743368052381
18,44794.7736954466,2334.70476524696,16016.3570075602,776.718566782623,NA,40218.7523555626,49370.7950353306,14493.9886166663,17538.7253984541,1193.86952735826,376.249790440181
19,46023.3633800112,2450.34484165109,16402.3791441001,812.85082808257,NA,41220.6874903751,50826.0392696474,14809.1915210583,17995.566767142,1228.58968456461,386.022136539937
20,47287.7329881317,2571.40096245318,16798.4467321861,850.565967230694,NA,42247.7871017235,52327.6788745399,15131.3374364139,18465.5560279582,1264.36960812048,396.067588085934
21,48588.9735983363,2698.11714811837,17204.8401960337,889.93047858308,NA,43300.6639880243,53877.2832086483,15460.5764580109,18949.1039340566,1301.2406102046,406.393463847682
22,49928.2083364418,2830.74751326846,17621.847419875,931.013404603354,NA,44379.9432104357,55476.473462448,15797.0611468524,19446.6336928976,1339.23473810554,417.007223841247
23,51306.5931074312,2969.5565376554,18049.7638860926,973.886390132634,NA,45486.2622936267,57126.9239212358,16140.9465614326,19958.5812107526,1378.3847709894,427.916466217608
24,52725.3173133802,3114.8193299453,18488.8928069815,1018.6237336574,NA,46620.2714266874,58830.3632000729,16492.390289013,20485.3953249501,1418.72420594891,439.128920888947
25,54185.6045692916,3266.82188189793,18939.5452539097,1065.30243488502,NA,47782.6336807717,60588.5754578116,16851.5524815351,21027.5380262844,1460.28725591146,450.652446928169
26,55688.7134117522,3425.86130838244,19402.0402823591,1114.00223729296,NA,48974.0252473226,62403.4015761818,17218.5958972649,21585.4846674533,1503.10884246061,462.495028449419
27,57235.9379930288,3592.246078128,19876.7050506564,1164.80566723294,NA,50195.1356798979,64276.7403061597,17593.6859428798,22159.7241584329,1547.22458127661,474.664768297243
28,58828.6087634077,3766.29622505135,20363.8749333605,1217.79806655615,NA,51446.668162307,66210.5493645083,17976.9907229104,22750.7591438106,1592.67077037886,487.169882704125
29,60468.0931286637,3948.34353877229,20863.8936254034,1273.06761844371,NA,52729.3397926701,68206.8464646574,18368.6810932537,23359.1061575531,1639.48436525606,500.018692042904
30,62155.7961104259,4138.73173638716,21377.1132455884,1330.70536719143,NA,54043.8819071071,70267.7103137448,18768.9307258932,23985.2957652836,1687.70298176218,513.219620184991
31,63893.1609704584,4337.81660662313,21903.8944276391,1390.80522936612,NA,55391.0404214771,72395.2815194397,19177.9161780815,24629.8726771967,1737.36486003247,526.781182050658
32,65681.669780804,4545.9661229267,22444.6063935575,1453.46399543151,NA,56771.5761798677,74591.7633817404,19595.8169625117,25293.3958246033,1788.50881034562,540.711965918443
33,67522.8439918563,4763.56052661155,22999.627025295,1518.78132235861,NA,58186.2653596976,76859.4226240149,20022.8156334721,25976.4384171179,1841.17421105225,555.02063173749
34,69418.2449618561,4990.99237271027,23569.3429237921,1586.85971516394,NA,59635.899911344,79200.5900123683,20459.0978820707,26679.5879655134,1895.40096999987,569.71589849707
35,71369.4744374088,5228.66653409915,24154.149452488,1657.80449623466,NA,61121.2880305745,81617.6608442432,20904.852639868,27403.4462651079,1951.22947555271,584.806528695917
36,73378.1749897408,5477.00016029221,24754.450766978,1731.72376157645,NA,62643.254675568,84113.0953039135,21360.2721942881,28148.6293396678,2008.70055233191,600.301314489989
37,75446.0303995674,5736.42258643004,25370.6598289321,1808.72832287101,NA,64202.6421301646,86689.4186689703,21825.5523161049,28915.7673417592,2067.85540982669,616.209061954087
38,77574.7659836282,6007.3751847875,26003.1984024815,1888.93163331748,NA,65800.3106214447,89349.2213458117,22300.8924011793,29705.5044037838,2128.73558406078,632.538573549489
39,79766.1488584957,6290.3111575135,26652.4970320719,1972.44969713355,NA,67437.1389897692,92095.1587272222,22786.4956256901,30518.4984384537,2191.38287486749,649.298629590365
40,82021.9881343371,6585.69526306794,27318.9949999341,2059.40096077764,NA,69114.0254187239,94929.9508499503,23282.56911681,31355.4208830583,2255.83927584138,666.497967862226
41,84344.1350315092,6894.00346970523,28003.1402614239,2149.90618424507,NA,70831.8882308869,97856.3818321314,23789.3241403036,32216.9563825443,2322.14689717206,684.145261489793
42,86734.4829131565,7215.72253086246,28705.3893565972,2244.08829126011,NA,72591.6667526661,100877.299073647,24306.9763057273,33103.802407467,2390.34788164738,702.249095173236
43,89194.9672264594,7551.34947654477,29426.207296269,2342.0721969868,NA,74394.3222524316,103995.612200487,24835.7457901749,34016.6688023631,2460.48431330285,720.817939671822
44,91727.5653445473,7901.39101405699,30166.0674206542,2443.98461169365,NA,76240.8389569956,107214.291732099,25375.8575817347,34956.2772595738,2532.59811808792,739.860124385232
45,94334.296300828,8266.36283154066,30925.4512286463,2549.95381886824,NA,78132.2251510083,110536.367450648,25927.5417436646,35923.3607136281,2606.73095628066,759.38380799213
46,97017.2204072628,8646.78879805104,31704.8481757671,2660.10942638598,NA,80069.5143630827,113964.926451443,26491.0337000506,36918.6626514836,2682.9241064348,779.39694712072
47,99778.4387487155,9043.20005364638,32504.7554390292,2774.58208928854,NA,82053.7666435686,117503.110853862,27066.5745440236,37942.9363340347,2761.21834145278,799.907263262092
48,102620.09254062,9456.13398263219,33325.6776455793,2893.50320265982,NA,84086.0699346607,121154.115146579,27654.411368366,38996.9439227925,2841.65379190425,820.922206550113
49,105544.362343539,9886.13306403637,34168.1265638718,3017.00456338355,NA,86167.5415380277,124921.18314905,28254.79761964,40081.4555081036,2924.26980291924,842.448918292524
50,108553.467127874,10333.7435934152,35032.6207560564,3145.21799959927,NA,88299.3296847803,128807.604570968,28867.9934768419,41197.248035271,3009.10478433501,864.49419218464
51,111649.663173308,10799.5142693285,35919.6851878061,3278.27496647391,NA,90482.6152054242,132816.711141192,29494.2662535172,42345.104122095,3096.19604543394,887.06443174967
52,114835.242794245,11283.9946398577,36829.8507937882,3416.30610751248,NA,92718.6133001241,136951.872288366,30133.8908230637,43525.8107645126,3185.57962093723,910.165605982067
53,118112.532882987,11787.7334072707,37763.6539971557,3559.44078141512,NA,95008.5754047363,141216.490361237,30787.150065582,44740.1579287293,3277.29008874166,933.80320336749
54,121483.893258469,12311.276578788,38721.6361803527,3707.80655163858,NA,97353.7911640441,145613.995352893,31454.3353391411,45988.9370215643,3371.3603754818,957.982183197011
55,124951.714811302,12855.1654666693,39704.3431054063,3861.52864015019,NA,99755.5904966303,150147.839125974,32135.7469707119,47272.9392401007,3467.8215528334,982.706925053608
56,128518.417436792,13419.9345377854,40712.3242821752,4020.72934598248,NA,102215.345742733,154821.489130852,32831.6947640495,48592.9538003008,3566.70262548998,1007.9811767689
